
/home/zarifg/SEDS/onboard/build/pico_sensors.elf:     file format elf32-littlearm

Sections:
Idx Name          Size      VMA       LMA       File off  Algn
  0 .text         0000605c  10000000  10000000  00001000  2**3
                  CONTENTS, ALLOC, LOAD, READONLY, CODE
  1 .rodata       000004d4  10006060  10006060  00007060  2**3
                  CONTENTS, ALLOC, LOAD, READONLY, DATA
  2 .ARM.exidx    00000008  10006534  10006534  00007534  2**2
                  CONTENTS, ALLOC, LOAD, READONLY, DATA
  3 .binary_info  00000020  1000653c  1000653c  0000753c  2**2
                  CONTENTS, ALLOC, LOAD, READONLY, DATA
  4 .psram_load   00000000  11000000  11000000  00009a2c  2**0
                  CONTENTS
  5 .psram_noload 00000000  11000000  11000000  00009a2c  2**0
                  CONTENTS
  6 .xip_ram      00000000  13ffc000  13ffc000  00009a2c  2**0
                  CONTENTS
  7 .ram_vector_table 00000110  20000000  20000000  0000a000  2**2
                  ALLOC
  8 .uninitialized_data 00000000  20000110  20000110  00009a2c  2**0
                  CONTENTS
  9 .data         000014bc  20000110  1000655c  00008110  2**3
                  CONTENTS, ALLOC, LOAD, READONLY, CODE
 10 .tdata        00000000  200015cc  200015cc  00009a2c  2**0
                  CONTENTS, ALLOC, LOAD, DATA, THREAD_LOCAL
 11 .tbss         00000000  200015cc  200015cc  00000000  2**0
                  ALLOC, THREAD_LOCAL
 12 .tbss_space   00000000  200015cc  200015cc  00009a2c  2**0
                  CONTENTS
 13 .bss          00000948  200015d0  10007a18  0000a5d0  2**3
                  ALLOC
 14 .tls0         00000000  20001f18  20001f18  00009a2c  2**0
                  CONTENTS
 15 .tls1         00000000  20001f18  20001f18  00009a2c  2**0
                  CONTENTS
 16 .persistent_data 00000000  20001f18  20001f18  00009a2c  2**0
                  CONTENTS
 17 .dummy_pre_heap 00000000  20001f18  20001f18  00009a2c  2**0
                  CONTENTS
 18 .heap         00000800  20001f18  20001f18  0000a000  2**2
                  ALLOC, READONLY
 19 .scratch_x    00000000  20080000  20080000  00009a2c  2**0
                  CONTENTS
 20 .scratch_y    00000000  20081000  20081000  00009a2c  2**0
                  CONTENTS
 21 .stack_dummy  00000800  20081000  20081000  0000a000  2**5
                  ALLOC, READONLY
 22 .flash_end    00000014  10007a18  10007a18  00009a18  2**2
                  CONTENTS, ALLOC, LOAD, READONLY, DATA
 23 .debug_info   000358c4  00000000  00000000  00009a2c  2**0
                  CONTENTS, READONLY, DEBUGGING, OCTETS
 24 .debug_abbrev 00009175  00000000  00000000  0003f2f0  2**0
                  CONTENTS, READONLY, DEBUGGING, OCTETS
 25 .debug_loclists 0001a63d  00000000  00000000  00048465  2**0
                  CONTENTS, READONLY, DEBUGGING, OCTETS
 26 .debug_aranges 00001348  00000000  00000000  00062aa8  2**3
                  CONTENTS, READONLY, DEBUGGING, OCTETS
 27 .debug_rnglists 000047a8  00000000  00000000  00063df0  2**0
                  CONTENTS, READONLY, DEBUGGING, OCTETS
 28 .debug_line   0002236e  00000000  00000000  00068598  2**0
                  CONTENTS, READONLY, DEBUGGING, OCTETS
 29 .debug_str    00009b16  00000000  00000000  0008a906  2**0
                  CONTENTS, READONLY, DEBUGGING, OCTETS
 30 .comment      00000046  00000000  00000000  0009441c  2**0
                  CONTENTS, READONLY
 31 .ARM.attributes 00000036  00000000  00000000  00094462  2**0
                  CONTENTS, READONLY
 32 .debug_frame  0000345c  00000000  00000000  00094498  2**2
                  CONTENTS, READONLY, DEBUGGING, OCTETS
 33 .debug_line_str 000002bf  00000000  00000000  000978f4  2**0
                  CONTENTS, READONLY, DEBUGGING, OCTETS

/home/zarifg/SEDS/onboard/build/pico_sensors.elf:     file format elf32-littlearm


Disassembly of section .text:

10000000 <__VECTOR_TABLE>:
10000000:	20082000 	.word	0x20082000
10000004:	1000015b 	.word	0x1000015b
10000008:	1000011b 	.word	0x1000011b
1000000c:	1000011d 	.word	0x1000011d
10000010:	10000111 	.word	0x10000111
10000014:	10000111 	.word	0x10000111
10000018:	10000111 	.word	0x10000111
1000001c:	10000111 	.word	0x10000111
10000020:	10000119 	.word	0x10000119
10000024:	10000119 	.word	0x10000119
10000028:	10000119 	.word	0x10000119
1000002c:	1000011f 	.word	0x1000011f
10000030:	10000111 	.word	0x10000111
10000034:	10000119 	.word	0x10000119
10000038:	10000121 	.word	0x10000121
1000003c:	10000123 	.word	0x10000123
10000040:	10000111 	.word	0x10000111
10000044:	10000111 	.word	0x10000111
10000048:	10000111 	.word	0x10000111
1000004c:	10000111 	.word	0x10000111
10000050:	10000111 	.word	0x10000111
10000054:	10000111 	.word	0x10000111
10000058:	10000111 	.word	0x10000111
1000005c:	10000111 	.word	0x10000111
10000060:	10000111 	.word	0x10000111
10000064:	10000111 	.word	0x10000111
10000068:	10000111 	.word	0x10000111
1000006c:	10000111 	.word	0x10000111
10000070:	10000111 	.word	0x10000111
10000074:	10000111 	.word	0x10000111
10000078:	10000111 	.word	0x10000111
1000007c:	10000111 	.word	0x10000111
10000080:	10000111 	.word	0x10000111
10000084:	10000111 	.word	0x10000111
10000088:	10000111 	.word	0x10000111
1000008c:	10000111 	.word	0x10000111
10000090:	10000111 	.word	0x10000111
10000094:	10000111 	.word	0x10000111
10000098:	10000111 	.word	0x10000111
1000009c:	10000111 	.word	0x10000111
100000a0:	10000111 	.word	0x10000111
100000a4:	10000111 	.word	0x10000111
100000a8:	10000111 	.word	0x10000111
100000ac:	10000111 	.word	0x10000111
100000b0:	10000111 	.word	0x10000111
100000b4:	10000111 	.word	0x10000111
100000b8:	10000111 	.word	0x10000111
100000bc:	10000111 	.word	0x10000111
100000c0:	10000111 	.word	0x10000111
100000c4:	10000111 	.word	0x10000111
100000c8:	10000111 	.word	0x10000111
100000cc:	10000111 	.word	0x10000111
100000d0:	10000111 	.word	0x10000111
100000d4:	10000111 	.word	0x10000111
100000d8:	10000111 	.word	0x10000111
100000dc:	10000111 	.word	0x10000111
100000e0:	10000111 	.word	0x10000111
100000e4:	10000111 	.word	0x10000111
100000e8:	10000111 	.word	0x10000111
100000ec:	10000111 	.word	0x10000111
100000f0:	10000111 	.word	0x10000111
100000f4:	10000111 	.word	0x10000111
100000f8:	10000111 	.word	0x10000111
100000fc:	10000111 	.word	0x10000111
10000100:	10000111 	.word	0x10000111
10000104:	10000111 	.word	0x10000111
10000108:	10000111 	.word	0x10000111
1000010c:	10000111 	.word	0x10000111

10000110 <__unhandled_user_irq>:
10000110:	f3ef 8005 	mrs	r0, IPSR
10000114:	3810      	subs	r0, #16

10000116 <unhandled_user_irq_num_in_r0>:
10000116:	be00      	bkpt	0x0000

10000118 <isr_invalid>:
10000118:	be00      	bkpt	0x0000

1000011a <isr_nmi>:
1000011a:	be00      	bkpt	0x0000

1000011c <isr_hardfault>:
1000011c:	be00      	bkpt	0x0000

1000011e <isr_svcall>:
1000011e:	be00      	bkpt	0x0000

10000120 <isr_pendsv>:
10000120:	be00      	bkpt	0x0000

10000122 <isr_systick>:
10000122:	be00      	bkpt	0x0000

10000124 <__default_isrs_end>:
10000124:	7188ebf2 	.word	0x7188ebf2
10000128:	1000653c 	.word	0x1000653c
1000012c:	1000655c 	.word	0x1000655c
10000130:	1000019c 	.word	0x1000019c
10000134:	e71aa390 	.word	0xe71aa390

10000138 <__binary_info_header_end>:
10000138:	ffffded3 	.word	0xffffded3
1000013c:	10210142 	.word	0x10210142
10000140:	000001ff 	.word	0x000001ff
10000144:	000078e0 	.word	0x000078e0
10000148:	ab123579 	.word	0xab123579

1000014c <_entry_point>:
1000014c:	2000      	movs	r0, #0

1000014e <_enter_vtable_in_r0>:
1000014e:	491e      	ldr	r1, [pc, #120]	@ (100001c8 <data_cpy_table+0x2c>)
10000150:	6008      	str	r0, [r1, #0]
10000152:	c806      	ldmia	r0!, {r1, r2}
10000154:	f381 8808 	msr	MSP, r1
10000158:	4710      	bx	r2

1000015a <_reset_handler>:
1000015a:	f04f 4050 	mov.w	r0, #3489660928	@ 0xd0000000
1000015e:	6800      	ldr	r0, [r0, #0]
10000160:	b108      	cbz	r0, 10000166 <hold_non_core0_in_bootrom+0x4>

10000162 <hold_non_core0_in_bootrom>:
10000162:	2000      	movs	r0, #0
10000164:	e7f3      	b.n	1000014e <_enter_vtable_in_r0>
10000166:	a40d      	add	r4, pc, #52	@ (adr r4, 1000019c <data_cpy_table>)
10000168:	cc0e      	ldmia	r4!, {r1, r2, r3}
1000016a:	2900      	cmp	r1, #0
1000016c:	d002      	beq.n	10000174 <hold_non_core0_in_bootrom+0x12>
1000016e:	f000 f812 	bl	10000196 <data_cpy>
10000172:	e7f9      	b.n	10000168 <hold_non_core0_in_bootrom+0x6>
10000174:	4915      	ldr	r1, [pc, #84]	@ (100001cc <data_cpy_table+0x30>)
10000176:	4a16      	ldr	r2, [pc, #88]	@ (100001d0 <data_cpy_table+0x34>)
10000178:	2000      	movs	r0, #0
1000017a:	e000      	b.n	1000017e <bss_fill_test>

1000017c <bss_fill_loop>:
1000017c:	c101      	stmia	r1!, {r0}

1000017e <bss_fill_test>:
1000017e:	4291      	cmp	r1, r2
10000180:	d1fc      	bne.n	1000017c <bss_fill_loop>

10000182 <platform_entry>:
10000182:	4914      	ldr	r1, [pc, #80]	@ (100001d4 <data_cpy_table+0x38>)
10000184:	4788      	blx	r1
10000186:	4914      	ldr	r1, [pc, #80]	@ (100001d8 <data_cpy_table+0x3c>)
10000188:	4788      	blx	r1
1000018a:	4914      	ldr	r1, [pc, #80]	@ (100001dc <data_cpy_table+0x40>)
1000018c:	4788      	blx	r1
1000018e:	be00      	bkpt	0x0000
10000190:	e7fd      	b.n	1000018e <platform_entry+0xc>

10000192 <data_cpy_loop>:
10000192:	c901      	ldmia	r1!, {r0}
10000194:	c201      	stmia	r2!, {r0}

10000196 <data_cpy>:
10000196:	429a      	cmp	r2, r3
10000198:	d3fb      	bcc.n	10000192 <data_cpy_loop>

1000019a <data_cpy_done>:
1000019a:	4770      	bx	lr

1000019c <data_cpy_table>:
1000019c:	1000655c 	.word	0x1000655c
100001a0:	20000110 	.word	0x20000110
100001a4:	200015cc 	.word	0x200015cc
100001a8:	10007a18 	.word	0x10007a18
100001ac:	20080000 	.word	0x20080000
100001b0:	20080000 	.word	0x20080000
100001b4:	10007a18 	.word	0x10007a18
100001b8:	20081000 	.word	0x20081000
100001bc:	20081000 	.word	0x20081000
100001c0:	00000000 	.word	0x00000000
100001c4:	4770      	bx	lr
100001c6:	0000      	.short	0x0000
100001c8:	e000ed08 	.word	0xe000ed08
100001cc:	200015cc 	.word	0x200015cc
100001d0:	20001f18 	.word	0x20001f18
100001d4:	10003449 	.word	0x10003449
100001d8:	10000571 	.word	0x10000571
100001dc:	10003441 	.word	0x10003441

100001e0 <lsm6dsox_create>:
100001e0:	b178      	cbz	r0, 10000202 <lsm6dsox_create+0x22>
100001e2:	f1a1 036a 	sub.w	r3, r1, #106	@ 0x6a
100001e6:	2b01      	cmp	r3, #1
100001e8:	d80a      	bhi.n	10000200 <lsm6dsox_create+0x20>
100001ea:	f04f 0c02 	mov.w	ip, #2
100001ee:	4b05      	ldr	r3, [pc, #20]	@ (10000204 <lsm6dsox_create+0x24>)
100001f0:	6018      	str	r0, [r3, #0]
100001f2:	7119      	strb	r1, [r3, #4]
100001f4:	4618      	mov	r0, r3
100001f6:	f883 c005 	strb.w	ip, [r3, #5]
100001fa:	f883 c006 	strb.w	ip, [r3, #6]
100001fe:	4770      	bx	lr
10000200:	2000      	movs	r0, #0
10000202:	4770      	bx	lr
10000204:	20001ef4 	.word	0x20001ef4

10000208 <lsm6dsox_reset>:
10000208:	2800      	cmp	r0, #0
1000020a:	d03c      	beq.n	10000286 <lsm6dsox_reset+0x7e>
1000020c:	b5f0      	push	{r4, r5, r6, r7, lr}
1000020e:	2600      	movs	r6, #0
10000210:	f44f 7589 	mov.w	r5, #274	@ 0x112
10000214:	b085      	sub	sp, #20
10000216:	7901      	ldrb	r1, [r0, #4]
10000218:	4604      	mov	r4, r0
1000021a:	2302      	movs	r3, #2
1000021c:	6800      	ldr	r0, [r0, #0]
1000021e:	aa03      	add	r2, sp, #12
10000220:	9600      	str	r6, [sp, #0]
10000222:	f8ad 500c 	strh.w	r5, [sp, #12]
10000226:	f005 fdd5 	bl	10005dd4 <i2c_write_blocking>
1000022a:	3001      	adds	r0, #1
1000022c:	d028      	beq.n	10000280 <lsm6dsox_reset+0x78>
1000022e:	2064      	movs	r0, #100	@ 0x64
10000230:	f001 f878 	bl	10001324 <sleep_ms>
10000234:	250a      	movs	r5, #10
10000236:	2712      	movs	r7, #18
10000238:	2601      	movs	r6, #1
1000023a:	e016      	b.n	1000026a <lsm6dsox_reset+0x62>
1000023c:	f04f 0c00 	mov.w	ip, #0
10000240:	7921      	ldrb	r1, [r4, #4]
10000242:	6820      	ldr	r0, [r4, #0]
10000244:	2301      	movs	r3, #1
10000246:	f10d 020b 	add.w	r2, sp, #11
1000024a:	f8cd c000 	str.w	ip, [sp]
1000024e:	f005 fdc7 	bl	10005de0 <i2c_read_blocking>
10000252:	3001      	adds	r0, #1
10000254:	d014      	beq.n	10000280 <lsm6dsox_reset+0x78>
10000256:	f89d 000b 	ldrb.w	r0, [sp, #11]
1000025a:	f010 0001 	ands.w	r0, r0, #1
1000025e:	d010      	beq.n	10000282 <lsm6dsox_reset+0x7a>
10000260:	2001      	movs	r0, #1
10000262:	f001 f85f 	bl	10001324 <sleep_ms>
10000266:	3d01      	subs	r5, #1
10000268:	d00a      	beq.n	10000280 <lsm6dsox_reset+0x78>
1000026a:	7921      	ldrb	r1, [r4, #4]
1000026c:	6820      	ldr	r0, [r4, #0]
1000026e:	2301      	movs	r3, #1
10000270:	aa03      	add	r2, sp, #12
10000272:	9600      	str	r6, [sp, #0]
10000274:	f88d 700c 	strb.w	r7, [sp, #12]
10000278:	f005 fdac 	bl	10005dd4 <i2c_write_blocking>
1000027c:	3001      	adds	r0, #1
1000027e:	d1dd      	bne.n	1000023c <lsm6dsox_reset+0x34>
10000280:	2001      	movs	r0, #1
10000282:	b005      	add	sp, #20
10000284:	bdf0      	pop	{r4, r5, r6, r7, pc}
10000286:	2004      	movs	r0, #4
10000288:	4770      	bx	lr
1000028a:	bf00      	nop

1000028c <lsm6dsox_init>:
1000028c:	b530      	push	{r4, r5, lr}
1000028e:	b085      	sub	sp, #20
10000290:	2800      	cmp	r0, #0
10000292:	d05d      	beq.n	10000350 <lsm6dsox_init+0xc4>
10000294:	2500      	movs	r5, #0
10000296:	7901      	ldrb	r1, [r0, #4]
10000298:	4604      	mov	r4, r0
1000029a:	462b      	mov	r3, r5
1000029c:	6800      	ldr	r0, [r0, #0]
1000029e:	462a      	mov	r2, r5
100002a0:	9500      	str	r5, [sp, #0]
100002a2:	f005 fd97 	bl	10005dd4 <i2c_write_blocking>
100002a6:	3001      	adds	r0, #1
100002a8:	d056      	beq.n	10000358 <lsm6dsox_init+0xcc>
100002aa:	2301      	movs	r3, #1
100002ac:	f04f 0c0f 	mov.w	ip, #15
100002b0:	7921      	ldrb	r1, [r4, #4]
100002b2:	6820      	ldr	r0, [r4, #0]
100002b4:	aa03      	add	r2, sp, #12
100002b6:	9300      	str	r3, [sp, #0]
100002b8:	f88d 500b 	strb.w	r5, [sp, #11]
100002bc:	f88d c00c 	strb.w	ip, [sp, #12]
100002c0:	f005 fd88 	bl	10005dd4 <i2c_write_blocking>
100002c4:	3001      	adds	r0, #1
100002c6:	d03f      	beq.n	10000348 <lsm6dsox_init+0xbc>
100002c8:	7921      	ldrb	r1, [r4, #4]
100002ca:	9500      	str	r5, [sp, #0]
100002cc:	2301      	movs	r3, #1
100002ce:	6820      	ldr	r0, [r4, #0]
100002d0:	f10d 020b 	add.w	r2, sp, #11
100002d4:	f005 fd84 	bl	10005de0 <i2c_read_blocking>
100002d8:	3001      	adds	r0, #1
100002da:	d035      	beq.n	10000348 <lsm6dsox_init+0xbc>
100002dc:	f89d 300b 	ldrb.w	r3, [sp, #11]
100002e0:	2b6c      	cmp	r3, #108	@ 0x6c
100002e2:	d003      	beq.n	100002ec <lsm6dsox_init+0x60>
100002e4:	2503      	movs	r5, #3
100002e6:	4628      	mov	r0, r5
100002e8:	b005      	add	sp, #20
100002ea:	bd30      	pop	{r4, r5, pc}
100002ec:	4620      	mov	r0, r4
100002ee:	f7ff ff8b 	bl	10000208 <lsm6dsox_reset>
100002f2:	4605      	mov	r5, r0
100002f4:	2800      	cmp	r0, #0
100002f6:	d1f6      	bne.n	100002e6 <lsm6dsox_init+0x5a>
100002f8:	f244 4c12 	movw	ip, #17426	@ 0x4412
100002fc:	9000      	str	r0, [sp, #0]
100002fe:	2302      	movs	r3, #2
10000300:	7921      	ldrb	r1, [r4, #4]
10000302:	6820      	ldr	r0, [r4, #0]
10000304:	aa03      	add	r2, sp, #12
10000306:	f8ad c00c 	strh.w	ip, [sp, #12]
1000030a:	f005 fd63 	bl	10005dd4 <i2c_write_blocking>
1000030e:	3001      	adds	r0, #1
10000310:	d01a      	beq.n	10000348 <lsm6dsox_init+0xbc>
10000312:	f644 0c10 	movw	ip, #18448	@ 0x4810
10000316:	9500      	str	r5, [sp, #0]
10000318:	2302      	movs	r3, #2
1000031a:	7921      	ldrb	r1, [r4, #4]
1000031c:	6820      	ldr	r0, [r4, #0]
1000031e:	aa03      	add	r2, sp, #12
10000320:	f8ad c00c 	strh.w	ip, [sp, #12]
10000324:	f005 fd56 	bl	10005dd4 <i2c_write_blocking>
10000328:	3001      	adds	r0, #1
1000032a:	d00d      	beq.n	10000348 <lsm6dsox_init+0xbc>
1000032c:	2302      	movs	r3, #2
1000032e:	f644 0c11 	movw	ip, #18449	@ 0x4811
10000332:	9500      	str	r5, [sp, #0]
10000334:	7921      	ldrb	r1, [r4, #4]
10000336:	6820      	ldr	r0, [r4, #0]
10000338:	aa03      	add	r2, sp, #12
1000033a:	7163      	strb	r3, [r4, #5]
1000033c:	f8ad c00c 	strh.w	ip, [sp, #12]
10000340:	f005 fd48 	bl	10005dd4 <i2c_write_blocking>
10000344:	3001      	adds	r0, #1
10000346:	d10b      	bne.n	10000360 <lsm6dsox_init+0xd4>
10000348:	2501      	movs	r5, #1
1000034a:	4628      	mov	r0, r5
1000034c:	b005      	add	sp, #20
1000034e:	bd30      	pop	{r4, r5, pc}
10000350:	2504      	movs	r5, #4
10000352:	4628      	mov	r0, r5
10000354:	b005      	add	sp, #20
10000356:	bd30      	pop	{r4, r5, pc}
10000358:	2502      	movs	r5, #2
1000035a:	4628      	mov	r0, r5
1000035c:	b005      	add	sp, #20
1000035e:	bd30      	pop	{r4, r5, pc}
10000360:	2302      	movs	r3, #2
10000362:	71a3      	strb	r3, [r4, #6]
10000364:	e7bf      	b.n	100002e6 <lsm6dsox_init+0x5a>
10000366:	bf00      	nop

10000368 <lsm6dsox_read>:
10000368:	2800      	cmp	r0, #0
1000036a:	f000 80cc 	beq.w	10000506 <lsm6dsox_read+0x19e>
1000036e:	2900      	cmp	r1, #0
10000370:	f000 80c9 	beq.w	10000506 <lsm6dsox_read+0x19e>
10000374:	b5f0      	push	{r4, r5, r6, r7, lr}
10000376:	231e      	movs	r3, #30
10000378:	2501      	movs	r5, #1
1000037a:	b089      	sub	sp, #36	@ 0x24
1000037c:	f88d 3018 	strb.w	r3, [sp, #24]
10000380:	460f      	mov	r7, r1
10000382:	4604      	mov	r4, r0
10000384:	7901      	ldrb	r1, [r0, #4]
10000386:	462b      	mov	r3, r5
10000388:	6800      	ldr	r0, [r0, #0]
1000038a:	aa06      	add	r2, sp, #24
1000038c:	9500      	str	r5, [sp, #0]
1000038e:	f005 fd21 	bl	10005dd4 <i2c_write_blocking>
10000392:	3001      	adds	r0, #1
10000394:	f000 80b4 	beq.w	10000500 <lsm6dsox_read+0x198>
10000398:	2600      	movs	r6, #0
1000039a:	7921      	ldrb	r1, [r4, #4]
1000039c:	6820      	ldr	r0, [r4, #0]
1000039e:	462b      	mov	r3, r5
100003a0:	aa04      	add	r2, sp, #16
100003a2:	9600      	str	r6, [sp, #0]
100003a4:	f005 fd1c 	bl	10005de0 <i2c_read_blocking>
100003a8:	3001      	adds	r0, #1
100003aa:	f000 80a9 	beq.w	10000500 <lsm6dsox_read+0x198>
100003ae:	f89d 3010 	ldrb.w	r3, [sp, #16]
100003b2:	f003 0303 	and.w	r3, r3, #3
100003b6:	2b03      	cmp	r3, #3
100003b8:	f040 80a7 	bne.w	1000050a <lsm6dsox_read+0x1a2>
100003bc:	2322      	movs	r3, #34	@ 0x22
100003be:	9500      	str	r5, [sp, #0]
100003c0:	f88d 3018 	strb.w	r3, [sp, #24]
100003c4:	7921      	ldrb	r1, [r4, #4]
100003c6:	462b      	mov	r3, r5
100003c8:	6820      	ldr	r0, [r4, #0]
100003ca:	aa06      	add	r2, sp, #24
100003cc:	f005 fd02 	bl	10005dd4 <i2c_write_blocking>
100003d0:	3001      	adds	r0, #1
100003d2:	f000 8095 	beq.w	10000500 <lsm6dsox_read+0x198>
100003d6:	2600      	movs	r6, #0
100003d8:	9600      	str	r6, [sp, #0]
100003da:	2306      	movs	r3, #6
100003dc:	7921      	ldrb	r1, [r4, #4]
100003de:	6820      	ldr	r0, [r4, #0]
100003e0:	aa04      	add	r2, sp, #16
100003e2:	f005 fcfd 	bl	10005de0 <i2c_read_blocking>
100003e6:	3001      	adds	r0, #1
100003e8:	f000 808a 	beq.w	10000500 <lsm6dsox_read+0x198>
100003ec:	2328      	movs	r3, #40	@ 0x28
100003ee:	9500      	str	r5, [sp, #0]
100003f0:	f88d 300c 	strb.w	r3, [sp, #12]
100003f4:	7921      	ldrb	r1, [r4, #4]
100003f6:	462b      	mov	r3, r5
100003f8:	6820      	ldr	r0, [r4, #0]
100003fa:	aa03      	add	r2, sp, #12
100003fc:	f005 fcea 	bl	10005dd4 <i2c_write_blocking>
10000400:	3001      	adds	r0, #1
10000402:	d07d      	beq.n	10000500 <lsm6dsox_read+0x198>
10000404:	9600      	str	r6, [sp, #0]
10000406:	2306      	movs	r3, #6
10000408:	7921      	ldrb	r1, [r4, #4]
1000040a:	6820      	ldr	r0, [r4, #0]
1000040c:	aa06      	add	r2, sp, #24
1000040e:	f005 fce7 	bl	10005de0 <i2c_read_blocking>
10000412:	3001      	adds	r0, #1
10000414:	d074      	beq.n	10000500 <lsm6dsox_read+0x198>
10000416:	f04f 0c20 	mov.w	ip, #32
1000041a:	9500      	str	r5, [sp, #0]
1000041c:	462b      	mov	r3, r5
1000041e:	7921      	ldrb	r1, [r4, #4]
10000420:	6820      	ldr	r0, [r4, #0]
10000422:	f10d 020b 	add.w	r2, sp, #11
10000426:	f88d c00b 	strb.w	ip, [sp, #11]
1000042a:	f005 fcd3 	bl	10005dd4 <i2c_write_blocking>
1000042e:	3001      	adds	r0, #1
10000430:	d066      	beq.n	10000500 <lsm6dsox_read+0x198>
10000432:	7921      	ldrb	r1, [r4, #4]
10000434:	6820      	ldr	r0, [r4, #0]
10000436:	2302      	movs	r3, #2
10000438:	aa03      	add	r2, sp, #12
1000043a:	9600      	str	r6, [sp, #0]
1000043c:	f005 fcd0 	bl	10005de0 <i2c_read_blocking>
10000440:	3001      	adds	r0, #1
10000442:	d05d      	beq.n	10000500 <lsm6dsox_read+0x198>
10000444:	f9bd 3010 	ldrsh.w	r3, [sp, #16]
10000448:	f9bd 2018 	ldrsh.w	r2, [sp, #24]
1000044c:	ee06 3a90 	vmov	s13, r3
10000450:	ee05 2a10 	vmov	s10, r2
10000454:	f9bd 3012 	ldrsh.w	r3, [sp, #18]
10000458:	f9bd 201a 	ldrsh.w	r2, [sp, #26]
1000045c:	ee07 3a10 	vmov	s14, r3
10000460:	ee05 2a90 	vmov	s11, r2
10000464:	f9bd 3014 	ldrsh.w	r3, [sp, #20]
10000468:	f9bd 201c 	ldrsh.w	r2, [sp, #28]
1000046c:	ee07 3a90 	vmov	s15, r3
10000470:	ee06 2a10 	vmov	s12, r2
10000474:	7963      	ldrb	r3, [r4, #5]
10000476:	f9bd 200c 	ldrsh.w	r2, [sp, #12]
1000047a:	ee04 2a10 	vmov	s8, r2
1000047e:	2b00      	cmp	r3, #0
10000480:	d046      	beq.n	10000510 <lsm6dsox_read+0x1a8>
10000482:	2b02      	cmp	r3, #2
10000484:	d04d      	beq.n	10000522 <lsm6dsox_read+0x1ba>
10000486:	2b03      	cmp	r3, #3
10000488:	d051      	beq.n	1000052e <lsm6dsox_read+0x1c6>
1000048a:	ed9f 3a2a 	vldr	s6, [pc, #168]	@ 10000534 <lsm6dsox_read+0x1cc>
1000048e:	79a3      	ldrb	r3, [r4, #6]
10000490:	2b00      	cmp	r3, #0
10000492:	d040      	beq.n	10000516 <lsm6dsox_read+0x1ae>
10000494:	2b02      	cmp	r3, #2
10000496:	d041      	beq.n	1000051c <lsm6dsox_read+0x1b4>
10000498:	2b03      	cmp	r3, #3
1000049a:	d045      	beq.n	10000528 <lsm6dsox_read+0x1c0>
1000049c:	eddf 3a26 	vldr	s7, [pc, #152]	@ 10000538 <lsm6dsox_read+0x1d0>
100004a0:	eeb8 5ac5 	vcvt.f32.s32	s10, s10
100004a4:	eef8 5ae5 	vcvt.f32.s32	s11, s11
100004a8:	eeb8 6ac6 	vcvt.f32.s32	s12, s12
100004ac:	eef8 6ae6 	vcvt.f32.s32	s13, s13
100004b0:	eeb8 7ac7 	vcvt.f32.s32	s14, s14
100004b4:	eef8 7ae7 	vcvt.f32.s32	s15, s15
100004b8:	eeb8 4ac4 	vcvt.f32.s32	s8, s8
100004bc:	eddf 2a1f 	vldr	s5, [pc, #124]	@ 1000053c <lsm6dsox_read+0x1d4>
100004c0:	eef3 4a09 	vmov.f32	s9, #57	@ 0x41c80000  25.0
100004c4:	ee25 5a03 	vmul.f32	s10, s10, s6
100004c8:	ee65 5a83 	vmul.f32	s11, s11, s6
100004cc:	ee26 6a03 	vmul.f32	s12, s12, s6
100004d0:	ee66 6aa3 	vmul.f32	s13, s13, s7
100004d4:	ee27 7a23 	vmul.f32	s14, s14, s7
100004d8:	ee67 7aa3 	vmul.f32	s15, s15, s7
100004dc:	eee4 4a22 	vfma.f32	s9, s8, s5
100004e0:	2000      	movs	r0, #0
100004e2:	ed87 5a00 	vstr	s10, [r7]
100004e6:	edc7 5a01 	vstr	s11, [r7, #4]
100004ea:	ed87 6a02 	vstr	s12, [r7, #8]
100004ee:	edc7 6a03 	vstr	s13, [r7, #12]
100004f2:	ed87 7a04 	vstr	s14, [r7, #16]
100004f6:	edc7 7a05 	vstr	s15, [r7, #20]
100004fa:	edc7 4a06 	vstr	s9, [r7, #24]
100004fe:	e000      	b.n	10000502 <lsm6dsox_read+0x19a>
10000500:	2001      	movs	r0, #1
10000502:	b009      	add	sp, #36	@ 0x24
10000504:	bdf0      	pop	{r4, r5, r6, r7, pc}
10000506:	2004      	movs	r0, #4
10000508:	4770      	bx	lr
1000050a:	2005      	movs	r0, #5
1000050c:	b009      	add	sp, #36	@ 0x24
1000050e:	bdf0      	pop	{r4, r5, r6, r7, pc}
10000510:	ed9f 3a0b 	vldr	s6, [pc, #44]	@ 10000540 <lsm6dsox_read+0x1d8>
10000514:	e7bb      	b.n	1000048e <lsm6dsox_read+0x126>
10000516:	eddf 3a0b 	vldr	s7, [pc, #44]	@ 10000544 <lsm6dsox_read+0x1dc>
1000051a:	e7c1      	b.n	100004a0 <lsm6dsox_read+0x138>
1000051c:	eddf 3a0a 	vldr	s7, [pc, #40]	@ 10000548 <lsm6dsox_read+0x1e0>
10000520:	e7be      	b.n	100004a0 <lsm6dsox_read+0x138>
10000522:	ed9f 3a0a 	vldr	s6, [pc, #40]	@ 1000054c <lsm6dsox_read+0x1e4>
10000526:	e7b2      	b.n	1000048e <lsm6dsox_read+0x126>
10000528:	eddf 3a09 	vldr	s7, [pc, #36]	@ 10000550 <lsm6dsox_read+0x1e8>
1000052c:	e7b8      	b.n	100004a0 <lsm6dsox_read+0x138>
1000052e:	ed9f 3a09 	vldr	s6, [pc, #36]	@ 10000554 <lsm6dsox_read+0x1ec>
10000532:	e7ac      	b.n	1000048e <lsm6dsox_read+0x126>
10000534:	39ffda40 	.word	0x39ffda40
10000538:	3d8f5c29 	.word	0x3d8f5c29
1000053c:	3b800000 	.word	0x3b800000
10000540:	387fda40 	.word	0x387fda40
10000544:	3c0f5c29 	.word	0x3c0f5c29
10000548:	3c8f5c29 	.word	0x3c8f5c29
1000054c:	38ffda40 	.word	0x38ffda40
10000550:	3d0f5c29 	.word	0x3d0f5c29
10000554:	397fda40 	.word	0x397fda40

10000558 <lsm6dsox_strerror>:
10000558:	2805      	cmp	r0, #5
1000055a:	bf9a      	itte	ls
1000055c:	4b02      	ldrls	r3, [pc, #8]	@ (10000568 <lsm6dsox_strerror+0x10>)
1000055e:	f853 0020 	ldrls.w	r0, [r3, r0, lsl #2]
10000562:	4802      	ldrhi	r0, [pc, #8]	@ (1000056c <lsm6dsox_strerror+0x14>)
10000564:	4770      	bx	lr
10000566:	bf00      	nop
10000568:	100062d8 	.word	0x100062d8
1000056c:	10006060 	.word	0x10006060

10000570 <main>:
10000570:	b570      	push	{r4, r5, r6, lr}
10000572:	b092      	sub	sp, #72	@ 0x48
10000574:	f003 f892 	bl	1000369c <stdio_init_all>
10000578:	f003 fb7a 	bl	10003c70 <stdio_usb_connected>
1000057c:	2800      	cmp	r0, #0
1000057e:	d0fb      	beq.n	10000578 <main+0x8>
10000580:	4831      	ldr	r0, [pc, #196]	@ (10000648 <main+0xd8>)
10000582:	f003 f94d 	bl	10003820 <__wrap_printf>
10000586:	4931      	ldr	r1, [pc, #196]	@ (1000064c <main+0xdc>)
10000588:	4831      	ldr	r0, [pc, #196]	@ (10000650 <main+0xe0>)
1000058a:	f005 fbf7 	bl	10005d7c <i2c_init>
1000058e:	2103      	movs	r1, #3
10000590:	2000      	movs	r0, #0
10000592:	f000 f867 	bl	10000664 <gpio_set_function>
10000596:	2103      	movs	r1, #3
10000598:	2001      	movs	r0, #1
1000059a:	f000 f863 	bl	10000664 <gpio_set_function>
1000059e:	2200      	movs	r2, #0
100005a0:	2101      	movs	r1, #1
100005a2:	4610      	mov	r0, r2
100005a4:	f000 f87c 	bl	100006a0 <gpio_set_pulls>
100005a8:	2101      	movs	r1, #1
100005aa:	2200      	movs	r2, #0
100005ac:	4608      	mov	r0, r1
100005ae:	f000 f877 	bl	100006a0 <gpio_set_pulls>
100005b2:	216a      	movs	r1, #106	@ 0x6a
100005b4:	4826      	ldr	r0, [pc, #152]	@ (10000650 <main+0xe0>)
100005b6:	f7ff fe13 	bl	100001e0 <lsm6dsox_create>
100005ba:	4606      	mov	r6, r0
100005bc:	b110      	cbz	r0, 100005c4 <main+0x54>
100005be:	f7ff fe65 	bl	1000028c <lsm6dsox_init>
100005c2:	b150      	cbz	r0, 100005da <main+0x6a>
100005c4:	4630      	mov	r0, r6
100005c6:	f7ff fe61 	bl	1000028c <lsm6dsox_init>
100005ca:	f7ff ffc5 	bl	10000558 <lsm6dsox_strerror>
100005ce:	4921      	ldr	r1, [pc, #132]	@ (10000654 <main+0xe4>)
100005d0:	4602      	mov	r2, r0
100005d2:	4821      	ldr	r0, [pc, #132]	@ (10000658 <main+0xe8>)
100005d4:	f003 f924 	bl	10003820 <__wrap_printf>
100005d8:	e7fe      	b.n	100005d8 <main+0x68>
100005da:	a90b      	add	r1, sp, #44	@ 0x2c
100005dc:	4630      	mov	r0, r6
100005de:	f7ff fec3 	bl	10000368 <lsm6dsox_read>
100005e2:	980b      	ldr	r0, [sp, #44]	@ 0x2c
100005e4:	f005 fcfc 	bl	10005fe0 <____aeabi_f2d_veneer>
100005e8:	4604      	mov	r4, r0
100005ea:	9810      	ldr	r0, [sp, #64]	@ 0x40
100005ec:	460d      	mov	r5, r1
100005ee:	f005 fcf7 	bl	10005fe0 <____aeabi_f2d_veneer>
100005f2:	4602      	mov	r2, r0
100005f4:	460b      	mov	r3, r1
100005f6:	980f      	ldr	r0, [sp, #60]	@ 0x3c
100005f8:	e9cd 2308 	strd	r2, r3, [sp, #32]
100005fc:	f005 fcf0 	bl	10005fe0 <____aeabi_f2d_veneer>
10000600:	4602      	mov	r2, r0
10000602:	460b      	mov	r3, r1
10000604:	980e      	ldr	r0, [sp, #56]	@ 0x38
10000606:	e9cd 2306 	strd	r2, r3, [sp, #24]
1000060a:	f005 fce9 	bl	10005fe0 <____aeabi_f2d_veneer>
1000060e:	4602      	mov	r2, r0
10000610:	460b      	mov	r3, r1
10000612:	980d      	ldr	r0, [sp, #52]	@ 0x34
10000614:	e9cd 2304 	strd	r2, r3, [sp, #16]
10000618:	f005 fce2 	bl	10005fe0 <____aeabi_f2d_veneer>
1000061c:	4602      	mov	r2, r0
1000061e:	460b      	mov	r3, r1
10000620:	980c      	ldr	r0, [sp, #48]	@ 0x30
10000622:	e9cd 2302 	strd	r2, r3, [sp, #8]
10000626:	f005 fcdb 	bl	10005fe0 <____aeabi_f2d_veneer>
1000062a:	4622      	mov	r2, r4
1000062c:	e9cd 0100 	strd	r0, r1, [sp]
10000630:	462b      	mov	r3, r5
10000632:	480a      	ldr	r0, [pc, #40]	@ (1000065c <main+0xec>)
10000634:	f003 f8f4 	bl	10003820 <__wrap_printf>
10000638:	4809      	ldr	r0, [pc, #36]	@ (10000660 <main+0xf0>)
1000063a:	f003 f873 	bl	10003724 <__wrap_puts>
1000063e:	2064      	movs	r0, #100	@ 0x64
10000640:	f000 fe70 	bl	10001324 <sleep_ms>
10000644:	e7c9      	b.n	100005da <main+0x6a>
10000646:	bf00      	nop
10000648:	100060e0 	.word	0x100060e0
1000064c:	00061a80 	.word	0x00061a80
10000650:	200015bc 	.word	0x200015bc
10000654:	10006100 	.word	0x10006100
10000658:	10006110 	.word	0x10006110
1000065c:	1000612c 	.word	0x1000612c
10000660:	10006164 	.word	0x10006164

10000664 <gpio_set_function>:
10000664:	f44f 7c80 	mov.w	ip, #256	@ 0x100
10000668:	4b0c      	ldr	r3, [pc, #48]	@ (1000069c <gpio_set_function+0x38>)
1000066a:	b500      	push	{lr}
1000066c:	f853 2020 	ldr.w	r2, [r3, r0, lsl #2]
10000670:	eb03 0380 	add.w	r3, r3, r0, lsl #2
10000674:	00c0      	lsls	r0, r0, #3
10000676:	f082 0240 	eor.w	r2, r2, #64	@ 0x40
1000067a:	f100 4080 	add.w	r0, r0, #1073741824	@ 0x40000000
1000067e:	f503 5e80 	add.w	lr, r3, #4096	@ 0x1000
10000682:	f002 02c0 	and.w	r2, r2, #192	@ 0xc0
10000686:	f500 3020 	add.w	r0, r0, #163840	@ 0x28000
1000068a:	f503 5340 	add.w	r3, r3, #12288	@ 0x3000
1000068e:	f8ce 2000 	str.w	r2, [lr]
10000692:	6041      	str	r1, [r0, #4]
10000694:	f8c3 c000 	str.w	ip, [r3]
10000698:	bd00      	pop	{pc}
1000069a:	bf00      	nop
1000069c:	40038004 	.word	0x40038004

100006a0 <gpio_set_pulls>:
100006a0:	f8df c01c 	ldr.w	ip, [pc, #28]	@ 100006c0 <gpio_set_pulls+0x20>
100006a4:	00c9      	lsls	r1, r1, #3
100006a6:	ea41 0182 	orr.w	r1, r1, r2, lsl #2
100006aa:	f85c 2020 	ldr.w	r2, [ip, r0, lsl #2]
100006ae:	eb0c 0380 	add.w	r3, ip, r0, lsl #2
100006b2:	4051      	eors	r1, r2
100006b4:	f503 5380 	add.w	r3, r3, #4096	@ 0x1000
100006b8:	f001 010c 	and.w	r1, r1, #12
100006bc:	6019      	str	r1, [r3, #0]
100006be:	4770      	bx	lr
100006c0:	40038004 	.word	0x40038004

100006c4 <panic>:
100006c4:	b40f      	push	{r0, r1, r2, r3}
100006c6:	b500      	push	{lr}
100006c8:	4808      	ldr	r0, [pc, #32]	@ (100006ec <panic+0x28>)
100006ca:	b083      	sub	sp, #12
100006cc:	f003 f82a 	bl	10003724 <__wrap_puts>
100006d0:	9b04      	ldr	r3, [sp, #16]
100006d2:	b13b      	cbz	r3, 100006e4 <panic+0x20>
100006d4:	a905      	add	r1, sp, #20
100006d6:	4618      	mov	r0, r3
100006d8:	9101      	str	r1, [sp, #4]
100006da:	f002 fe95 	bl	10003408 <weak_raw_vprintf>
100006de:	4804      	ldr	r0, [pc, #16]	@ (100006f0 <panic+0x2c>)
100006e0:	f003 f820 	bl	10003724 <__wrap_puts>
100006e4:	2001      	movs	r0, #1
100006e6:	f002 fea7 	bl	10003438 <_exit>
100006ea:	bf00      	nop
100006ec:	10006168 	.word	0x10006168
100006f0:	10006228 	.word	0x10006228

100006f4 <hw_claim_or_assert>:
100006f4:	b570      	push	{r4, r5, r6, lr}
100006f6:	4616      	mov	r6, r2
100006f8:	f3ef 8410 	mrs	r4, PRIMASK
100006fc:	b672      	cpsid	i
100006fe:	f8df e048 	ldr.w	lr, [pc, #72]	@ 10000748 <hw_claim_or_assert+0x54>
10000702:	e8de 2fcf 	ldaexb	r2, [lr]
10000706:	2301      	movs	r3, #1
10000708:	2a00      	cmp	r2, #0
1000070a:	d1fa      	bne.n	10000702 <hw_claim_or_assert+0xe>
1000070c:	e8ce 3f42 	strexb	r2, r3, [lr]
10000710:	2a00      	cmp	r2, #0
10000712:	d1f6      	bne.n	10000702 <hw_claim_or_assert+0xe>
10000714:	f3bf 8f5f 	dmb	sy
10000718:	2301      	movs	r3, #1
1000071a:	f001 0c07 	and.w	ip, r1, #7
1000071e:	08ca      	lsrs	r2, r1, #3
10000720:	fa03 f30c 	lsl.w	r3, r3, ip
10000724:	f810 c002 	ldrb.w	ip, [r0, r2]
10000728:	ea1c 0503 	ands.w	r5, ip, r3
1000072c:	d108      	bne.n	10000740 <hw_claim_or_assert+0x4c>
1000072e:	ea4c 0c03 	orr.w	ip, ip, r3
10000732:	f800 c002 	strb.w	ip, [r0, r2]
10000736:	e8ce 5f8f 	stlb	r5, [lr]
1000073a:	f384 8810 	msr	PRIMASK, r4
1000073e:	bd70      	pop	{r4, r5, r6, pc}
10000740:	4630      	mov	r0, r6
10000742:	f7ff ffbf 	bl	100006c4 <panic>
10000746:	bf00      	nop
10000748:	20001907 	.word	0x20001907

1000074c <hw_claim_unused_from_range>:
1000074c:	b5f8      	push	{r3, r4, r5, r6, r7, lr}
1000074e:	460f      	mov	r7, r1
10000750:	4619      	mov	r1, r3
10000752:	f3ef 8610 	mrs	r6, PRIMASK
10000756:	b672      	cpsid	i
10000758:	4d1c      	ldr	r5, [pc, #112]	@ (100007cc <hw_claim_unused_from_range+0x80>)
1000075a:	e8d5 4fcf 	ldaexb	r4, [r5]
1000075e:	2301      	movs	r3, #1
10000760:	2c00      	cmp	r4, #0
10000762:	d1fa      	bne.n	1000075a <hw_claim_unused_from_range+0xe>
10000764:	e8c5 3f44 	strexb	r4, r3, [r5]
10000768:	2c00      	cmp	r4, #0
1000076a:	d1f6      	bne.n	1000075a <hw_claim_unused_from_range+0xe>
1000076c:	f3bf 8f5f 	dmb	sy
10000770:	428a      	cmp	r2, r1
10000772:	d81b      	bhi.n	100007ac <hw_claim_unused_from_range+0x60>
10000774:	2401      	movs	r4, #1
10000776:	e002      	b.n	1000077e <hw_claim_unused_from_range+0x32>
10000778:	3201      	adds	r2, #1
1000077a:	4291      	cmp	r1, r2
1000077c:	d322      	bcc.n	100007c4 <hw_claim_unused_from_range+0x78>
1000077e:	08d3      	lsrs	r3, r2, #3
10000780:	f810 e003 	ldrb.w	lr, [r0, r3]
10000784:	f002 0c07 	and.w	ip, r2, #7
10000788:	fa04 fc0c 	lsl.w	ip, r4, ip
1000078c:	ea1e 0f0c 	tst.w	lr, ip
10000790:	d1f2      	bne.n	10000778 <hw_claim_unused_from_range+0x2c>
10000792:	ea4e 0e0c 	orr.w	lr, lr, ip
10000796:	f800 e003 	strb.w	lr, [r0, r3]
1000079a:	4610      	mov	r0, r2
1000079c:	2300      	movs	r3, #0
1000079e:	e8c5 3f8f 	stlb	r3, [r5]
100007a2:	f386 8810 	msr	PRIMASK, r6
100007a6:	4298      	cmp	r0, r3
100007a8:	db07      	blt.n	100007ba <hw_claim_unused_from_range+0x6e>
100007aa:	bdf8      	pop	{r3, r4, r5, r6, r7, pc}
100007ac:	2300      	movs	r3, #0
100007ae:	e8c5 3f8f 	stlb	r3, [r5]
100007b2:	f386 8810 	msr	PRIMASK, r6
100007b6:	f04f 30ff 	mov.w	r0, #4294967295	@ 0xffffffff
100007ba:	2f00      	cmp	r7, #0
100007bc:	d0f5      	beq.n	100007aa <hw_claim_unused_from_range+0x5e>
100007be:	9806      	ldr	r0, [sp, #24]
100007c0:	f7ff ff80 	bl	100006c4 <panic>
100007c4:	f04f 30ff 	mov.w	r0, #4294967295	@ 0xffffffff
100007c8:	e7e8      	b.n	1000079c <hw_claim_unused_from_range+0x50>
100007ca:	bf00      	nop
100007cc:	20001907 	.word	0x20001907

100007d0 <next_striped_spin_lock_num>:
100007d0:	4a04      	ldr	r2, [pc, #16]	@ (100007e4 <next_striped_spin_lock_num+0x14>)
100007d2:	7810      	ldrb	r0, [r2, #0]
100007d4:	1c43      	adds	r3, r0, #1
100007d6:	b2db      	uxtb	r3, r3
100007d8:	2b18      	cmp	r3, #24
100007da:	bf28      	it	cs
100007dc:	2310      	movcs	r3, #16
100007de:	7013      	strb	r3, [r2, #0]
100007e0:	4770      	bx	lr
100007e2:	bf00      	nop
100007e4:	20001500 	.word	0x20001500

100007e8 <spin_lock_claim_unused>:
100007e8:	b500      	push	{lr}
100007ea:	f8df c01c 	ldr.w	ip, [pc, #28]	@ 10000808 <spin_lock_claim_unused+0x20>
100007ee:	b083      	sub	sp, #12
100007f0:	4601      	mov	r1, r0
100007f2:	231f      	movs	r3, #31
100007f4:	2218      	movs	r2, #24
100007f6:	f8cd c000 	str.w	ip, [sp]
100007fa:	4802      	ldr	r0, [pc, #8]	@ (10000804 <spin_lock_claim_unused+0x1c>)
100007fc:	f7ff ffa6 	bl	1000074c <hw_claim_unused_from_range>
10000800:	b003      	add	sp, #12
10000802:	bd00      	pop	{pc}
10000804:	20001a4c 	.word	0x20001a4c
10000808:	10006178 	.word	0x10006178

1000080c <spinlock_set_extexclall>:
1000080c:	f04f 22e0 	mov.w	r2, #3758153728	@ 0xe000e000
10000810:	6893      	ldr	r3, [r2, #8]
10000812:	f043 5300 	orr.w	r3, r3, #536870912	@ 0x20000000
10000816:	6093      	str	r3, [r2, #8]
10000818:	4770      	bx	lr
1000081a:	bf00      	nop

1000081c <spin_locks_reset>:
1000081c:	2100      	movs	r1, #0
1000081e:	4b04      	ldr	r3, [pc, #16]	@ (10000830 <spin_locks_reset+0x14>)
10000820:	f103 0220 	add.w	r2, r3, #32
10000824:	e8c3 1f8f 	stlb	r1, [r3]
10000828:	3301      	adds	r3, #1
1000082a:	4293      	cmp	r3, r2
1000082c:	d1fa      	bne.n	10000824 <spin_locks_reset+0x8>
1000082e:	4770      	bx	lr
10000830:	200018fc 	.word	0x200018fc

10000834 <runtime_init_per_core_irq_priorities>:
10000834:	f04f 23e0 	mov.w	r3, #3758153728	@ 0xe000e000
10000838:	f04f 3280 	mov.w	r2, #2155905152	@ 0x80808080
1000083c:	f8c3 2400 	str.w	r2, [r3, #1024]	@ 0x400
10000840:	f8c3 2404 	str.w	r2, [r3, #1028]	@ 0x404
10000844:	f8c3 2408 	str.w	r2, [r3, #1032]	@ 0x408
10000848:	f8c3 240c 	str.w	r2, [r3, #1036]	@ 0x40c
1000084c:	f8c3 2410 	str.w	r2, [r3, #1040]	@ 0x410
10000850:	f8c3 2414 	str.w	r2, [r3, #1044]	@ 0x414
10000854:	f8c3 2418 	str.w	r2, [r3, #1048]	@ 0x418
10000858:	f8c3 241c 	str.w	r2, [r3, #1052]	@ 0x41c
1000085c:	f8c3 2420 	str.w	r2, [r3, #1056]	@ 0x420
10000860:	f8c3 2424 	str.w	r2, [r3, #1060]	@ 0x424
10000864:	f8c3 2428 	str.w	r2, [r3, #1064]	@ 0x428
10000868:	f8c3 242c 	str.w	r2, [r3, #1068]	@ 0x42c
1000086c:	f8c3 2430 	str.w	r2, [r3, #1072]	@ 0x430
10000870:	b662      	cpsie	i
10000872:	4770      	bx	lr

10000874 <irq_set_enabled>:
10000874:	2301      	movs	r3, #1
10000876:	f000 021f 	and.w	r2, r0, #31
1000087a:	4093      	lsls	r3, r2
1000087c:	0940      	lsrs	r0, r0, #5
1000087e:	b141      	cbz	r1, 10000892 <irq_set_enabled+0x1e>
10000880:	0080      	lsls	r0, r0, #2
10000882:	f100 4060 	add.w	r0, r0, #3758096384	@ 0xe0000000
10000886:	f500 4061 	add.w	r0, r0, #57600	@ 0xe100
1000088a:	f8c0 3180 	str.w	r3, [r0, #384]	@ 0x180
1000088e:	6003      	str	r3, [r0, #0]
10000890:	4770      	bx	lr
10000892:	4a02      	ldr	r2, [pc, #8]	@ (1000089c <irq_set_enabled+0x28>)
10000894:	3020      	adds	r0, #32
10000896:	f842 3020 	str.w	r3, [r2, r0, lsl #2]
1000089a:	4770      	bx	lr
1000089c:	e000e100 	.word	0xe000e100

100008a0 <irq_is_enabled>:
100008a0:	2301      	movs	r3, #1
100008a2:	4a06      	ldr	r2, [pc, #24]	@ (100008bc <irq_is_enabled+0x1c>)
100008a4:	0941      	lsrs	r1, r0, #5
100008a6:	f852 2021 	ldr.w	r2, [r2, r1, lsl #2]
100008aa:	f000 001f 	and.w	r0, r0, #31
100008ae:	4083      	lsls	r3, r0
100008b0:	4213      	tst	r3, r2
100008b2:	bf14      	ite	ne
100008b4:	2001      	movne	r0, #1
100008b6:	2000      	moveq	r0, #0
100008b8:	4770      	bx	lr
100008ba:	bf00      	nop
100008bc:	e000e100 	.word	0xe000e100

100008c0 <irq_set_pending>:
100008c0:	2201      	movs	r2, #1
100008c2:	0943      	lsrs	r3, r0, #5
100008c4:	4903      	ldr	r1, [pc, #12]	@ (100008d4 <irq_set_pending+0x14>)
100008c6:	f000 001f 	and.w	r0, r0, #31
100008ca:	4082      	lsls	r2, r0
100008cc:	3340      	adds	r3, #64	@ 0x40
100008ce:	f841 2023 	str.w	r2, [r1, r3, lsl #2]
100008d2:	4770      	bx	lr
100008d4:	e000e100 	.word	0xe000e100

100008d8 <irq_has_shared_handler>:
100008d8:	4a05      	ldr	r2, [pc, #20]	@ (100008f0 <irq_has_shared_handler+0x18>)
100008da:	3010      	adds	r0, #16
100008dc:	6892      	ldr	r2, [r2, #8]
100008de:	4b05      	ldr	r3, [pc, #20]	@ (100008f4 <irq_has_shared_handler+0x1c>)
100008e0:	f852 0020 	ldr.w	r0, [r2, r0, lsl #2]
100008e4:	1ac0      	subs	r0, r0, r3
100008e6:	2847      	cmp	r0, #71	@ 0x47
100008e8:	bf8c      	ite	hi
100008ea:	2000      	movhi	r0, #0
100008ec:	2001      	movls	r0, #1
100008ee:	4770      	bx	lr
100008f0:	e000ed00 	.word	0xe000ed00
100008f4:	20001504 	.word	0x20001504

100008f8 <irq_set_exclusive_handler>:
100008f8:	b508      	push	{r3, lr}
100008fa:	f3ef 8e10 	mrs	lr, PRIMASK
100008fe:	b672      	cpsid	i
10000900:	4b13      	ldr	r3, [pc, #76]	@ (10000950 <irq_set_exclusive_handler+0x58>)
10000902:	e8d3 cfcf 	ldaexb	ip, [r3]
10000906:	2201      	movs	r2, #1
10000908:	f1bc 0f00 	cmp.w	ip, #0
1000090c:	d1f9      	bne.n	10000902 <irq_set_exclusive_handler+0xa>
1000090e:	e8c3 2f4c 	strexb	ip, r2, [r3]
10000912:	f1bc 0f00 	cmp.w	ip, #0
10000916:	d1f4      	bne.n	10000902 <irq_set_exclusive_handler+0xa>
10000918:	f3bf 8f5f 	dmb	sy
1000091c:	4a0d      	ldr	r2, [pc, #52]	@ (10000954 <irq_set_exclusive_handler+0x5c>)
1000091e:	3010      	adds	r0, #16
10000920:	6892      	ldr	r2, [r2, #8]
10000922:	f8df c034 	ldr.w	ip, [pc, #52]	@ 10000958 <irq_set_exclusive_handler+0x60>
10000926:	f852 2020 	ldr.w	r2, [r2, r0, lsl #2]
1000092a:	4562      	cmp	r2, ip
1000092c:	d001      	beq.n	10000932 <irq_set_exclusive_handler+0x3a>
1000092e:	4291      	cmp	r1, r2
10000930:	d10b      	bne.n	1000094a <irq_set_exclusive_handler+0x52>
10000932:	4a08      	ldr	r2, [pc, #32]	@ (10000954 <irq_set_exclusive_handler+0x5c>)
10000934:	6892      	ldr	r2, [r2, #8]
10000936:	f842 1020 	str.w	r1, [r2, r0, lsl #2]
1000093a:	f3bf 8f5f 	dmb	sy
1000093e:	2200      	movs	r2, #0
10000940:	e8c3 2f8f 	stlb	r2, [r3]
10000944:	f38e 8810 	msr	PRIMASK, lr
10000948:	bd08      	pop	{r3, pc}
1000094a:	f000 ff8f 	bl	1000186c <hard_assertion_failure>
1000094e:	bf00      	nop
10000950:	20001905 	.word	0x20001905
10000954:	e000ed00 	.word	0xe000ed00
10000958:	10000111 	.word	0x10000111

1000095c <irq_add_shared_handler>:
1000095c:	e92d 4ff8 	stmdb	sp!, {r3, r4, r5, r6, r7, r8, r9, sl, fp, lr}
10000960:	468b      	mov	fp, r1
10000962:	4611      	mov	r1, r2
10000964:	f3ef 8810 	mrs	r8, PRIMASK
10000968:	b672      	cpsid	i
1000096a:	4f66      	ldr	r7, [pc, #408]	@ (10000b04 <irq_add_shared_handler+0x1a8>)
1000096c:	e8d7 2fcf 	ldaexb	r2, [r7]
10000970:	2301      	movs	r3, #1
10000972:	2a00      	cmp	r2, #0
10000974:	d1fa      	bne.n	1000096c <irq_add_shared_handler+0x10>
10000976:	e8c7 3f42 	strexb	r2, r3, [r7]
1000097a:	2a00      	cmp	r2, #0
1000097c:	d1f6      	bne.n	1000096c <irq_add_shared_handler+0x10>
1000097e:	f3bf 8f5f 	dmb	sy
10000982:	4b61      	ldr	r3, [pc, #388]	@ (10000b08 <irq_add_shared_handler+0x1ac>)
10000984:	f993 4000 	ldrsb.w	r4, [r3]
10000988:	2c00      	cmp	r4, #0
1000098a:	f2c0 80b8 	blt.w	10000afe <irq_add_shared_handler+0x1a2>
1000098e:	f100 0510 	add.w	r5, r0, #16
10000992:	485e      	ldr	r0, [pc, #376]	@ (10000b0c <irq_add_shared_handler+0x1b0>)
10000994:	eb04 0944 	add.w	r9, r4, r4, lsl #1
10000998:	eb00 0289 	add.w	r2, r0, r9, lsl #2
1000099c:	7996      	ldrb	r6, [r2, #6]
1000099e:	ea4f 0989 	mov.w	r9, r9, lsl #2
100009a2:	701e      	strb	r6, [r3, #0]
100009a4:	4b5a      	ldr	r3, [pc, #360]	@ (10000b10 <irq_add_shared_handler+0x1b4>)
100009a6:	689b      	ldr	r3, [r3, #8]
100009a8:	f853 6025 	ldr.w	r6, [r3, r5, lsl #2]
100009ac:	1a33      	subs	r3, r6, r0
100009ae:	2b47      	cmp	r3, #71	@ 0x47
100009b0:	d835      	bhi.n	10000a1e <irq_add_shared_handler+0xc2>
100009b2:	f026 0e01 	bic.w	lr, r6, #1
100009b6:	f89e 3007 	ldrb.w	r3, [lr, #7]
100009ba:	428b      	cmp	r3, r1
100009bc:	d809      	bhi.n	100009d2 <irq_add_shared_handler+0x76>
100009be:	e06f      	b.n	10000aa0 <irq_add_shared_handler+0x144>
100009c0:	eb0c 034c 	add.w	r3, ip, ip, lsl #1
100009c4:	eb00 0383 	add.w	r3, r0, r3, lsl #2
100009c8:	f893 a007 	ldrb.w	sl, [r3, #7]
100009cc:	458a      	cmp	sl, r1
100009ce:	d951      	bls.n	10000a74 <irq_add_shared_handler+0x118>
100009d0:	469e      	mov	lr, r3
100009d2:	f99e c006 	ldrsb.w	ip, [lr, #6]
100009d6:	f1bc 0f00 	cmp.w	ip, #0
100009da:	daf1      	bge.n	100009c0 <irq_add_shared_handler+0x64>
100009dc:	f64b 5901 	movw	r9, #48385	@ 0xbd01
100009e0:	f10e 0a04 	add.w	sl, lr, #4
100009e4:	1f13      	subs	r3, r2, #4
100009e6:	eba3 030a 	sub.w	r3, r3, sl
100009ea:	f3c3 034a 	ubfx	r3, r3, #1, #11
100009ee:	ea6f 43c3 	mvn.w	r3, r3, lsl #19
100009f2:	ea6f 43d3 	mvn.w	r3, r3, lsr #19
100009f6:	f88e 4006 	strb.w	r4, [lr, #6]
100009fa:	f8df a120 	ldr.w	sl, [pc, #288]	@ 10000b1c <irq_add_shared_handler+0x1c0>
100009fe:	eb04 0444 	add.w	r4, r4, r4, lsl #1
10000a02:	eb00 0284 	add.w	r2, r0, r4, lsl #2
10000a06:	f8ae 3004 	strh.w	r3, [lr, #4]
10000a0a:	f840 a024 	str.w	sl, [r0, r4, lsl #2]
10000a0e:	f8a2 9004 	strh.w	r9, [r2, #4]
10000a12:	f882 c006 	strb.w	ip, [r2, #6]
10000a16:	71d1      	strb	r1, [r2, #7]
10000a18:	f8c2 b008 	str.w	fp, [r2, #8]
10000a1c:	e01d      	b.n	10000a5a <irq_add_shared_handler+0xfe>
10000a1e:	4b3d      	ldr	r3, [pc, #244]	@ (10000b14 <irq_add_shared_handler+0x1b8>)
10000a20:	429e      	cmp	r6, r3
10000a22:	d16c      	bne.n	10000afe <irq_add_shared_handler+0x1a2>
10000a24:	4b3c      	ldr	r3, [pc, #240]	@ (10000b18 <irq_add_shared_handler+0x1bc>)
10000a26:	71d1      	strb	r1, [r2, #7]
10000a28:	f109 0102 	add.w	r1, r9, #2
10000a2c:	4401      	add	r1, r0
10000a2e:	3b04      	subs	r3, #4
10000a30:	1a5b      	subs	r3, r3, r1
10000a32:	f3c3 034a 	ubfx	r3, r3, #1, #11
10000a36:	ea6f 43c3 	mvn.w	r3, r3, lsl #19
10000a3a:	f44f 4121 	mov.w	r1, #41216	@ 0xa100
10000a3e:	ea6f 43d3 	mvn.w	r3, r3, lsr #19
10000a42:	f820 1009 	strh.w	r1, [r0, r9]
10000a46:	8053      	strh	r3, [r2, #2]
10000a48:	21ff      	movs	r1, #255	@ 0xff
10000a4a:	f64b 5301 	movw	r3, #48385	@ 0xbd01
10000a4e:	f8c2 b008 	str.w	fp, [r2, #8]
10000a52:	7191      	strb	r1, [r2, #6]
10000a54:	8093      	strh	r3, [r2, #4]
10000a56:	f042 0601 	orr.w	r6, r2, #1
10000a5a:	4b2d      	ldr	r3, [pc, #180]	@ (10000b10 <irq_add_shared_handler+0x1b4>)
10000a5c:	689b      	ldr	r3, [r3, #8]
10000a5e:	f843 6025 	str.w	r6, [r3, r5, lsl #2]
10000a62:	f3bf 8f5f 	dmb	sy
10000a66:	2300      	movs	r3, #0
10000a68:	e8c7 3f8f 	stlb	r3, [r7]
10000a6c:	f388 8810 	msr	PRIMASK, r8
10000a70:	e8bd 8ff8 	ldmia.w	sp!, {r3, r4, r5, r6, r7, r8, r9, sl, fp, pc}
10000a74:	46f2      	mov	sl, lr
10000a76:	f06f 0307 	mvn.w	r3, #7
10000a7a:	eba3 0309 	sub.w	r3, r3, r9
10000a7e:	f83a 9f04 	ldrh.w	r9, [sl, #4]!
10000a82:	1a1b      	subs	r3, r3, r0
10000a84:	f349 090a 	sbfx	r9, r9, #0, #11
10000a88:	f109 0902 	add.w	r9, r9, #2
10000a8c:	eb0a 0949 	add.w	r9, sl, r9, lsl #1
10000a90:	4499      	add	r9, r3
10000a92:	f3c9 094a 	ubfx	r9, r9, #1, #11
10000a96:	ea6f 49c9 	mvn.w	r9, r9, lsl #19
10000a9a:	ea6f 49d9 	mvn.w	r9, r9, lsr #19
10000a9e:	e7a1      	b.n	100009e4 <irq_add_shared_handler+0x88>
10000aa0:	f06f 0307 	mvn.w	r3, #7
10000aa4:	71d1      	strb	r1, [r2, #7]
10000aa6:	491c      	ldr	r1, [pc, #112]	@ (10000b18 <irq_add_shared_handler+0x1bc>)
10000aa8:	f109 0402 	add.w	r4, r9, #2
10000aac:	4404      	add	r4, r0
10000aae:	3904      	subs	r1, #4
10000ab0:	1b09      	subs	r1, r1, r4
10000ab2:	eba3 0309 	sub.w	r3, r3, r9
10000ab6:	f3c1 014a 	ubfx	r1, r1, #1, #11
10000aba:	1a1b      	subs	r3, r3, r0
10000abc:	ea6f 41c1 	mvn.w	r1, r1, lsl #19
10000ac0:	4473      	add	r3, lr
10000ac2:	f3c3 034a 	ubfx	r3, r3, #1, #11
10000ac6:	ea6f 43c3 	mvn.w	r3, r3, lsl #19
10000aca:	ea6f 41d1 	mvn.w	r1, r1, lsr #19
10000ace:	f44f 4621 	mov.w	r6, #41216	@ 0xa100
10000ad2:	ea6f 43d3 	mvn.w	r3, r3, lsr #19
10000ad6:	8051      	strh	r1, [r2, #2]
10000ad8:	4910      	ldr	r1, [pc, #64]	@ (10000b1c <irq_add_shared_handler+0x1c0>)
10000ada:	f820 6009 	strh.w	r6, [r0, r9]
10000ade:	8093      	strh	r3, [r2, #4]
10000ae0:	f64a 24aa 	movw	r4, #43690	@ 0xaaaa
10000ae4:	4673      	mov	r3, lr
10000ae6:	1a1b      	subs	r3, r3, r0
10000ae8:	415b      	adcs	r3, r3
10000aea:	435c      	muls	r4, r3
10000aec:	0d24      	lsrs	r4, r4, #20
10000aee:	f8c2 b008 	str.w	fp, [r2, #8]
10000af2:	7194      	strb	r4, [r2, #6]
10000af4:	f042 0601 	orr.w	r6, r2, #1
10000af8:	f8ce 1000 	str.w	r1, [lr]
10000afc:	e7ad      	b.n	10000a5a <irq_add_shared_handler+0xfe>
10000afe:	f000 feb5 	bl	1000186c <hard_assertion_failure>
10000b02:	bf00      	nop
10000b04:	20001905 	.word	0x20001905
10000b08:	20001f10 	.word	0x20001f10
10000b0c:	20001504 	.word	0x20001504
10000b10:	e000ed00 	.word	0xe000ed00
10000b14:	10000111 	.word	0x10000111
10000b18:	2000154c 	.word	0x2000154c
10000b1c:	47804801 	.word	0x47804801

10000b20 <irq_add_tail_to_free_list>:
10000b20:	e92d 41f0 	stmdb	sp!, {r4, r5, r6, r7, r8, lr}
10000b24:	f3ef 8305 	mrs	r3, IPSR
10000b28:	b2db      	uxtb	r3, r3
10000b2a:	469e      	mov	lr, r3
10000b2c:	f3ef 8510 	mrs	r5, PRIMASK
10000b30:	b672      	cpsid	i
10000b32:	492f      	ldr	r1, [pc, #188]	@ (10000bf0 <irq_add_tail_to_free_list+0xd0>)
10000b34:	e8d1 2fcf 	ldaexb	r2, [r1]
10000b38:	2301      	movs	r3, #1
10000b3a:	2a00      	cmp	r2, #0
10000b3c:	d1fa      	bne.n	10000b34 <irq_add_tail_to_free_list+0x14>
10000b3e:	e8c1 3f42 	strexb	r2, r3, [r1]
10000b42:	2a00      	cmp	r2, #0
10000b44:	d1f6      	bne.n	10000b34 <irq_add_tail_to_free_list+0x14>
10000b46:	f3bf 8f5f 	dmb	sy
10000b4a:	f8df 80b4 	ldr.w	r8, [pc, #180]	@ 10000c00 <irq_add_tail_to_free_list+0xe0>
10000b4e:	f040 0601 	orr.w	r6, r0, #1
10000b52:	f8d8 7008 	ldr.w	r7, [r8, #8]
10000b56:	f64a 23aa 	movw	r3, #43690	@ 0xaaaa
10000b5a:	f857 702e 	ldr.w	r7, [r7, lr, lsl #2]
10000b5e:	4604      	mov	r4, r0
10000b60:	4a24      	ldr	r2, [pc, #144]	@ (10000bf4 <irq_add_tail_to_free_list+0xd4>)
10000b62:	1aa4      	subs	r4, r4, r2
10000b64:	4164      	adcs	r4, r4
10000b66:	4363      	muls	r3, r4
10000b68:	0d1b      	lsrs	r3, r3, #20
10000b6a:	42b7      	cmp	r7, r6
10000b6c:	b25b      	sxtb	r3, r3
10000b6e:	d026      	beq.n	10000bbe <irq_add_tail_to_free_list+0x9e>
10000b70:	f992 4006 	ldrsb.w	r4, [r2, #6]
10000b74:	429c      	cmp	r4, r3
10000b76:	d028      	beq.n	10000bca <irq_add_tail_to_free_list+0xaa>
10000b78:	f992 4012 	ldrsb.w	r4, [r2, #18]
10000b7c:	429c      	cmp	r4, r3
10000b7e:	d02f      	beq.n	10000be0 <irq_add_tail_to_free_list+0xc0>
10000b80:	f992 401e 	ldrsb.w	r4, [r2, #30]
10000b84:	429c      	cmp	r4, r3
10000b86:	d02d      	beq.n	10000be4 <irq_add_tail_to_free_list+0xc4>
10000b88:	f992 402a 	ldrsb.w	r4, [r2, #42]	@ 0x2a
10000b8c:	429c      	cmp	r4, r3
10000b8e:	d02b      	beq.n	10000be8 <irq_add_tail_to_free_list+0xc8>
10000b90:	f992 4036 	ldrsb.w	r4, [r2, #54]	@ 0x36
10000b94:	429c      	cmp	r4, r3
10000b96:	d029      	beq.n	10000bec <irq_add_tail_to_free_list+0xcc>
10000b98:	f992 4042 	ldrsb.w	r4, [r2, #66]	@ 0x42
10000b9c:	429c      	cmp	r4, r3
10000b9e:	bf08      	it	eq
10000ba0:	2405      	moveq	r4, #5
10000ba2:	d013      	beq.n	10000bcc <irq_add_tail_to_free_list+0xac>
10000ba4:	4a14      	ldr	r2, [pc, #80]	@ (10000bf8 <irq_add_tail_to_free_list+0xd8>)
10000ba6:	2400      	movs	r4, #0
10000ba8:	f892 c000 	ldrb.w	ip, [r2]
10000bac:	7013      	strb	r3, [r2, #0]
10000bae:	f880 c006 	strb.w	ip, [r0, #6]
10000bb2:	e8c1 4f8f 	stlb	r4, [r1]
10000bb6:	f385 8810 	msr	PRIMASK, r5
10000bba:	e8bd 81f0 	ldmia.w	sp!, {r4, r5, r6, r7, r8, pc}
10000bbe:	f8d8 2008 	ldr.w	r2, [r8, #8]
10000bc2:	4c0e      	ldr	r4, [pc, #56]	@ (10000bfc <irq_add_tail_to_free_list+0xdc>)
10000bc4:	f842 402e 	str.w	r4, [r2, lr, lsl #2]
10000bc8:	e7ec      	b.n	10000ba4 <irq_add_tail_to_free_list+0x84>
10000bca:	2400      	movs	r4, #0
10000bcc:	eb04 0444 	add.w	r4, r4, r4, lsl #1
10000bd0:	eb02 0284 	add.w	r2, r2, r4, lsl #2
10000bd4:	24ff      	movs	r4, #255	@ 0xff
10000bd6:	7194      	strb	r4, [r2, #6]
10000bd8:	f64b 5401 	movw	r4, #48385	@ 0xbd01
10000bdc:	8094      	strh	r4, [r2, #4]
10000bde:	e7e1      	b.n	10000ba4 <irq_add_tail_to_free_list+0x84>
10000be0:	2401      	movs	r4, #1
10000be2:	e7f3      	b.n	10000bcc <irq_add_tail_to_free_list+0xac>
10000be4:	2402      	movs	r4, #2
10000be6:	e7f1      	b.n	10000bcc <irq_add_tail_to_free_list+0xac>
10000be8:	2403      	movs	r4, #3
10000bea:	e7ef      	b.n	10000bcc <irq_add_tail_to_free_list+0xac>
10000bec:	2404      	movs	r4, #4
10000bee:	e7ed      	b.n	10000bcc <irq_add_tail_to_free_list+0xac>
10000bf0:	20001905 	.word	0x20001905
10000bf4:	20001504 	.word	0x20001504
10000bf8:	20001f10 	.word	0x20001f10
10000bfc:	10000111 	.word	0x10000111
10000c00:	e000ed00 	.word	0xe000ed00

10000c04 <user_irq_claim_unused>:
10000c04:	b500      	push	{lr}
10000c06:	f8df c024 	ldr.w	ip, [pc, #36]	@ 10000c2c <user_irq_claim_unused+0x28>
10000c0a:	b083      	sub	sp, #12
10000c0c:	4601      	mov	r1, r0
10000c0e:	2305      	movs	r3, #5
10000c10:	2200      	movs	r2, #0
10000c12:	f8cd c000 	str.w	ip, [sp]
10000c16:	4804      	ldr	r0, [pc, #16]	@ (10000c28 <user_irq_claim_unused+0x24>)
10000c18:	f7ff fd98 	bl	1000074c <hw_claim_unused_from_range>
10000c1c:	2800      	cmp	r0, #0
10000c1e:	bfa8      	it	ge
10000c20:	f1c0 0033 	rsbge	r0, r0, #51	@ 0x33
10000c24:	b003      	add	sp, #12
10000c26:	bd00      	pop	{pc}
10000c28:	20001f15 	.word	0x20001f15
10000c2c:	10006194 	.word	0x10006194

10000c30 <lock_init>:
10000c30:	4b01      	ldr	r3, [pc, #4]	@ (10000c38 <lock_init+0x8>)
10000c32:	440b      	add	r3, r1
10000c34:	6003      	str	r3, [r0, #0]
10000c36:	4770      	bx	lr
10000c38:	200018fc 	.word	0x200018fc

10000c3c <runtime_init_mutex>:
10000c3c:	b570      	push	{r4, r5, r6, lr}
10000c3e:	4c10      	ldr	r4, [pc, #64]	@ (10000c80 <runtime_init_mutex+0x44>)
10000c40:	4d10      	ldr	r5, [pc, #64]	@ (10000c84 <runtime_init_mutex+0x48>)
10000c42:	42ac      	cmp	r4, r5
10000c44:	d20e      	bcs.n	10000c64 <runtime_init_mutex+0x28>
10000c46:	26ff      	movs	r6, #255	@ 0xff
10000c48:	6823      	ldr	r3, [r4, #0]
10000c4a:	b163      	cbz	r3, 10000c66 <runtime_init_mutex+0x2a>
10000c4c:	f7ff fdc0 	bl	100007d0 <next_striped_spin_lock_num>
10000c50:	4601      	mov	r1, r0
10000c52:	4620      	mov	r0, r4
10000c54:	f7ff ffec 	bl	10000c30 <lock_init>
10000c58:	80a6      	strh	r6, [r4, #4]
10000c5a:	f3bf 8f5f 	dmb	sy
10000c5e:	3408      	adds	r4, #8
10000c60:	42ac      	cmp	r4, r5
10000c62:	d3f1      	bcc.n	10000c48 <runtime_init_mutex+0xc>
10000c64:	bd70      	pop	{r4, r5, r6, pc}
10000c66:	f7ff fdb3 	bl	100007d0 <next_striped_spin_lock_num>
10000c6a:	4601      	mov	r1, r0
10000c6c:	4620      	mov	r0, r4
10000c6e:	f7ff ffdf 	bl	10000c30 <lock_init>
10000c72:	7126      	strb	r6, [r4, #4]
10000c74:	f3bf 8f5f 	dmb	sy
10000c78:	3408      	adds	r4, #8
10000c7a:	42ac      	cmp	r4, r5
10000c7c:	d3e4      	bcc.n	10000c48 <runtime_init_mutex+0xc>
10000c7e:	bd70      	pop	{r4, r5, r6, pc}
10000c80:	200015c4 	.word	0x200015c4
10000c84:	200015cc 	.word	0x200015cc

10000c88 <mutex_init>:
10000c88:	b510      	push	{r4, lr}
10000c8a:	4604      	mov	r4, r0
10000c8c:	f7ff fda0 	bl	100007d0 <next_striped_spin_lock_num>
10000c90:	4601      	mov	r1, r0
10000c92:	4620      	mov	r0, r4
10000c94:	f7ff ffcc 	bl	10000c30 <lock_init>
10000c98:	23ff      	movs	r3, #255	@ 0xff
10000c9a:	7123      	strb	r3, [r4, #4]
10000c9c:	f3bf 8f5f 	dmb	sy
10000ca0:	bd10      	pop	{r4, pc}
10000ca2:	bf00      	nop

10000ca4 <critical_section_init>:
10000ca4:	b510      	push	{r4, lr}
10000ca6:	4604      	mov	r4, r0
10000ca8:	2001      	movs	r0, #1
10000caa:	f7ff fd9d 	bl	100007e8 <spin_lock_claim_unused>
10000cae:	4b03      	ldr	r3, [pc, #12]	@ (10000cbc <critical_section_init+0x18>)
10000cb0:	4403      	add	r3, r0
10000cb2:	6023      	str	r3, [r4, #0]
10000cb4:	f3bf 8f5f 	dmb	sy
10000cb8:	bd10      	pop	{r4, pc}
10000cba:	bf00      	nop
10000cbc:	200018fc 	.word	0x200018fc

10000cc0 <critical_section_init_with_lock_num>:
10000cc0:	4b02      	ldr	r3, [pc, #8]	@ (10000ccc <critical_section_init_with_lock_num+0xc>)
10000cc2:	440b      	add	r3, r1
10000cc4:	6003      	str	r3, [r0, #0]
10000cc6:	f3bf 8f5f 	dmb	sy
10000cca:	4770      	bx	lr
10000ccc:	200018fc 	.word	0x200018fc

10000cd0 <sleep_until_callback>:
10000cd0:	bf40      	sev
10000cd2:	2000      	movs	r0, #0
10000cd4:	2100      	movs	r1, #0
10000cd6:	4770      	bx	lr

10000cd8 <alarm_pool_irq_handler>:
10000cd8:	e92d 4ff0 	stmdb	sp!, {r4, r5, r6, r7, r8, r9, sl, fp, lr}
10000cdc:	b085      	sub	sp, #20
10000cde:	f3ef 8305 	mrs	r3, IPSR
10000ce2:	b2db      	uxtb	r3, r3
10000ce4:	3b10      	subs	r3, #16
10000ce6:	089a      	lsrs	r2, r3, #2
10000ce8:	bf1a      	itte	ne
10000cea:	2201      	movne	r2, #1
10000cec:	4999      	ldrne	r1, [pc, #612]	@ (10000f54 <alarm_pool_irq_handler+0x27c>)
10000cee:	499a      	ldreq	r1, [pc, #616]	@ (10000f58 <alarm_pool_irq_handler+0x280>)
10000cf0:	f003 0a03 	and.w	sl, r3, #3
10000cf4:	9100      	str	r1, [sp, #0]
10000cf6:	2101      	movs	r1, #1
10000cf8:	4b98      	ldr	r3, [pc, #608]	@ (10000f5c <alarm_pool_irq_handler+0x284>)
10000cfa:	eb0a 0282 	add.w	r2, sl, r2, lsl #2
10000cfe:	f853 4022 	ldr.w	r4, [r3, r2, lsl #2]
10000d02:	9b00      	ldr	r3, [sp, #0]
10000d04:	fa01 f20a 	lsl.w	r2, r1, sl
10000d08:	f503 5341 	add.w	r3, r3, #12352	@ 0x3040
10000d0c:	f104 0b08 	add.w	fp, r4, #8
10000d10:	9201      	str	r2, [sp, #4]
10000d12:	605a      	str	r2, [r3, #4]
10000d14:	f9b4 6008 	ldrsh.w	r6, [r4, #8]
10000d18:	e9dd 0300 	ldrd	r0, r3, [sp]
10000d1c:	2e00      	cmp	r6, #0
10000d1e:	63c3      	str	r3, [r0, #60]	@ 0x3c
10000d20:	da72      	bge.n	10000e08 <alarm_pool_irq_handler+0x130>
10000d22:	88a3      	ldrh	r3, [r4, #4]
10000d24:	041b      	lsls	r3, r3, #16
10000d26:	f100 811b 	bmi.w	10000f60 <alarm_pool_irq_handler+0x288>
10000d2a:	6923      	ldr	r3, [r4, #16]
10000d2c:	f3ef 8210 	mrs	r2, PRIMASK
10000d30:	b672      	cpsid	i
10000d32:	e8d3 0fcf 	ldaexb	r0, [r3]
10000d36:	2101      	movs	r1, #1
10000d38:	2800      	cmp	r0, #0
10000d3a:	d1fa      	bne.n	10000d32 <alarm_pool_irq_handler+0x5a>
10000d3c:	e8c3 1f40 	strexb	r0, r1, [r3]
10000d40:	2800      	cmp	r0, #0
10000d42:	d1f6      	bne.n	10000d32 <alarm_pool_irq_handler+0x5a>
10000d44:	f3bf 8f5f 	dmb	sy
10000d48:	f64f 76ff 	movw	r6, #65535	@ 0xffff
10000d4c:	88a0      	ldrh	r0, [r4, #4]
10000d4e:	2100      	movs	r1, #0
10000d50:	6923      	ldr	r3, [r4, #16]
10000d52:	b200      	sxth	r0, r0
10000d54:	80a6      	strh	r6, [r4, #4]
10000d56:	e8c3 1f8f 	stlb	r1, [r3]
10000d5a:	f382 8810 	msr	PRIMASK, r2
10000d5e:	4288      	cmp	r0, r1
10000d60:	db28      	blt.n	10000db4 <alarm_pool_irq_handler+0xdc>
10000d62:	46a6      	mov	lr, r4
10000d64:	4605      	mov	r5, r0
10000d66:	6967      	ldr	r7, [r4, #20]
10000d68:	f9be 3008 	ldrsh.w	r3, [lr, #8]
10000d6c:	eb05 0645 	add.w	r6, r5, r5, lsl #1
10000d70:	2b00      	cmp	r3, #0
10000d72:	46dc      	mov	ip, fp
10000d74:	eb07 02c6 	add.w	r2, r7, r6, lsl #3
10000d78:	db13      	blt.n	10000da2 <alarm_pool_irq_handler+0xca>
10000d7a:	e9d2 4002 	ldrd	r4, r0, [r2, #8]
10000d7e:	46a9      	mov	r9, r5
10000d80:	e004      	b.n	10000d8c <alarm_pool_irq_handler+0xb4>
10000d82:	f937 3038 	ldrsh.w	r3, [r7, r8, lsl #3]
10000d86:	4694      	mov	ip, r2
10000d88:	2b00      	cmp	r3, #0
10000d8a:	db09      	blt.n	10000da0 <alarm_pool_irq_handler+0xc8>
10000d8c:	eb03 0843 	add.w	r8, r3, r3, lsl #1
10000d90:	eb07 02c8 	add.w	r2, r7, r8, lsl #3
10000d94:	e9d2 5102 	ldrd	r5, r1, [r2, #8]
10000d98:	42ac      	cmp	r4, r5
10000d9a:	eb70 0101 	sbcs.w	r1, r0, r1
10000d9e:	daf0      	bge.n	10000d82 <alarm_pool_irq_handler+0xaa>
10000da0:	464d      	mov	r5, r9
10000da2:	f8ac 5000 	strh.w	r5, [ip]
10000da6:	f937 5036 	ldrsh.w	r5, [r7, r6, lsl #3]
10000daa:	f827 3036 	strh.w	r3, [r7, r6, lsl #3]
10000dae:	2d00      	cmp	r5, #0
10000db0:	dada      	bge.n	10000d68 <alarm_pool_irq_handler+0x90>
10000db2:	4674      	mov	r4, lr
10000db4:	f9b4 3008 	ldrsh.w	r3, [r4, #8]
10000db8:	2b00      	cmp	r3, #0
10000dba:	f2c0 811b 	blt.w	10000ff4 <alarm_pool_irq_handler+0x31c>
10000dbe:	6962      	ldr	r2, [r4, #20]
10000dc0:	9d00      	ldr	r5, [sp, #0]
10000dc2:	eb03 0343 	add.w	r3, r3, r3, lsl #1
10000dc6:	eb02 03c3 	add.w	r3, r2, r3, lsl #3
10000dca:	eb05 008a 	add.w	r0, r5, sl, lsl #2
10000dce:	6aa9      	ldr	r1, [r5, #40]	@ 0x28
10000dd0:	689e      	ldr	r6, [r3, #8]
10000dd2:	6902      	ldr	r2, [r0, #16]
10000dd4:	eba6 0c01 	sub.w	ip, r6, r1
10000dd8:	1a52      	subs	r2, r2, r1
10000dda:	4594      	cmp	ip, r2
10000ddc:	68df      	ldr	r7, [r3, #12]
10000dde:	d305      	bcc.n	10000dec <alarm_pool_irq_handler+0x114>
10000de0:	2301      	movs	r3, #1
10000de2:	6a2a      	ldr	r2, [r5, #32]
10000de4:	fa03 f30a 	lsl.w	r3, r3, sl
10000de8:	4213      	tst	r3, r2
10000dea:	d100      	bne.n	10000dee <alarm_pool_irq_handler+0x116>
10000dec:	6106      	str	r6, [r0, #16]
10000dee:	79a3      	ldrb	r3, [r4, #6]
10000df0:	2b00      	cmp	r3, #0
10000df2:	d149      	bne.n	10000e88 <alarm_pool_irq_handler+0x1b0>
10000df4:	9800      	ldr	r0, [sp, #0]
10000df6:	f000 fb83 	bl	10001500 <timer_time_us_64>
10000dfa:	42b0      	cmp	r0, r6
10000dfc:	41b9      	sbcs	r1, r7
10000dfe:	da89      	bge.n	10000d14 <alarm_pool_irq_handler+0x3c>
10000e00:	bf40      	sev
10000e02:	b005      	add	sp, #20
10000e04:	e8bd 8ff0 	ldmia.w	sp!, {r4, r5, r6, r7, r8, r9, sl, fp, pc}
10000e08:	f8d4 9014 	ldr.w	r9, [r4, #20]
10000e0c:	eb06 0846 	add.w	r8, r6, r6, lsl #1
10000e10:	eb09 07c8 	add.w	r7, r9, r8, lsl #3
10000e14:	68bb      	ldr	r3, [r7, #8]
10000e16:	68fd      	ldr	r5, [r7, #12]
10000e18:	9302      	str	r3, [sp, #8]
10000e1a:	f000 fb71 	bl	10001500 <timer_time_us_64>
10000e1e:	9b02      	ldr	r3, [sp, #8]
10000e20:	4298      	cmp	r0, r3
10000e22:	41a9      	sbcs	r1, r5
10000e24:	db2b      	blt.n	10000e7e <alarm_pool_irq_handler+0x1a6>
10000e26:	e9d7 3104 	ldrd	r3, r1, [r7, #16]
10000e2a:	2b02      	cmp	r3, #2
10000e2c:	d06b      	beq.n	10000f06 <alarm_pool_irq_handler+0x22e>
10000e2e:	887a      	ldrh	r2, [r7, #2]
10000e30:	f9b4 0008 	ldrsh.w	r0, [r4, #8]
10000e34:	b292      	uxth	r2, r2
10000e36:	ea42 4000 	orr.w	r0, r2, r0, lsl #16
10000e3a:	4798      	blx	r3
10000e3c:	4602      	mov	r2, r0
10000e3e:	460b      	mov	r3, r1
10000e40:	ea52 0103 	orrs.w	r1, r2, r3
10000e44:	d065      	beq.n	10000f12 <alarm_pool_irq_handler+0x23a>
10000e46:	2b00      	cmp	r3, #0
10000e48:	f280 80aa 	bge.w	10000fa0 <alarm_pool_irq_handler+0x2c8>
10000e4c:	9902      	ldr	r1, [sp, #8]
10000e4e:	ebb1 0c02 	subs.w	ip, r1, r2
10000e52:	eb65 0e03 	sbc.w	lr, r5, r3
10000e56:	f939 3038 	ldrsh.w	r3, [r9, r8, lsl #3]
10000e5a:	e9c7 ce02 	strd	ip, lr, [r7, #8]
10000e5e:	2b00      	cmp	r3, #0
10000e60:	db0d      	blt.n	10000e7e <alarm_pool_irq_handler+0x1a6>
10000e62:	6960      	ldr	r0, [r4, #20]
10000e64:	eb03 0243 	add.w	r2, r3, r3, lsl #1
10000e68:	eb00 02c2 	add.w	r2, r0, r2, lsl #3
10000e6c:	e9d2 7102 	ldrd	r7, r1, [r2, #8]
10000e70:	45bc      	cmp	ip, r7
10000e72:	eb7e 0501 	sbcs.w	r5, lr, r1
10000e76:	ea4f 0243 	mov.w	r2, r3, lsl #1
10000e7a:	f280 809d 	bge.w	10000fb8 <alarm_pool_irq_handler+0x2e0>
10000e7e:	88a3      	ldrh	r3, [r4, #4]
10000e80:	0418      	lsls	r0, r3, #16
10000e82:	f57f af52 	bpl.w	10000d2a <alarm_pool_irq_handler+0x52>
10000e86:	e795      	b.n	10000db4 <alarm_pool_irq_handler+0xdc>
10000e88:	f04f 0800 	mov.w	r8, #0
10000e8c:	f884 8006 	strb.w	r8, [r4, #6]
10000e90:	f9b4 3008 	ldrsh.w	r3, [r4, #8]
10000e94:	1c59      	adds	r1, r3, #1
10000e96:	d0ad      	beq.n	10000df4 <alarm_pool_irq_handler+0x11c>
10000e98:	46dc      	mov	ip, fp
10000e9a:	f8cd a008 	str.w	sl, [sp, #8]
10000e9e:	e002      	b.n	10000ea6 <alarm_pool_irq_handler+0x1ce>
10000ea0:	1c5a      	adds	r2, r3, #1
10000ea2:	46ac      	mov	ip, r5
10000ea4:	d02c      	beq.n	10000f00 <alarm_pool_irq_handler+0x228>
10000ea6:	6962      	ldr	r2, [r4, #20]
10000ea8:	eb03 0143 	add.w	r1, r3, r3, lsl #1
10000eac:	eb02 05c1 	add.w	r5, r2, r1, lsl #3
10000eb0:	f8b5 e002 	ldrh.w	lr, [r5, #2]
10000eb4:	4618      	mov	r0, r3
10000eb6:	f41e 4f00 	tst.w	lr, #32768	@ 0x8000
10000eba:	f932 3031 	ldrsh.w	r3, [r2, r1, lsl #3]
10000ebe:	d0ef      	beq.n	10000ea0 <alarm_pool_irq_handler+0x1c8>
10000ec0:	6925      	ldr	r5, [r4, #16]
10000ec2:	f8ac 3000 	strh.w	r3, [ip]
10000ec6:	f3ef 8e10 	mrs	lr, PRIMASK
10000eca:	b672      	cpsid	i
10000ecc:	e8d5 afcf 	ldaexb	sl, [r5]
10000ed0:	f05f 0901 	movs.w	r9, #1
10000ed4:	f1ba 0f00 	cmp.w	sl, #0
10000ed8:	d1f8      	bne.n	10000ecc <alarm_pool_irq_handler+0x1f4>
10000eda:	e8c5 9f4a 	strexb	sl, r9, [r5]
10000ede:	f1ba 0f00 	cmp.w	sl, #0
10000ee2:	d1f3      	bne.n	10000ecc <alarm_pool_irq_handler+0x1f4>
10000ee4:	f3bf 8f5f 	dmb	sy
10000ee8:	f8b4 9002 	ldrh.w	r9, [r4, #2]
10000eec:	6925      	ldr	r5, [r4, #16]
10000eee:	f822 9031 	strh.w	r9, [r2, r1, lsl #3]
10000ef2:	8060      	strh	r0, [r4, #2]
10000ef4:	e8c5 8f8f 	stlb	r8, [r5]
10000ef8:	f38e 8810 	msr	PRIMASK, lr
10000efc:	1c5a      	adds	r2, r3, #1
10000efe:	d1d2      	bne.n	10000ea6 <alarm_pool_irq_handler+0x1ce>
10000f00:	f8dd a008 	ldr.w	sl, [sp, #8]
10000f04:	e776      	b.n	10000df4 <alarm_pool_irq_handler+0x11c>
10000f06:	4608      	mov	r0, r1
10000f08:	690b      	ldr	r3, [r1, #16]
10000f0a:	9103      	str	r1, [sp, #12]
10000f0c:	4798      	blx	r3
10000f0e:	2800      	cmp	r0, #0
10000f10:	d139      	bne.n	10000f86 <alarm_pool_irq_handler+0x2ae>
10000f12:	f839 3038 	ldrh.w	r3, [r9, r8, lsl #3]
10000f16:	8123      	strh	r3, [r4, #8]
10000f18:	6923      	ldr	r3, [r4, #16]
10000f1a:	f3ef 8210 	mrs	r2, PRIMASK
10000f1e:	b672      	cpsid	i
10000f20:	e8d3 0fcf 	ldaexb	r0, [r3]
10000f24:	2101      	movs	r1, #1
10000f26:	2800      	cmp	r0, #0
10000f28:	d1fa      	bne.n	10000f20 <alarm_pool_irq_handler+0x248>
10000f2a:	e8c3 1f40 	strexb	r0, r1, [r3]
10000f2e:	2800      	cmp	r0, #0
10000f30:	d1f6      	bne.n	10000f20 <alarm_pool_irq_handler+0x248>
10000f32:	f3bf 8f5f 	dmb	sy
10000f36:	8863      	ldrh	r3, [r4, #2]
10000f38:	6921      	ldr	r1, [r4, #16]
10000f3a:	f829 3038 	strh.w	r3, [r9, r8, lsl #3]
10000f3e:	2300      	movs	r3, #0
10000f40:	8066      	strh	r6, [r4, #2]
10000f42:	e8c1 3f8f 	stlb	r3, [r1]
10000f46:	f382 8810 	msr	PRIMASK, r2
10000f4a:	88a3      	ldrh	r3, [r4, #4]
10000f4c:	0418      	lsls	r0, r3, #16
10000f4e:	f57f aeec 	bpl.w	10000d2a <alarm_pool_irq_handler+0x52>
10000f52:	e72f      	b.n	10000db4 <alarm_pool_irq_handler+0xdc>
10000f54:	400b8000 	.word	0x400b8000
10000f58:	400b0000 	.word	0x400b0000
10000f5c:	20001ec4 	.word	0x20001ec4
10000f60:	4604      	mov	r4, r0
10000f62:	4620      	mov	r0, r4
10000f64:	f000 facc 	bl	10001500 <timer_time_us_64>
10000f68:	f100 4200 	add.w	r2, r0, #2147483648	@ 0x80000000
10000f6c:	eb04 008a 	add.w	r0, r4, sl, lsl #2
10000f70:	6aa3      	ldr	r3, [r4, #40]	@ 0x28
10000f72:	6901      	ldr	r1, [r0, #16]
10000f74:	1ac9      	subs	r1, r1, r3
10000f76:	1ad3      	subs	r3, r2, r3
10000f78:	428b      	cmp	r3, r1
10000f7a:	d208      	bcs.n	10000f8e <alarm_pool_irq_handler+0x2b6>
10000f7c:	6102      	str	r2, [r0, #16]
10000f7e:	bf40      	sev
10000f80:	b005      	add	sp, #20
10000f82:	e8bd 8ff0 	ldmia.w	sp!, {r4, r5, r6, r7, r8, r9, sl, fp, pc}
10000f86:	9903      	ldr	r1, [sp, #12]
10000f88:	e9d1 2300 	ldrd	r2, r3, [r1]
10000f8c:	e758      	b.n	10000e40 <alarm_pool_irq_handler+0x168>
10000f8e:	2301      	movs	r3, #1
10000f90:	6a21      	ldr	r1, [r4, #32]
10000f92:	fa03 f30a 	lsl.w	r3, r3, sl
10000f96:	420b      	tst	r3, r1
10000f98:	f47f af32 	bne.w	10000e00 <alarm_pool_irq_handler+0x128>
10000f9c:	6102      	str	r2, [r0, #16]
10000f9e:	e7ee      	b.n	10000f7e <alarm_pool_irq_handler+0x2a6>
10000fa0:	9800      	ldr	r0, [sp, #0]
10000fa2:	e9cd 2302 	strd	r2, r3, [sp, #8]
10000fa6:	f000 faab 	bl	10001500 <timer_time_us_64>
10000faa:	9a02      	ldr	r2, [sp, #8]
10000fac:	9b03      	ldr	r3, [sp, #12]
10000fae:	eb10 0c02 	adds.w	ip, r0, r2
10000fb2:	eb43 0e01 	adc.w	lr, r3, r1
10000fb6:	e74e      	b.n	10000e56 <alarm_pool_irq_handler+0x17e>
10000fb8:	4625      	mov	r5, r4
10000fba:	f825 3f08 	strh.w	r3, [r5, #8]!
10000fbe:	e006      	b.n	10000fce <alarm_pool_irq_handler+0x2f6>
10000fc0:	eb03 0243 	add.w	r2, r3, r3, lsl #1
10000fc4:	eb00 02c2 	add.w	r2, r0, r2, lsl #3
10000fc8:	e9d2 7102 	ldrd	r7, r1, [r2, #8]
10000fcc:	005a      	lsls	r2, r3, #1
10000fce:	45bc      	cmp	ip, r7
10000fd0:	eb7e 0101 	sbcs.w	r1, lr, r1
10000fd4:	441a      	add	r2, r3
10000fd6:	db05      	blt.n	10000fe4 <alarm_pool_irq_handler+0x30c>
10000fd8:	f930 3032 	ldrsh.w	r3, [r0, r2, lsl #3]
10000fdc:	eb00 05c2 	add.w	r5, r0, r2, lsl #3
10000fe0:	2b00      	cmp	r3, #0
10000fe2:	daed      	bge.n	10000fc0 <alarm_pool_irq_handler+0x2e8>
10000fe4:	f829 3038 	strh.w	r3, [r9, r8, lsl #3]
10000fe8:	802e      	strh	r6, [r5, #0]
10000fea:	88a3      	ldrh	r3, [r4, #4]
10000fec:	0418      	lsls	r0, r3, #16
10000fee:	f57f ae9c 	bpl.w	10000d2a <alarm_pool_irq_handler+0x52>
10000ff2:	e6df      	b.n	10000db4 <alarm_pool_irq_handler+0xdc>
10000ff4:	9c00      	ldr	r4, [sp, #0]
10000ff6:	e7b4      	b.n	10000f62 <alarm_pool_irq_handler+0x28a>

10000ff8 <runtime_init_default_alarm_pool>:
10000ff8:	b538      	push	{r3, r4, r5, lr}
10000ffa:	4b33      	ldr	r3, [pc, #204]	@ (100010c8 <runtime_init_default_alarm_pool+0xd0>)
10000ffc:	691c      	ldr	r4, [r3, #16]
10000ffe:	b104      	cbz	r4, 10001002 <runtime_init_default_alarm_pool+0xa>
10001000:	bd38      	pop	{r3, r4, r5, pc}
10001002:	2103      	movs	r1, #3
10001004:	4831      	ldr	r0, [pc, #196]	@ (100010cc <runtime_init_default_alarm_pool+0xd4>)
10001006:	f000 fa69 	bl	100014dc <timer_hardware_alarm_claim>
1000100a:	4d30      	ldr	r5, [pc, #192]	@ (100010cc <runtime_init_default_alarm_pool+0xd4>)
1000100c:	4b2e      	ldr	r3, [pc, #184]	@ (100010c8 <runtime_init_default_alarm_pool+0xd0>)
1000100e:	60dd      	str	r5, [r3, #12]
10001010:	f7ff fbde 	bl	100007d0 <next_striped_spin_lock_num>
10001014:	4a2e      	ldr	r2, [pc, #184]	@ (100010d0 <runtime_init_default_alarm_pool+0xd8>)
10001016:	f04f 4e50 	mov.w	lr, #3489660928	@ 0xd0000000
1000101a:	4402      	add	r2, r0
1000101c:	2003      	movs	r0, #3
1000101e:	4b2a      	ldr	r3, [pc, #168]	@ (100010c8 <runtime_init_default_alarm_pool+0xd0>)
10001020:	f04f 0c0f 	mov.w	ip, #15
10001024:	7018      	strb	r0, [r3, #0]
10001026:	611a      	str	r2, [r3, #16]
10001028:	f8de 2000 	ldr.w	r2, [lr]
1000102c:	f64f 71ff 	movw	r1, #65535	@ 0xffff
10001030:	705a      	strb	r2, [r3, #1]
10001032:	695a      	ldr	r2, [r3, #20]
10001034:	f8a3 c002 	strh.w	ip, [r3, #2]
10001038:	8314      	strh	r4, [r2, #24]
1000103a:	f04f 0402 	mov.w	r4, #2
1000103e:	f8a2 4048 	strh.w	r4, [r2, #72]	@ 0x48
10001042:	f04f 0404 	mov.w	r4, #4
10001046:	f8a2 4078 	strh.w	r4, [r2, #120]	@ 0x78
1000104a:	f04f 0405 	mov.w	r4, #5
1000104e:	f8a2 4090 	strh.w	r4, [r2, #144]	@ 0x90
10001052:	f04f 0406 	mov.w	r4, #6
10001056:	f8a2 40a8 	strh.w	r4, [r2, #168]	@ 0xa8
1000105a:	f04f 0407 	mov.w	r4, #7
1000105e:	f8a2 40c0 	strh.w	r4, [r2, #192]	@ 0xc0
10001062:	f04f 0409 	mov.w	r4, #9
10001066:	f8a2 40f0 	strh.w	r4, [r2, #240]	@ 0xf0
1000106a:	f04f 040a 	mov.w	r4, #10
1000106e:	f8a2 4108 	strh.w	r4, [r2, #264]	@ 0x108
10001072:	f04f 040b 	mov.w	r4, #11
10001076:	f8a2 4120 	strh.w	r4, [r2, #288]	@ 0x120
1000107a:	f04f 040c 	mov.w	r4, #12
1000107e:	f8a2 4138 	strh.w	r4, [r2, #312]	@ 0x138
10001082:	f04f 0401 	mov.w	r4, #1
10001086:	8614      	strh	r4, [r2, #48]	@ 0x30
10001088:	f04f 0408 	mov.w	r4, #8
1000108c:	f8a2 40d8 	strh.w	r4, [r2, #216]	@ 0xd8
10001090:	4c10      	ldr	r4, [pc, #64]	@ (100010d4 <runtime_init_default_alarm_pool+0xdc>)
10001092:	f04f 0e0d 	mov.w	lr, #13
10001096:	f04f 0c0e 	mov.w	ip, #14
1000109a:	609c      	str	r4, [r3, #8]
1000109c:	2408      	movs	r4, #8
1000109e:	8099      	strh	r1, [r3, #4]
100010a0:	f8a2 e150 	strh.w	lr, [r2, #336]	@ 0x150
100010a4:	f8a2 c168 	strh.w	ip, [r2, #360]	@ 0x168
100010a8:	f8a2 0060 	strh.w	r0, [r2, #96]	@ 0x60
100010ac:	8011      	strh	r1, [r2, #0]
100010ae:	4a0a      	ldr	r2, [pc, #40]	@ (100010d8 <runtime_init_default_alarm_pool+0xe0>)
100010b0:	490a      	ldr	r1, [pc, #40]	@ (100010dc <runtime_init_default_alarm_pool+0xe4>)
100010b2:	622c      	str	r4, [r5, #32]
100010b4:	60d3      	str	r3, [r2, #12]
100010b6:	f7ff fc1f 	bl	100008f8 <irq_set_exclusive_handler>
100010ba:	2101      	movs	r1, #1
100010bc:	2003      	movs	r0, #3
100010be:	f7ff fbd9 	bl	10000874 <irq_set_enabled>
100010c2:	4b07      	ldr	r3, [pc, #28]	@ (100010e0 <runtime_init_default_alarm_pool+0xe8>)
100010c4:	641c      	str	r4, [r3, #64]	@ 0x40
100010c6:	bd38      	pop	{r3, r4, r5, pc}
100010c8:	20001564 	.word	0x20001564
100010cc:	400b0000 	.word	0x400b0000
100010d0:	200018fc 	.word	0x200018fc
100010d4:	0010ffff 	.word	0x0010ffff
100010d8:	20001ec4 	.word	0x20001ec4
100010dc:	10000cd9 	.word	0x10000cd9
100010e0:	400b2000 	.word	0x400b2000

100010e4 <alarm_pool_get_default>:
100010e4:	4800      	ldr	r0, [pc, #0]	@ (100010e8 <alarm_pool_get_default+0x4>)
100010e6:	4770      	bx	lr
100010e8:	20001564 	.word	0x20001564

100010ec <alarm_pool_add_alarm_at>:
100010ec:	b5f0      	push	{r4, r5, r6, r7, lr}
100010ee:	b083      	sub	sp, #12
100010f0:	f89d 4028 	ldrb.w	r4, [sp, #40]	@ 0x28
100010f4:	461d      	mov	r5, r3
100010f6:	4603      	mov	r3, r0
100010f8:	b954      	cbnz	r4, 10001110 <alarm_pool_add_alarm_at+0x24>
100010fa:	e9cd 0200 	strd	r0, r2, [sp]
100010fe:	f000 fa07 	bl	10001510 <time_us_64>
10001102:	9a01      	ldr	r2, [sp, #4]
10001104:	9b00      	ldr	r3, [sp, #0]
10001106:	4282      	cmp	r2, r0
10001108:	eb65 0101 	sbc.w	r1, r5, r1
1000110c:	42a1      	cmp	r1, r4
1000110e:	db5b      	blt.n	100011c8 <alarm_pool_add_alarm_at+0xdc>
10001110:	6919      	ldr	r1, [r3, #16]
10001112:	f3ef 8010 	mrs	r0, PRIMASK
10001116:	b672      	cpsid	i
10001118:	e8d1 6fcf 	ldaexb	r6, [r1]
1000111c:	2401      	movs	r4, #1
1000111e:	2e00      	cmp	r6, #0
10001120:	d1fa      	bne.n	10001118 <alarm_pool_add_alarm_at+0x2c>
10001122:	e8c1 4f46 	strexb	r6, r4, [r1]
10001126:	2e00      	cmp	r6, #0
10001128:	d1f6      	bne.n	10001118 <alarm_pool_add_alarm_at+0x2c>
1000112a:	f3bf 8f5f 	dmb	sy
1000112e:	f9b3 4002 	ldrsh.w	r4, [r3, #2]
10001132:	691f      	ldr	r7, [r3, #16]
10001134:	2c00      	cmp	r4, #0
10001136:	db3e      	blt.n	100011b6 <alarm_pool_add_alarm_at+0xca>
10001138:	f8d3 c014 	ldr.w	ip, [r3, #20]
1000113c:	eb04 0e44 	add.w	lr, r4, r4, lsl #1
10001140:	f83c 103e 	ldrh.w	r1, [ip, lr, lsl #3]
10001144:	2600      	movs	r6, #0
10001146:	8059      	strh	r1, [r3, #2]
10001148:	eb0c 01ce 	add.w	r1, ip, lr, lsl #3
1000114c:	e8c7 6f8f 	stlb	r6, [r7]
10001150:	f380 8810 	msr	PRIMASK, r0
10001154:	8848      	ldrh	r0, [r1, #2]
10001156:	e9c1 2502 	strd	r2, r5, [r1, #8]
1000115a:	3001      	adds	r0, #1
1000115c:	f3c0 000e 	ubfx	r0, r0, #0, #15
10001160:	2801      	cmp	r0, #1
10001162:	bf38      	it	cc
10001164:	2001      	movcc	r0, #1
10001166:	9a08      	ldr	r2, [sp, #32]
10001168:	8048      	strh	r0, [r1, #2]
1000116a:	610a      	str	r2, [r1, #16]
1000116c:	9a09      	ldr	r2, [sp, #36]	@ 0x24
1000116e:	ea40 4004 	orr.w	r0, r0, r4, lsl #16
10001172:	614a      	str	r2, [r1, #20]
10001174:	691a      	ldr	r2, [r3, #16]
10001176:	f3ef 8110 	mrs	r1, PRIMASK
1000117a:	b672      	cpsid	i
1000117c:	e8d2 7fcf 	ldaexb	r7, [r2]
10001180:	2501      	movs	r5, #1
10001182:	2f00      	cmp	r7, #0
10001184:	d1fa      	bne.n	1000117c <alarm_pool_add_alarm_at+0x90>
10001186:	e8c2 5f47 	strexb	r7, r5, [r2]
1000118a:	2f00      	cmp	r7, #0
1000118c:	d1f6      	bne.n	1000117c <alarm_pool_add_alarm_at+0x90>
1000118e:	f3bf 8f5f 	dmb	sy
10001192:	889a      	ldrh	r2, [r3, #4]
10001194:	f82c 203e 	strh.w	r2, [ip, lr, lsl #3]
10001198:	691a      	ldr	r2, [r3, #16]
1000119a:	809c      	strh	r4, [r3, #4]
1000119c:	e8c2 6f8f 	stlb	r6, [r2]
100011a0:	f381 8810 	msr	PRIMASK, r1
100011a4:	2101      	movs	r1, #1
100011a6:	781c      	ldrb	r4, [r3, #0]
100011a8:	68da      	ldr	r2, [r3, #12]
100011aa:	40a1      	lsls	r1, r4
100011ac:	f502 5301 	add.w	r3, r2, #8256	@ 0x2040
100011b0:	6059      	str	r1, [r3, #4]
100011b2:	b003      	add	sp, #12
100011b4:	bdf0      	pop	{r4, r5, r6, r7, pc}
100011b6:	2300      	movs	r3, #0
100011b8:	e8c7 3f8f 	stlb	r3, [r7]
100011bc:	f380 8810 	msr	PRIMASK, r0
100011c0:	f04f 30ff 	mov.w	r0, #4294967295	@ 0xffffffff
100011c4:	b003      	add	sp, #12
100011c6:	bdf0      	pop	{r4, r5, r6, r7, pc}
100011c8:	4620      	mov	r0, r4
100011ca:	b003      	add	sp, #12
100011cc:	bdf0      	pop	{r4, r5, r6, r7, pc}
100011ce:	bf00      	nop

100011d0 <alarm_pool_add_alarm_at_force_in_context>:
100011d0:	b5f0      	push	{r4, r5, r6, r7, lr}
100011d2:	4616      	mov	r6, r2
100011d4:	461f      	mov	r7, r3
100011d6:	6902      	ldr	r2, [r0, #16]
100011d8:	4603      	mov	r3, r0
100011da:	f3ef 8010 	mrs	r0, PRIMASK
100011de:	b672      	cpsid	i
100011e0:	e8d2 4fcf 	ldaexb	r4, [r2]
100011e4:	2101      	movs	r1, #1
100011e6:	2c00      	cmp	r4, #0
100011e8:	d1fa      	bne.n	100011e0 <alarm_pool_add_alarm_at_force_in_context+0x10>
100011ea:	e8c2 1f44 	strexb	r4, r1, [r2]
100011ee:	2c00      	cmp	r4, #0
100011f0:	d1f6      	bne.n	100011e0 <alarm_pool_add_alarm_at_force_in_context+0x10>
100011f2:	f3bf 8f5f 	dmb	sy
100011f6:	f9b3 1002 	ldrsh.w	r1, [r3, #2]
100011fa:	691d      	ldr	r5, [r3, #16]
100011fc:	2900      	cmp	r1, #0
100011fe:	db45      	blt.n	1000128c <alarm_pool_add_alarm_at_force_in_context+0xbc>
10001200:	f8d3 e014 	ldr.w	lr, [r3, #20]
10001204:	eb01 0241 	add.w	r2, r1, r1, lsl #1
10001208:	f83e 4032 	ldrh.w	r4, [lr, r2, lsl #3]
1000120c:	eb0e 0cc2 	add.w	ip, lr, r2, lsl #3
10001210:	805c      	strh	r4, [r3, #2]
10001212:	2400      	movs	r4, #0
10001214:	e8c5 4f8f 	stlb	r4, [r5]
10001218:	f380 8810 	msr	PRIMASK, r0
1000121c:	9805      	ldr	r0, [sp, #20]
1000121e:	4635      	mov	r5, r6
10001220:	f8cc 0010 	str.w	r0, [ip, #16]
10001224:	9806      	ldr	r0, [sp, #24]
10001226:	463e      	mov	r6, r7
10001228:	f8cc 0014 	str.w	r0, [ip, #20]
1000122c:	f8bc 0002 	ldrh.w	r0, [ip, #2]
10001230:	e9cc 5602 	strd	r5, r6, [ip, #8]
10001234:	3001      	adds	r0, #1
10001236:	f3c0 000e 	ubfx	r0, r0, #0, #15
1000123a:	2801      	cmp	r0, #1
1000123c:	bf38      	it	cc
1000123e:	2001      	movcc	r0, #1
10001240:	f8ac 0002 	strh.w	r0, [ip, #2]
10001244:	ea40 4001 	orr.w	r0, r0, r1, lsl #16
10001248:	f8d3 c010 	ldr.w	ip, [r3, #16]
1000124c:	f3ef 8510 	mrs	r5, PRIMASK
10001250:	b672      	cpsid	i
10001252:	e8dc 7fcf 	ldaexb	r7, [ip]
10001256:	2601      	movs	r6, #1
10001258:	2f00      	cmp	r7, #0
1000125a:	d1fa      	bne.n	10001252 <alarm_pool_add_alarm_at_force_in_context+0x82>
1000125c:	e8cc 6f47 	strexb	r7, r6, [ip]
10001260:	2f00      	cmp	r7, #0
10001262:	d1f6      	bne.n	10001252 <alarm_pool_add_alarm_at_force_in_context+0x82>
10001264:	f3bf 8f5f 	dmb	sy
10001268:	f8b3 c004 	ldrh.w	ip, [r3, #4]
1000126c:	f82e c032 	strh.w	ip, [lr, r2, lsl #3]
10001270:	8099      	strh	r1, [r3, #4]
10001272:	691a      	ldr	r2, [r3, #16]
10001274:	e8c2 4f8f 	stlb	r4, [r2]
10001278:	f385 8810 	msr	PRIMASK, r5
1000127c:	2101      	movs	r1, #1
1000127e:	781c      	ldrb	r4, [r3, #0]
10001280:	68da      	ldr	r2, [r3, #12]
10001282:	40a1      	lsls	r1, r4
10001284:	f502 5301 	add.w	r3, r2, #8256	@ 0x2040
10001288:	6059      	str	r1, [r3, #4]
1000128a:	bdf0      	pop	{r4, r5, r6, r7, pc}
1000128c:	2300      	movs	r3, #0
1000128e:	e8c5 3f8f 	stlb	r3, [r5]
10001292:	f380 8810 	msr	PRIMASK, r0
10001296:	f04f 30ff 	mov.w	r0, #4294967295	@ 0xffffffff
1000129a:	bdf0      	pop	{r4, r5, r6, r7, pc}

1000129c <alarm_pool_cancel_alarm>:
1000129c:	4603      	mov	r3, r0
1000129e:	8940      	ldrh	r0, [r0, #10]
100012a0:	ebb0 4f21 	cmp.w	r0, r1, asr #16
100012a4:	dd3a      	ble.n	1000131c <alarm_pool_cancel_alarm+0x80>
100012a6:	6958      	ldr	r0, [r3, #20]
100012a8:	140a      	asrs	r2, r1, #16
100012aa:	eb02 0242 	add.w	r2, r2, r2, lsl #1
100012ae:	b510      	push	{r4, lr}
100012b0:	f8d3 c010 	ldr.w	ip, [r3, #16]
100012b4:	eb00 00c2 	add.w	r0, r0, r2, lsl #3
100012b8:	f3ef 8e10 	mrs	lr, PRIMASK
100012bc:	b672      	cpsid	i
100012be:	e8dc 4fcf 	ldaexb	r4, [ip]
100012c2:	2201      	movs	r2, #1
100012c4:	2c00      	cmp	r4, #0
100012c6:	d1fa      	bne.n	100012be <alarm_pool_cancel_alarm+0x22>
100012c8:	e8cc 2f44 	strexb	r4, r2, [ip]
100012cc:	2c00      	cmp	r4, #0
100012ce:	d1f6      	bne.n	100012be <alarm_pool_cancel_alarm+0x22>
100012d0:	f3bf 8f5f 	dmb	sy
100012d4:	8842      	ldrh	r2, [r0, #2]
100012d6:	b289      	uxth	r1, r1
100012d8:	b292      	uxth	r2, r2
100012da:	428a      	cmp	r2, r1
100012dc:	d007      	beq.n	100012ee <alarm_pool_cancel_alarm+0x52>
100012de:	2200      	movs	r2, #0
100012e0:	691b      	ldr	r3, [r3, #16]
100012e2:	e8c3 2f8f 	stlb	r2, [r3]
100012e6:	f38e 8810 	msr	PRIMASK, lr
100012ea:	2000      	movs	r0, #0
100012ec:	bd10      	pop	{r4, pc}
100012ee:	ea6f 4242 	mvn.w	r2, r2, lsl #17
100012f2:	ea6f 4252 	mvn.w	r2, r2, lsr #17
100012f6:	8042      	strh	r2, [r0, #2]
100012f8:	2101      	movs	r1, #1
100012fa:	2200      	movs	r2, #0
100012fc:	6918      	ldr	r0, [r3, #16]
100012fe:	7199      	strb	r1, [r3, #6]
10001300:	e8c0 2f8f 	stlb	r2, [r0]
10001304:	f38e 8810 	msr	PRIMASK, lr
10001308:	f893 c000 	ldrb.w	ip, [r3]
1000130c:	68da      	ldr	r2, [r3, #12]
1000130e:	4608      	mov	r0, r1
10001310:	f502 5301 	add.w	r3, r2, #8256	@ 0x2040
10001314:	fa01 f10c 	lsl.w	r1, r1, ip
10001318:	6059      	str	r1, [r3, #4]
1000131a:	bd10      	pop	{r4, pc}
1000131c:	2000      	movs	r0, #0
1000131e:	4770      	bx	lr

10001320 <alarm_pool_core_num>:
10001320:	7840      	ldrb	r0, [r0, #1]
10001322:	4770      	bx	lr

10001324 <sleep_ms>:
10001324:	b5f0      	push	{r4, r5, r6, r7, lr}
10001326:	b083      	sub	sp, #12
10001328:	4606      	mov	r6, r0
1000132a:	f000 f8f1 	bl	10001510 <time_us_64>
1000132e:	f44f 737a 	mov.w	r3, #1000	@ 0x3e8
10001332:	4604      	mov	r4, r0
10001334:	f04f 30ff 	mov.w	r0, #4294967295	@ 0xffffffff
10001338:	f06f 4200 	mvn.w	r2, #2147483648	@ 0x80000000
1000133c:	fbe6 4103 	umlal	r4, r1, r6, r3
10001340:	42a0      	cmp	r0, r4
10001342:	eb72 0301 	sbcs.w	r3, r2, r1
10001346:	bf3a      	itte	cc
10001348:	4604      	movcc	r4, r0
1000134a:	4615      	movcc	r5, r2
1000134c:	460d      	movcs	r5, r1
1000134e:	1fa6      	subs	r6, r4, #6
10001350:	f145 37ff 	adc.w	r7, r5, #4294967295	@ 0xffffffff
10001354:	42b4      	cmp	r4, r6
10001356:	eb75 0307 	sbcs.w	r3, r5, r7
1000135a:	bf3c      	itt	cc
1000135c:	2600      	movcc	r6, #0
1000135e:	4637      	movcc	r7, r6
10001360:	f000 f8d6 	bl	10001510 <time_us_64>
10001364:	1a30      	subs	r0, r6, r0
10001366:	eb67 0101 	sbc.w	r1, r7, r1
1000136a:	2801      	cmp	r0, #1
1000136c:	f171 0100 	sbcs.w	r1, r1, #0
10001370:	da06      	bge.n	10001380 <sleep_ms+0x5c>
10001372:	4620      	mov	r0, r4
10001374:	4629      	mov	r1, r5
10001376:	b003      	add	sp, #12
10001378:	e8bd 40f0 	ldmia.w	sp!, {r4, r5, r6, r7, lr}
1000137c:	f000 b8d2 	b.w	10001524 <busy_wait_until>
10001380:	f000 f8c6 	bl	10001510 <time_us_64>
10001384:	4286      	cmp	r6, r0
10001386:	eb67 0101 	sbc.w	r1, r7, r1
1000138a:	2900      	cmp	r1, #0
1000138c:	db0a      	blt.n	100013a4 <sleep_ms+0x80>
1000138e:	2100      	movs	r1, #0
10001390:	4b0a      	ldr	r3, [pc, #40]	@ (100013bc <sleep_ms+0x98>)
10001392:	4632      	mov	r2, r6
10001394:	9300      	str	r3, [sp, #0]
10001396:	480a      	ldr	r0, [pc, #40]	@ (100013c0 <sleep_ms+0x9c>)
10001398:	463b      	mov	r3, r7
1000139a:	9101      	str	r1, [sp, #4]
1000139c:	f7ff ff18 	bl	100011d0 <alarm_pool_add_alarm_at_force_in_context>
100013a0:	3001      	adds	r0, #1
100013a2:	d0e6      	beq.n	10001372 <sleep_ms+0x4e>
100013a4:	4a07      	ldr	r2, [pc, #28]	@ (100013c4 <sleep_ms+0xa0>)
100013a6:	6a53      	ldr	r3, [r2, #36]	@ 0x24
100013a8:	429f      	cmp	r7, r3
100013aa:	d804      	bhi.n	100013b6 <sleep_ms+0x92>
100013ac:	6a91      	ldr	r1, [r2, #40]	@ 0x28
100013ae:	42b1      	cmp	r1, r6
100013b0:	d2df      	bcs.n	10001372 <sleep_ms+0x4e>
100013b2:	429f      	cmp	r7, r3
100013b4:	d1dd      	bne.n	10001372 <sleep_ms+0x4e>
100013b6:	bf20      	wfe
100013b8:	e7f5      	b.n	100013a6 <sleep_ms+0x82>
100013ba:	bf00      	nop
100013bc:	10000cd1 	.word	0x10000cd1
100013c0:	20001564 	.word	0x20001564
100013c4:	400b0000 	.word	0x400b0000

100013c8 <best_effort_wfe_or_timeout>:
100013c8:	f3ef 8205 	mrs	r2, IPSR
100013cc:	b2d2      	uxtb	r2, r2
100013ce:	b17a      	cbz	r2, 100013f0 <best_effort_wfe_or_timeout+0x28>
100013d0:	4a3f      	ldr	r2, [pc, #252]	@ (100014d0 <best_effort_wfe_or_timeout+0x108>)
100013d2:	6a53      	ldr	r3, [r2, #36]	@ 0x24
100013d4:	428b      	cmp	r3, r1
100013d6:	d309      	bcc.n	100013ec <best_effort_wfe_or_timeout+0x24>
100013d8:	bf14      	ite	ne
100013da:	2301      	movne	r3, #1
100013dc:	2300      	moveq	r3, #0
100013de:	6a92      	ldr	r2, [r2, #40]	@ 0x28
100013e0:	4282      	cmp	r2, r0
100013e2:	bf34      	ite	cc
100013e4:	4618      	movcc	r0, r3
100013e6:	f043 0001 	orrcs.w	r0, r3, #1
100013ea:	4770      	bx	lr
100013ec:	2000      	movs	r0, #0
100013ee:	4770      	bx	lr
100013f0:	b570      	push	{r4, r5, r6, lr}
100013f2:	4b38      	ldr	r3, [pc, #224]	@ (100014d4 <best_effort_wfe_or_timeout+0x10c>)
100013f4:	b084      	sub	sp, #16
100013f6:	68dd      	ldr	r5, [r3, #12]
100013f8:	4606      	mov	r6, r0
100013fa:	4628      	mov	r0, r5
100013fc:	781c      	ldrb	r4, [r3, #0]
100013fe:	e9cd 1202 	strd	r1, r2, [sp, #8]
10001402:	f000 f87d 	bl	10001500 <timer_time_us_64>
10001406:	f104 0c04 	add.w	ip, r4, #4
1000140a:	f855 c02c 	ldr.w	ip, [r5, ip, lsl #2]
1000140e:	9b02      	ldr	r3, [sp, #8]
10001410:	ebac 0c00 	sub.w	ip, ip, r0
10001414:	1a30      	subs	r0, r6, r0
10001416:	eb63 0101 	sbc.w	r1, r3, r1
1000141a:	4560      	cmp	r0, ip
1000141c:	f171 0100 	sbcs.w	r1, r1, #0
10001420:	9a03      	ldr	r2, [sp, #12]
10001422:	db1a      	blt.n	1000145a <best_effort_wfe_or_timeout+0x92>
10001424:	4a2a      	ldr	r2, [pc, #168]	@ (100014d0 <best_effort_wfe_or_timeout+0x108>)
10001426:	6a51      	ldr	r1, [r2, #36]	@ 0x24
10001428:	4299      	cmp	r1, r3
1000142a:	d307      	bcc.n	1000143c <best_effort_wfe_or_timeout+0x74>
1000142c:	6a92      	ldr	r2, [r2, #40]	@ 0x28
1000142e:	42b2      	cmp	r2, r6
10001430:	d201      	bcs.n	10001436 <best_effort_wfe_or_timeout+0x6e>
10001432:	4299      	cmp	r1, r3
10001434:	d002      	beq.n	1000143c <best_effort_wfe_or_timeout+0x74>
10001436:	2001      	movs	r0, #1
10001438:	b004      	add	sp, #16
1000143a:	bd70      	pop	{r4, r5, r6, pc}
1000143c:	bf20      	wfe
1000143e:	4a24      	ldr	r2, [pc, #144]	@ (100014d0 <best_effort_wfe_or_timeout+0x108>)
10001440:	6a51      	ldr	r1, [r2, #36]	@ 0x24
10001442:	4299      	cmp	r1, r3
10001444:	d32d      	bcc.n	100014a2 <best_effort_wfe_or_timeout+0xda>
10001446:	bf14      	ite	ne
10001448:	2001      	movne	r0, #1
1000144a:	2000      	moveq	r0, #0
1000144c:	6a93      	ldr	r3, [r2, #40]	@ 0x28
1000144e:	42b3      	cmp	r3, r6
10001450:	bf28      	it	cs
10001452:	f040 0001 	orrcs.w	r0, r0, #1
10001456:	b004      	add	sp, #16
10001458:	bd70      	pop	{r4, r5, r6, pc}
1000145a:	e9cd 2302 	strd	r2, r3, [sp, #8]
1000145e:	f000 f857 	bl	10001510 <time_us_64>
10001462:	9b03      	ldr	r3, [sp, #12]
10001464:	4286      	cmp	r6, r0
10001466:	eb63 0101 	sbc.w	r1, r3, r1
1000146a:	2900      	cmp	r1, #0
1000146c:	9a02      	ldr	r2, [sp, #8]
1000146e:	db1b      	blt.n	100014a8 <best_effort_wfe_or_timeout+0xe0>
10001470:	4919      	ldr	r1, [pc, #100]	@ (100014d8 <best_effort_wfe_or_timeout+0x110>)
10001472:	4818      	ldr	r0, [pc, #96]	@ (100014d4 <best_effort_wfe_or_timeout+0x10c>)
10001474:	e9cd 1200 	strd	r1, r2, [sp]
10001478:	4632      	mov	r2, r6
1000147a:	9302      	str	r3, [sp, #8]
1000147c:	f7ff fea8 	bl	100011d0 <alarm_pool_add_alarm_at_force_in_context>
10001480:	1e01      	subs	r1, r0, #0
10001482:	9b02      	ldr	r3, [sp, #8]
10001484:	dd10      	ble.n	100014a8 <best_effort_wfe_or_timeout+0xe0>
10001486:	4a12      	ldr	r2, [pc, #72]	@ (100014d0 <best_effort_wfe_or_timeout+0x108>)
10001488:	6a50      	ldr	r0, [r2, #36]	@ 0x24
1000148a:	4298      	cmp	r0, r3
1000148c:	d219      	bcs.n	100014c2 <best_effort_wfe_or_timeout+0xfa>
1000148e:	bf20      	wfe
10001490:	4810      	ldr	r0, [pc, #64]	@ (100014d4 <best_effort_wfe_or_timeout+0x10c>)
10001492:	9302      	str	r3, [sp, #8]
10001494:	f7ff ff02 	bl	1000129c <alarm_pool_cancel_alarm>
10001498:	4a0d      	ldr	r2, [pc, #52]	@ (100014d0 <best_effort_wfe_or_timeout+0x108>)
1000149a:	9b02      	ldr	r3, [sp, #8]
1000149c:	6a51      	ldr	r1, [r2, #36]	@ 0x24
1000149e:	4299      	cmp	r1, r3
100014a0:	d2d1      	bcs.n	10001446 <best_effort_wfe_or_timeout+0x7e>
100014a2:	2000      	movs	r0, #0
100014a4:	b004      	add	sp, #16
100014a6:	bd70      	pop	{r4, r5, r6, pc}
100014a8:	4a09      	ldr	r2, [pc, #36]	@ (100014d0 <best_effort_wfe_or_timeout+0x108>)
100014aa:	6a50      	ldr	r0, [r2, #36]	@ 0x24
100014ac:	4298      	cmp	r0, r3
100014ae:	d3f8      	bcc.n	100014a2 <best_effort_wfe_or_timeout+0xda>
100014b0:	1ac0      	subs	r0, r0, r3
100014b2:	bf18      	it	ne
100014b4:	2001      	movne	r0, #1
100014b6:	6a93      	ldr	r3, [r2, #40]	@ 0x28
100014b8:	42b3      	cmp	r3, r6
100014ba:	bf28      	it	cs
100014bc:	f040 0001 	orrcs.w	r0, r0, #1
100014c0:	e7c9      	b.n	10001456 <best_effort_wfe_or_timeout+0x8e>
100014c2:	6a92      	ldr	r2, [r2, #40]	@ 0x28
100014c4:	42b2      	cmp	r2, r6
100014c6:	d2e3      	bcs.n	10001490 <best_effort_wfe_or_timeout+0xc8>
100014c8:	4298      	cmp	r0, r3
100014ca:	d1e1      	bne.n	10001490 <best_effort_wfe_or_timeout+0xc8>
100014cc:	e7df      	b.n	1000148e <best_effort_wfe_or_timeout+0xc6>
100014ce:	bf00      	nop
100014d0:	400b0000 	.word	0x400b0000
100014d4:	20001564 	.word	0x20001564
100014d8:	10000cd1 	.word	0x10000cd1

100014dc <timer_hardware_alarm_claim>:
100014dc:	b410      	push	{r4}
100014de:	4b05      	ldr	r3, [pc, #20]	@ (100014f4 <timer_hardware_alarm_claim+0x18>)
100014e0:	4c05      	ldr	r4, [pc, #20]	@ (100014f8 <timer_hardware_alarm_claim+0x1c>)
100014e2:	4a06      	ldr	r2, [pc, #24]	@ (100014fc <timer_hardware_alarm_claim+0x20>)
100014e4:	42a0      	cmp	r0, r4
100014e6:	bf14      	ite	ne
100014e8:	4618      	movne	r0, r3
100014ea:	1c58      	addeq	r0, r3, #1
100014ec:	bc10      	pop	{r4}
100014ee:	f7ff b901 	b.w	100006f4 <hw_claim_or_assert>
100014f2:	bf00      	nop
100014f4:	20001a50 	.word	0x20001a50
100014f8:	400b8000 	.word	0x400b8000
100014fc:	100061b0 	.word	0x100061b0

10001500 <timer_time_us_64>:
10001500:	4603      	mov	r3, r0
10001502:	6a41      	ldr	r1, [r0, #36]	@ 0x24
10001504:	460a      	mov	r2, r1
10001506:	6a98      	ldr	r0, [r3, #40]	@ 0x28
10001508:	6a59      	ldr	r1, [r3, #36]	@ 0x24
1000150a:	428a      	cmp	r2, r1
1000150c:	d1fa      	bne.n	10001504 <timer_time_us_64+0x4>
1000150e:	4770      	bx	lr

10001510 <time_us_64>:
10001510:	4b03      	ldr	r3, [pc, #12]	@ (10001520 <time_us_64+0x10>)
10001512:	6a59      	ldr	r1, [r3, #36]	@ 0x24
10001514:	460a      	mov	r2, r1
10001516:	6a98      	ldr	r0, [r3, #40]	@ 0x28
10001518:	6a59      	ldr	r1, [r3, #36]	@ 0x24
1000151a:	4291      	cmp	r1, r2
1000151c:	d1fa      	bne.n	10001514 <time_us_64+0x4>
1000151e:	4770      	bx	lr
10001520:	400b0000 	.word	0x400b0000

10001524 <busy_wait_until>:
10001524:	4a07      	ldr	r2, [pc, #28]	@ (10001544 <busy_wait_until+0x20>)
10001526:	6a53      	ldr	r3, [r2, #36]	@ 0x24
10001528:	4299      	cmp	r1, r3
1000152a:	d8fc      	bhi.n	10001526 <busy_wait_until+0x2>
1000152c:	4299      	cmp	r1, r3
1000152e:	d107      	bne.n	10001540 <busy_wait_until+0x1c>
10001530:	4b04      	ldr	r3, [pc, #16]	@ (10001544 <busy_wait_until+0x20>)
10001532:	e002      	b.n	1000153a <busy_wait_until+0x16>
10001534:	6a5a      	ldr	r2, [r3, #36]	@ 0x24
10001536:	4291      	cmp	r1, r2
10001538:	d102      	bne.n	10001540 <busy_wait_until+0x1c>
1000153a:	6a9a      	ldr	r2, [r3, #40]	@ 0x28
1000153c:	4290      	cmp	r0, r2
1000153e:	d8f9      	bhi.n	10001534 <busy_wait_until+0x10>
10001540:	4770      	bx	lr
10001542:	bf00      	nop
10001544:	400b0000 	.word	0x400b0000

10001548 <clock_configure_undivided>:
10001548:	eb00 0c40 	add.w	ip, r0, r0, lsl #1
1000154c:	ea4f 0c8c 	mov.w	ip, ip, lsl #2
10001550:	f10c 4c80 	add.w	ip, ip, #1073741824	@ 0x40000000
10001554:	f50c 3c80 	add.w	ip, ip, #65536	@ 0x10000
10001558:	b570      	push	{r4, r5, r6, lr}
1000155a:	461e      	mov	r6, r3
1000155c:	f8dc 3004 	ldr.w	r3, [ip, #4]
10001560:	1f04      	subs	r4, r0, #4
10001562:	f5b3 3f80 	cmp.w	r3, #65536	@ 0x10000
10001566:	bf38      	it	cc
10001568:	f44f 3380 	movcc.w	r3, #65536	@ 0x10000
1000156c:	b2e4      	uxtb	r4, r4
1000156e:	bf38      	it	cc
10001570:	f8cc 3004 	strcc.w	r3, [ip, #4]
10001574:	2c01      	cmp	r4, #1
10001576:	d92e      	bls.n	100015d6 <clock_configure_undivided+0x8e>
10001578:	f44f 6500 	mov.w	r5, #2048	@ 0x800
1000157c:	4b28      	ldr	r3, [pc, #160]	@ (10001620 <clock_configure_undivided+0xd8>)
1000157e:	f50c 5e40 	add.w	lr, ip, #12288	@ 0x3000
10001582:	f8ce 5000 	str.w	r5, [lr]
10001586:	f853 e020 	ldr.w	lr, [r3, r0, lsl #2]
1000158a:	f1be 0f00 	cmp.w	lr, #0
1000158e:	d117      	bne.n	100015c0 <clock_configure_undivided+0x78>
10001590:	f8dc e000 	ldr.w	lr, [ip]
10001594:	2c01      	cmp	r4, #1
10001596:	ea8e 1242 	eor.w	r2, lr, r2, lsl #5
1000159a:	f002 02e0 	and.w	r2, r2, #224	@ 0xe0
1000159e:	f50c 5e80 	add.w	lr, ip, #4096	@ 0x1000
100015a2:	f8ce 2000 	str.w	r2, [lr]
100015a6:	d92b      	bls.n	10001600 <clock_configure_undivided+0xb8>
100015a8:	f44f 6100 	mov.w	r1, #2048	@ 0x800
100015ac:	f843 6020 	str.w	r6, [r3, r0, lsl #2]
100015b0:	f44f 3380 	mov.w	r3, #65536	@ 0x10000
100015b4:	f50c 5200 	add.w	r2, ip, #8192	@ 0x2000
100015b8:	6011      	str	r1, [r2, #0]
100015ba:	f8cc 3004 	str.w	r3, [ip, #4]
100015be:	bd70      	pop	{r4, r5, r6, pc}
100015c0:	695d      	ldr	r5, [r3, #20]
100015c2:	fbb5 fefe 	udiv	lr, r5, lr
100015c6:	f10e 0e01 	add.w	lr, lr, #1
100015ca:	eb0e 0e4e 	add.w	lr, lr, lr, lsl #1
100015ce:	f1be 0e03 	subs.w	lr, lr, #3
100015d2:	d2fc      	bcs.n	100015ce <clock_configure_undivided+0x86>
100015d4:	e7dc      	b.n	10001590 <clock_configure_undivided+0x48>
100015d6:	2901      	cmp	r1, #1
100015d8:	d1ce      	bne.n	10001578 <clock_configure_undivided+0x30>
100015da:	2403      	movs	r4, #3
100015dc:	f50c 5340 	add.w	r3, ip, #12288	@ 0x3000
100015e0:	601c      	str	r4, [r3, #0]
100015e2:	f8dc 3008 	ldr.w	r3, [ip, #8]
100015e6:	07db      	lsls	r3, r3, #31
100015e8:	d5fb      	bpl.n	100015e2 <clock_configure_undivided+0x9a>
100015ea:	f8dc 3000 	ldr.w	r3, [ip]
100015ee:	f50c 5e80 	add.w	lr, ip, #4096	@ 0x1000
100015f2:	ea83 1342 	eor.w	r3, r3, r2, lsl #5
100015f6:	f003 03e0 	and.w	r3, r3, #224	@ 0xe0
100015fa:	f8ce 3000 	str.w	r3, [lr]
100015fe:	4b08      	ldr	r3, [pc, #32]	@ (10001620 <clock_configure_undivided+0xd8>)
10001600:	2201      	movs	r2, #1
10001602:	f8dc 4000 	ldr.w	r4, [ip]
10001606:	404c      	eors	r4, r1
10001608:	f004 0403 	and.w	r4, r4, #3
1000160c:	f8ce 4000 	str.w	r4, [lr]
10001610:	fa02 f101 	lsl.w	r1, r2, r1
10001614:	f8dc 2008 	ldr.w	r2, [ip, #8]
10001618:	420a      	tst	r2, r1
1000161a:	d0fb      	beq.n	10001614 <clock_configure_undivided+0xcc>
1000161c:	e7c4      	b.n	100015a8 <clock_configure_undivided+0x60>
1000161e:	bf00      	nop
10001620:	20001a54 	.word	0x20001a54

10001624 <clock_get_hz>:
10001624:	4b01      	ldr	r3, [pc, #4]	@ (1000162c <clock_get_hz+0x8>)
10001626:	f853 0020 	ldr.w	r0, [r3, r0, lsl #2]
1000162a:	4770      	bx	lr
1000162c:	20001a54 	.word	0x20001a54

10001630 <pll_init>:
10001630:	b510      	push	{r4, lr}
10001632:	9c02      	ldr	r4, [sp, #8]
10001634:	468e      	mov	lr, r1
10001636:	ea4f 3c04 	mov.w	ip, r4, lsl #12
1000163a:	ea4c 4c03 	orr.w	ip, ip, r3, lsl #16
1000163e:	4b1c      	ldr	r3, [pc, #112]	@ (100016b0 <pll_init+0x80>)
10001640:	fbb3 f3f1 	udiv	r3, r3, r1
10001644:	6801      	ldr	r1, [r0, #0]
10001646:	fbb2 f4f3 	udiv	r4, r2, r3
1000164a:	2900      	cmp	r1, #0
1000164c:	db20      	blt.n	10001690 <pll_init+0x60>
1000164e:	4a19      	ldr	r2, [pc, #100]	@ (100016b4 <pll_init+0x84>)
10001650:	4b19      	ldr	r3, [pc, #100]	@ (100016b8 <pll_init+0x88>)
10001652:	4290      	cmp	r0, r2
10001654:	bf14      	ite	ne
10001656:	f44f 4280 	movne.w	r2, #16384	@ 0x4000
1000165a:	f44f 4200 	moveq.w	r2, #32768	@ 0x8000
1000165e:	4917      	ldr	r1, [pc, #92]	@ (100016bc <pll_init+0x8c>)
10001660:	601a      	str	r2, [r3, #0]
10001662:	f503 5380 	add.w	r3, r3, #4096	@ 0x1000
10001666:	601a      	str	r2, [r3, #0]
10001668:	688b      	ldr	r3, [r1, #8]
1000166a:	ea32 0303 	bics.w	r3, r2, r3
1000166e:	d1fb      	bne.n	10001668 <pll_init+0x38>
10001670:	2221      	movs	r2, #33	@ 0x21
10001672:	f500 5340 	add.w	r3, r0, #12288	@ 0x3000
10001676:	3304      	adds	r3, #4
10001678:	f8c0 e000 	str.w	lr, [r0]
1000167c:	6084      	str	r4, [r0, #8]
1000167e:	601a      	str	r2, [r3, #0]
10001680:	6802      	ldr	r2, [r0, #0]
10001682:	2a00      	cmp	r2, #0
10001684:	dafc      	bge.n	10001680 <pll_init+0x50>
10001686:	2208      	movs	r2, #8
10001688:	f8c0 c00c 	str.w	ip, [r0, #12]
1000168c:	601a      	str	r2, [r3, #0]
1000168e:	bd10      	pop	{r4, pc}
10001690:	6803      	ldr	r3, [r0, #0]
10001692:	f003 033f 	and.w	r3, r3, #63	@ 0x3f
10001696:	4573      	cmp	r3, lr
10001698:	d1d9      	bne.n	1000164e <pll_init+0x1e>
1000169a:	6883      	ldr	r3, [r0, #8]
1000169c:	f3c3 030b 	ubfx	r3, r3, #0, #12
100016a0:	42a3      	cmp	r3, r4
100016a2:	d1d4      	bne.n	1000164e <pll_init+0x1e>
100016a4:	68c3      	ldr	r3, [r0, #12]
100016a6:	f403 23ee 	and.w	r3, r3, #487424	@ 0x77000
100016aa:	4563      	cmp	r3, ip
100016ac:	d1cf      	bne.n	1000164e <pll_init+0x1e>
100016ae:	bd10      	pop	{r4, pc}
100016b0:	00b71b00 	.word	0x00b71b00
100016b4:	40058000 	.word	0x40058000
100016b8:	40022000 	.word	0x40022000
100016bc:	40020000 	.word	0x40020000

100016c0 <watchdog_reboot>:
100016c0:	f04f 4c80 	mov.w	ip, #1073741824	@ 0x40000000
100016c4:	4b21      	ldr	r3, [pc, #132]	@ (1000174c <watchdog_reboot+0x8c>)
100016c6:	b500      	push	{lr}
100016c8:	f8c3 c000 	str.w	ip, [r3]
100016cc:	2800      	cmp	r0, #0
100016ce:	d039      	beq.n	10001744 <watchdog_reboot+0x84>
100016d0:	f8df c088 	ldr.w	ip, [pc, #136]	@ 1000175c <watchdog_reboot+0x9c>
100016d4:	f5a3 5340 	sub.w	r3, r3, #12288	@ 0x3000
100016d8:	f8c3 c01c 	str.w	ip, [r3, #28]
100016dc:	f8df c080 	ldr.w	ip, [pc, #128]	@ 10001760 <watchdog_reboot+0xa0>
100016e0:	f040 0001 	orr.w	r0, r0, #1
100016e4:	ea80 0c0c 	eor.w	ip, r0, ip
100016e8:	f8c3 c020 	str.w	ip, [r3, #32]
100016ec:	6259      	str	r1, [r3, #36]	@ 0x24
100016ee:	6298      	str	r0, [r3, #40]	@ 0x28
100016f0:	f04f 4e80 	mov.w	lr, #1073741824	@ 0x40000000
100016f4:	f04f 61e0 	mov.w	r1, #117440512	@ 0x7000000
100016f8:	4b14      	ldr	r3, [pc, #80]	@ (1000174c <watchdog_reboot+0x8c>)
100016fa:	4815      	ldr	r0, [pc, #84]	@ (10001750 <watchdog_reboot+0x90>)
100016fc:	f8df c064 	ldr.w	ip, [pc, #100]	@ 10001764 <watchdog_reboot+0xa4>
10001700:	f8c3 e000 	str.w	lr, [r3]
10001704:	f8c0 c008 	str.w	ip, [r0, #8]
10001708:	6019      	str	r1, [r3, #0]
1000170a:	b92a      	cbnz	r2, 10001718 <watchdog_reboot+0x58>
1000170c:	f04f 4200 	mov.w	r2, #2147483648	@ 0x80000000
10001710:	f5a3 5380 	sub.w	r3, r3, #4096	@ 0x1000
10001714:	601a      	str	r2, [r3, #0]
10001716:	bd00      	pop	{pc}
10001718:	f44f 737a 	mov.w	r3, #1000	@ 0x3e8
1000171c:	fb03 f202 	mul.w	r2, r3, r2
10001720:	f1b2 7f80 	cmp.w	r2, #16777216	@ 0x1000000
10001724:	bf2a      	itet	cs
10001726:	f06f 437f 	mvncs.w	r3, #4278190080	@ 0xff000000
1000172a:	4613      	movcc	r3, r2
1000172c:	461a      	movcs	r2, r3
1000172e:	f04f 4180 	mov.w	r1, #1073741824	@ 0x40000000
10001732:	f8df c034 	ldr.w	ip, [pc, #52]	@ 10001768 <watchdog_reboot+0xa8>
10001736:	4807      	ldr	r0, [pc, #28]	@ (10001754 <watchdog_reboot+0x94>)
10001738:	f8cc 3000 	str.w	r3, [ip]
1000173c:	4b06      	ldr	r3, [pc, #24]	@ (10001758 <watchdog_reboot+0x98>)
1000173e:	6042      	str	r2, [r0, #4]
10001740:	6019      	str	r1, [r3, #0]
10001742:	bd00      	pop	{pc}
10001744:	4b03      	ldr	r3, [pc, #12]	@ (10001754 <watchdog_reboot+0x94>)
10001746:	61d8      	str	r0, [r3, #28]
10001748:	e7d2      	b.n	100016f0 <watchdog_reboot+0x30>
1000174a:	bf00      	nop
1000174c:	400db000 	.word	0x400db000
10001750:	4001a000 	.word	0x4001a000
10001754:	400d8000 	.word	0x400d8000
10001758:	400da000 	.word	0x400da000
1000175c:	b007c0d3 	.word	0xb007c0d3
10001760:	4ff83f2d 	.word	0x4ff83f2d
10001764:	01fffff3 	.word	0x01fffff3
10001768:	20001eb4 	.word	0x20001eb4

1000176c <tick_start>:
1000176c:	2301      	movs	r3, #1
1000176e:	eb00 0040 	add.w	r0, r0, r0, lsl #1
10001772:	0080      	lsls	r0, r0, #2
10001774:	f100 4080 	add.w	r0, r0, #1073741824	@ 0x40000000
10001778:	f500 1084 	add.w	r0, r0, #1081344	@ 0x108000
1000177c:	6041      	str	r1, [r0, #4]
1000177e:	6003      	str	r3, [r0, #0]
10001780:	4770      	bx	lr
10001782:	bf00      	nop

10001784 <rom_reboot.constprop.0.isra.0>:
10001784:	f04f 0c00 	mov.w	ip, #0
10001788:	b530      	push	{r4, r5, lr}
1000178a:	4613      	mov	r3, r2
1000178c:	b083      	sub	sp, #12
1000178e:	4604      	mov	r4, r0
10001790:	460d      	mov	r5, r1
10001792:	f8bc 2016 	ldrh.w	r2, [ip, #22]
10001796:	2100      	movs	r1, #0
10001798:	e841 f100 	tt	r1, r1
1000179c:	9301      	str	r3, [sp, #4]
1000179e:	024b      	lsls	r3, r1, #9
100017a0:	bf54      	ite	pl
100017a2:	2110      	movpl	r1, #16
100017a4:	2104      	movmi	r1, #4
100017a6:	f244 2052 	movw	r0, #16978	@ 0x4252
100017aa:	4790      	blx	r2
100017ac:	4686      	mov	lr, r0
100017ae:	462a      	mov	r2, r5
100017b0:	210a      	movs	r1, #10
100017b2:	4620      	mov	r0, r4
100017b4:	46f4      	mov	ip, lr
100017b6:	9b01      	ldr	r3, [sp, #4]
100017b8:	b003      	add	sp, #12
100017ba:	e8bd 4030 	ldmia.w	sp!, {r4, r5, lr}
100017be:	4760      	bx	ip

100017c0 <rom_func_lookup>:
100017c0:	2300      	movs	r3, #0
100017c2:	8adb      	ldrh	r3, [r3, #22]
100017c4:	2200      	movs	r2, #0
100017c6:	e842 f200 	tt	r2, r2
100017ca:	0252      	lsls	r2, r2, #9
100017cc:	d401      	bmi.n	100017d2 <rom_func_lookup+0x12>
100017ce:	2110      	movs	r1, #16
100017d0:	4718      	bx	r3
100017d2:	2104      	movs	r1, #4
100017d4:	4718      	bx	r3
100017d6:	bf00      	nop

100017d8 <rom_reset_usb_boot_extra>:
100017d8:	2800      	cmp	r0, #0
100017da:	b508      	push	{r3, lr}
100017dc:	db0e      	blt.n	100017fc <rom_reset_usb_boot_extra+0x24>
100017de:	b952      	cbnz	r2, 100017f6 <rom_reset_usb_boot_extra+0x1e>
100017e0:	f041 0120 	orr.w	r1, r1, #32
100017e4:	2300      	movs	r3, #0
100017e6:	7cdb      	ldrb	r3, [r3, #19]
100017e8:	2b02      	cmp	r3, #2
100017ea:	d00a      	beq.n	10001802 <rom_reset_usb_boot_extra+0x2a>
100017ec:	4602      	mov	r2, r0
100017ee:	f44f 7081 	mov.w	r0, #258	@ 0x102
100017f2:	f7ff ffc7 	bl	10001784 <rom_reboot.constprop.0.isra.0>
100017f6:	f041 0130 	orr.w	r1, r1, #48	@ 0x30
100017fa:	e7f3      	b.n	100017e4 <rom_reset_usb_boot_extra+0xc>
100017fc:	068b      	lsls	r3, r1, #26
100017fe:	d5f5      	bpl.n	100017ec <rom_reset_usb_boot_extra+0x14>
10001800:	e7f0      	b.n	100017e4 <rom_reset_usb_boot_extra+0xc>
10001802:	4602      	mov	r2, r0
10001804:	f44f 7091 	mov.w	r0, #290	@ 0x122
10001808:	f7ff ffbc 	bl	10001784 <rom_reboot.constprop.0.isra.0>

1000180c <runtime_init_bootrom_locking_enable>:
1000180c:	4a03      	ldr	r2, [pc, #12]	@ (1000181c <runtime_init_bootrom_locking_enable+0x10>)
1000180e:	f8d2 3828 	ldr.w	r3, [r2, #2088]	@ 0x828
10001812:	2b00      	cmp	r3, #0
10001814:	d0fb      	beq.n	1000180e <runtime_init_bootrom_locking_enable+0x2>
10001816:	f3bf 8f5f 	dmb	sy
1000181a:	4770      	bx	lr
1000181c:	400e0000 	.word	0x400e0000

10001820 <runtime_init_boot_locks_reset>:
10001820:	2100      	movs	r1, #0
10001822:	4b04      	ldr	r3, [pc, #16]	@ (10001834 <runtime_init_boot_locks_reset+0x14>)
10001824:	4a04      	ldr	r2, [pc, #16]	@ (10001838 <runtime_init_boot_locks_reset+0x18>)
10001826:	f3bf 8f5f 	dmb	sy
1000182a:	f843 1b04 	str.w	r1, [r3], #4
1000182e:	4293      	cmp	r3, r2
10001830:	d1f9      	bne.n	10001826 <runtime_init_boot_locks_reset+0x6>
10001832:	4770      	bx	lr
10001834:	400e080c 	.word	0x400e080c
10001838:	400e082c 	.word	0x400e082c

1000183c <xosc_init>:
1000183c:	f44f 6c2a 	mov.w	ip, #2720	@ 0xaa0
10001840:	f44f 708d 	mov.w	r0, #282	@ 0x11a
10001844:	4a05      	ldr	r2, [pc, #20]	@ (1000185c <xosc_init+0x20>)
10001846:	4b06      	ldr	r3, [pc, #24]	@ (10001860 <xosc_init+0x24>)
10001848:	4906      	ldr	r1, [pc, #24]	@ (10001864 <xosc_init+0x28>)
1000184a:	f8c2 c000 	str.w	ip, [r2]
1000184e:	60d0      	str	r0, [r2, #12]
10001850:	6019      	str	r1, [r3, #0]
10001852:	6853      	ldr	r3, [r2, #4]
10001854:	2b00      	cmp	r3, #0
10001856:	dafc      	bge.n	10001852 <xosc_init+0x16>
10001858:	4770      	bx	lr
1000185a:	bf00      	nop
1000185c:	40048000 	.word	0x40048000
10001860:	4004a000 	.word	0x4004a000
10001864:	00fab000 	.word	0x00fab000

10001868 <first_per_core_initializer>:
10001868:	4770      	bx	lr
1000186a:	bf00      	nop

1000186c <hard_assertion_failure>:
1000186c:	b508      	push	{r3, lr}
1000186e:	4801      	ldr	r0, [pc, #4]	@ (10001874 <hard_assertion_failure+0x8>)
10001870:	f7fe ff28 	bl	100006c4 <panic>
10001874:	100061d4 	.word	0x100061d4

10001878 <runtime_run_initializers>:
10001878:	b538      	push	{r3, r4, r5, lr}
1000187a:	4c05      	ldr	r4, [pc, #20]	@ (10001890 <runtime_run_initializers+0x18>)
1000187c:	4d05      	ldr	r5, [pc, #20]	@ (10001894 <runtime_run_initializers+0x1c>)
1000187e:	42ac      	cmp	r4, r5
10001880:	d204      	bcs.n	1000188c <runtime_run_initializers+0x14>
10001882:	f854 3b04 	ldr.w	r3, [r4], #4
10001886:	4798      	blx	r3
10001888:	42ac      	cmp	r4, r5
1000188a:	d3fa      	bcc.n	10001882 <runtime_run_initializers+0xa>
1000188c:	bd38      	pop	{r3, r4, r5, pc}
1000188e:	bf00      	nop
10001890:	10006018 	.word	0x10006018
10001894:	10006058 	.word	0x10006058

10001898 <runtime_init_early_resets>:
10001898:	4806      	ldr	r0, [pc, #24]	@ (100018b4 <runtime_init_early_resets+0x1c>)
1000189a:	f8df c028 	ldr.w	ip, [pc, #40]	@ 100018c4 <runtime_init_early_resets+0x2c>
1000189e:	4b06      	ldr	r3, [pc, #24]	@ (100018b8 <runtime_init_early_resets+0x20>)
100018a0:	4a06      	ldr	r2, [pc, #24]	@ (100018bc <runtime_init_early_resets+0x24>)
100018a2:	4907      	ldr	r1, [pc, #28]	@ (100018c0 <runtime_init_early_resets+0x28>)
100018a4:	f8c0 c000 	str.w	ip, [r0]
100018a8:	601a      	str	r2, [r3, #0]
100018aa:	688b      	ldr	r3, [r1, #8]
100018ac:	ea32 0303 	bics.w	r3, r2, r3
100018b0:	d1fb      	bne.n	100018aa <runtime_init_early_resets+0x12>
100018b2:	4770      	bx	lr
100018b4:	40022000 	.word	0x40022000
100018b8:	40023000 	.word	0x40023000
100018bc:	03f3fff6 	.word	0x03f3fff6
100018c0:	40020000 	.word	0x40020000
100018c4:	efef3b7f 	.word	0xefef3b7f

100018c8 <runtime_init_usb_power_down>:
100018c8:	4b04      	ldr	r3, [pc, #16]	@ (100018dc <runtime_init_usb_power_down+0x14>)
100018ca:	6cdb      	ldr	r3, [r3, #76]	@ 0x4c
100018cc:	f5b3 4f00 	cmp.w	r3, #32768	@ 0x8000
100018d0:	d103      	bne.n	100018da <runtime_init_usb_power_down+0x12>
100018d2:	f44f 2280 	mov.w	r2, #262144	@ 0x40000
100018d6:	4b02      	ldr	r3, [pc, #8]	@ (100018e0 <runtime_init_usb_power_down+0x18>)
100018d8:	64da      	str	r2, [r3, #76]	@ 0x4c
100018da:	4770      	bx	lr
100018dc:	50110000 	.word	0x50110000
100018e0:	50112000 	.word	0x50112000

100018e4 <runtime_init_per_core_enable_coprocessors>:
100018e4:	f04f 22e0 	mov.w	r2, #3758153728	@ 0xe000e000
100018e8:	4b04      	ldr	r3, [pc, #16]	@ (100018fc <runtime_init_per_core_enable_coprocessors+0x18>)
100018ea:	f8d2 1d88 	ldr.w	r1, [r2, #3464]	@ 0xd88
100018ee:	430b      	orrs	r3, r1
100018f0:	f8c2 3d88 	str.w	r3, [r2, #3464]	@ 0xd88
100018f4:	ee10 0430 			dcp_rcmp r0
100018f8:	4770      	bx	lr
100018fa:	bf00      	nop
100018fc:	00300303 	.word	0x00300303

10001900 <runtime_init_post_clock_resets>:
10001900:	f06f 4160 	mvn.w	r1, #3758096384	@ 0xe0000000
10001904:	4b04      	ldr	r3, [pc, #16]	@ (10001918 <runtime_init_post_clock_resets+0x18>)
10001906:	4a05      	ldr	r2, [pc, #20]	@ (1000191c <runtime_init_post_clock_resets+0x1c>)
10001908:	6019      	str	r1, [r3, #0]
1000190a:	6893      	ldr	r3, [r2, #8]
1000190c:	43db      	mvns	r3, r3
1000190e:	f033 4360 	bics.w	r3, r3, #3758096384	@ 0xe0000000
10001912:	d1fa      	bne.n	1000190a <runtime_init_post_clock_resets+0xa>
10001914:	4770      	bx	lr
10001916:	bf00      	nop
10001918:	40023000 	.word	0x40023000
1000191c:	40020000 	.word	0x40020000

10001920 <runtime_init_bootrom_reset>:
10001920:	b510      	push	{r4, lr}
10001922:	f245 2053 	movw	r0, #21075	@ 0x5253
10001926:	f7ff ff4b 	bl	100017c0 <rom_func_lookup>
1000192a:	e8bd 4010 	ldmia.w	sp!, {r4, lr}
1000192e:	4603      	mov	r3, r0
10001930:	2004      	movs	r0, #4
10001932:	4718      	bx	r3

10001934 <runtime_init_per_core_bootrom_reset>:
10001934:	b510      	push	{r4, lr}
10001936:	f245 2053 	movw	r0, #21075	@ 0x5253
1000193a:	f7ff ff41 	bl	100017c0 <rom_func_lookup>
1000193e:	e8bd 4010 	ldmia.w	sp!, {r4, lr}
10001942:	4603      	mov	r3, r0
10001944:	2001      	movs	r0, #1
10001946:	4718      	bx	r3

10001948 <runtime_init_spin_locks_reset>:
10001948:	f7fe bf68 	b.w	1000081c <spin_locks_reset>

1000194c <runtime_init_install_ram_vector_table>:
1000194c:	4913      	ldr	r1, [pc, #76]	@ (1000199c <runtime_init_install_ram_vector_table+0x50>)
1000194e:	4b14      	ldr	r3, [pc, #80]	@ (100019a0 <runtime_init_install_ram_vector_table+0x54>)
10001950:	b570      	push	{r4, r5, r6, lr}
10001952:	1a5c      	subs	r4, r3, r1
10001954:	08a5      	lsrs	r5, r4, #2
10001956:	2d44      	cmp	r5, #68	@ 0x44
10001958:	462a      	mov	r2, r5
1000195a:	bf28      	it	cs
1000195c:	2244      	movcs	r2, #68	@ 0x44
1000195e:	4e11      	ldr	r6, [pc, #68]	@ (100019a4 <runtime_init_install_ram_vector_table+0x58>)
10001960:	0092      	lsls	r2, r2, #2
10001962:	4630      	mov	r0, r6
10001964:	f004 fa86 	bl	10005e74 <memcpy>
10001968:	2d43      	cmp	r5, #67	@ 0x43
1000196a:	d813      	bhi.n	10001994 <runtime_init_install_ram_vector_table+0x48>
1000196c:	4a0e      	ldr	r2, [pc, #56]	@ (100019a8 <runtime_init_install_ram_vector_table+0x5c>)
1000196e:	d00f      	beq.n	10001990 <runtime_init_install_ram_vector_table+0x44>
10001970:	f1c5 0044 	rsb	r0, r5, #68	@ 0x44
10001974:	1933      	adds	r3, r6, r4
10001976:	0841      	lsrs	r1, r0, #1
10001978:	eb03 01c1 	add.w	r1, r3, r1, lsl #3
1000197c:	e9c3 2200 	strd	r2, r2, [r3]
10001980:	3308      	adds	r3, #8
10001982:	428b      	cmp	r3, r1
10001984:	d1fa      	bne.n	1000197c <runtime_init_install_ram_vector_table+0x30>
10001986:	07c3      	lsls	r3, r0, #31
10001988:	d504      	bpl.n	10001994 <runtime_init_install_ram_vector_table+0x48>
1000198a:	f020 0001 	bic.w	r0, r0, #1
1000198e:	4405      	add	r5, r0
10001990:	f846 2025 	str.w	r2, [r6, r5, lsl #2]
10001994:	4b05      	ldr	r3, [pc, #20]	@ (100019ac <runtime_init_install_ram_vector_table+0x60>)
10001996:	609e      	str	r6, [r3, #8]
10001998:	bd70      	pop	{r4, r5, r6, pc}
1000199a:	bf00      	nop
1000199c:	10000000 	.word	0x10000000
100019a0:	10000110 	.word	0x10000110
100019a4:	20000000 	.word	0x20000000
100019a8:	10000111 	.word	0x10000111
100019ac:	e000ed00 	.word	0xe000ed00

100019b0 <runtime_init_clocks>:
100019b0:	2300      	movs	r3, #0
100019b2:	b570      	push	{r4, r5, r6, lr}
100019b4:	4c2b      	ldr	r4, [pc, #172]	@ (10001a64 <runtime_init_clocks+0xb4>)
100019b6:	b082      	sub	sp, #8
100019b8:	f8c4 3084 	str.w	r3, [r4, #132]	@ 0x84
100019bc:	f7ff ff3e 	bl	1000183c <xosc_init>
100019c0:	2201      	movs	r2, #1
100019c2:	4b29      	ldr	r3, [pc, #164]	@ (10001a68 <runtime_init_clocks+0xb8>)
100019c4:	63da      	str	r2, [r3, #60]	@ 0x3c
100019c6:	6c63      	ldr	r3, [r4, #68]	@ 0x44
100019c8:	2b01      	cmp	r3, #1
100019ca:	d1fc      	bne.n	100019c6 <runtime_init_clocks+0x16>
100019cc:	2103      	movs	r1, #3
100019ce:	4a26      	ldr	r2, [pc, #152]	@ (10001a68 <runtime_init_clocks+0xb8>)
100019d0:	4b24      	ldr	r3, [pc, #144]	@ (10001a64 <runtime_init_clocks+0xb4>)
100019d2:	6311      	str	r1, [r2, #48]	@ 0x30
100019d4:	6b9c      	ldr	r4, [r3, #56]	@ 0x38
100019d6:	2c01      	cmp	r4, #1
100019d8:	d1fc      	bne.n	100019d4 <runtime_init_clocks+0x24>
100019da:	2602      	movs	r6, #2
100019dc:	2505      	movs	r5, #5
100019de:	4621      	mov	r1, r4
100019e0:	2305      	movs	r3, #5
100019e2:	4a22      	ldr	r2, [pc, #136]	@ (10001a6c <runtime_init_clocks+0xbc>)
100019e4:	4822      	ldr	r0, [pc, #136]	@ (10001a70 <runtime_init_clocks+0xc0>)
100019e6:	9600      	str	r6, [sp, #0]
100019e8:	f7ff fe22 	bl	10001630 <pll_init>
100019ec:	4621      	mov	r1, r4
100019ee:	462b      	mov	r3, r5
100019f0:	4a20      	ldr	r2, [pc, #128]	@ (10001a74 <runtime_init_clocks+0xc4>)
100019f2:	4821      	ldr	r0, [pc, #132]	@ (10001a78 <runtime_init_clocks+0xc8>)
100019f4:	9500      	str	r5, [sp, #0]
100019f6:	f7ff fe1b 	bl	10001630 <pll_init>
100019fa:	2200      	movs	r2, #0
100019fc:	2004      	movs	r0, #4
100019fe:	4631      	mov	r1, r6
10001a00:	4b1e      	ldr	r3, [pc, #120]	@ (10001a7c <runtime_init_clocks+0xcc>)
10001a02:	f7ff fda1 	bl	10001548 <clock_configure_undivided>
10001a06:	4621      	mov	r1, r4
10001a08:	4628      	mov	r0, r5
10001a0a:	2200      	movs	r2, #0
10001a0c:	4b1c      	ldr	r3, [pc, #112]	@ (10001a80 <runtime_init_clocks+0xd0>)
10001a0e:	f7ff fd9b 	bl	10001548 <clock_configure_undivided>
10001a12:	2200      	movs	r2, #0
10001a14:	2008      	movs	r0, #8
10001a16:	4611      	mov	r1, r2
10001a18:	4b1a      	ldr	r3, [pc, #104]	@ (10001a84 <runtime_init_clocks+0xd4>)
10001a1a:	f7ff fd95 	bl	10001548 <clock_configure_undivided>
10001a1e:	2200      	movs	r2, #0
10001a20:	2009      	movs	r0, #9
10001a22:	4611      	mov	r1, r2
10001a24:	4b17      	ldr	r3, [pc, #92]	@ (10001a84 <runtime_init_clocks+0xd4>)
10001a26:	f7ff fd8f 	bl	10001548 <clock_configure_undivided>
10001a2a:	2200      	movs	r2, #0
10001a2c:	2006      	movs	r0, #6
10001a2e:	4611      	mov	r1, r2
10001a30:	4b13      	ldr	r3, [pc, #76]	@ (10001a80 <runtime_init_clocks+0xd0>)
10001a32:	f7ff fd89 	bl	10001548 <clock_configure_undivided>
10001a36:	2200      	movs	r2, #0
10001a38:	4b11      	ldr	r3, [pc, #68]	@ (10001a80 <runtime_init_clocks+0xd0>)
10001a3a:	2007      	movs	r0, #7
10001a3c:	4611      	mov	r1, r2
10001a3e:	f7ff fd83 	bl	10001548 <clock_configure_undivided>
10001a42:	2004      	movs	r0, #4
10001a44:	f7ff fdee 	bl	10001624 <clock_get_hz>
10001a48:	2400      	movs	r4, #0
10001a4a:	4b0f      	ldr	r3, [pc, #60]	@ (10001a88 <runtime_init_clocks+0xd8>)
10001a4c:	fba3 3500 	umull	r3, r5, r3, r0
10001a50:	0cad      	lsrs	r5, r5, #18
10001a52:	b2e0      	uxtb	r0, r4
10001a54:	4629      	mov	r1, r5
10001a56:	3401      	adds	r4, #1
10001a58:	f7ff fe88 	bl	1000176c <tick_start>
10001a5c:	2c06      	cmp	r4, #6
10001a5e:	d1f8      	bne.n	10001a52 <runtime_init_clocks+0xa2>
10001a60:	b002      	add	sp, #8
10001a62:	bd70      	pop	{r4, r5, r6, pc}
10001a64:	40010000 	.word	0x40010000
10001a68:	40013000 	.word	0x40013000
10001a6c:	59682f00 	.word	0x59682f00
10001a70:	40050000 	.word	0x40050000
10001a74:	47868c00 	.word	0x47868c00
10001a78:	40058000 	.word	0x40058000
10001a7c:	00b71b00 	.word	0x00b71b00
10001a80:	08f0d180 	.word	0x08f0d180
10001a84:	02dc6c00 	.word	0x02dc6c00
10001a88:	431bde83 	.word	0x431bde83

10001a8c <generic_save_state>:
10001a8c:	b086      	sub	sp, #24
10001a8e:	b403      	push	{r0, r1}
10001a90:	fc51 0408 	dcp_pxmd r0, r1
10001a94:	e9cd 0102 	strd	r0, r1, [sp, #8]
10001a98:	fc51 0409 	dcp_pymd r0, r1
10001a9c:	e9cd 0104 	strd	r0, r1, [sp, #16]
10001aa0:	ec51 040a 	dcp_refd r0, r1
10001aa4:	e9cd 0106 	strd	r0, r1, [sp, #24]
10001aa8:	bc03      	pop	{r0, r1}
10001aaa:	47f0      	blx	lr

10001aac <generic_restore_state>:
10001aac:	e8bd 5000 	ldmia.w	sp!, {ip, lr}
10001ab0:	ec4e c400 	dcp_wxmd ip, lr
10001ab4:	e8bd 5000 	ldmia.w	sp!, {ip, lr}
10001ab8:	ec4e c401 	dcp_wymd ip, lr
10001abc:	e8bd 5000 	ldmia.w	sp!, {ip, lr}
10001ac0:	ec4e c402 	dcp_wefd ip, lr
10001ac4:	bd00      	pop	{pc}
10001ac6:	0000      	movs	r0, r0
10001ac8:	b500      	push	{lr}
10001aca:	f7ff ffdf 	bl	10001a8c <generic_save_state>
10001ace:	e002      	b.n	10001ad6 <__wrap___aeabi_dadd+0x6>

10001ad0 <__wrap___aeabi_dadd>:
10001ad0:	fe10 f430 	dcp_pcmp APSR_nzcv
10001ad4:	d4f8      	bmi.n	10001ac8 <generic_restore_state+0x1c>
10001ad6:	ec41 0410 	dcp_wxup r0, r1
10001ada:	ec43 2411 	dcp_wyup r2, r3
10001ade:	ee00 0401 			dcp_add0
10001ae2:	ee10 0401 			dcp_add1
10001ae6:	ee80 0420 			dcp_nrdd
10001aea:	ec51 0410 	dcp_rdda r0, r1
10001aee:	4770      	bx	lr
10001af0:	b500      	push	{lr}
10001af2:	f7ff ffcb 	bl	10001a8c <generic_save_state>
10001af6:	e002      	b.n	10001afe <__wrap___aeabi_dsub+0x6>

10001af8 <__wrap___aeabi_dsub>:
10001af8:	fe10 f430 	dcp_pcmp APSR_nzcv
10001afc:	d4f8      	bmi.n	10001af0 <__wrap___aeabi_dadd+0x20>
10001afe:	ec41 0410 	dcp_wxup r0, r1
10001b02:	ec43 2411 	dcp_wyup r2, r3
10001b06:	ee00 0401 			dcp_add0
10001b0a:	ee10 0421 			dcp_sub1
10001b0e:	ee80 0420 			dcp_nrdd
10001b12:	ec51 0430 	dcp_rdds r0, r1
10001b16:	4770      	bx	lr
10001b18:	b500      	push	{lr}
10001b1a:	f7ff ffb7 	bl	10001a8c <generic_save_state>
10001b1e:	e002      	b.n	10001b26 <__wrap___aeabi_dmul+0x6>

10001b20 <__wrap___aeabi_dmul>:
10001b20:	fe10 f430 	dcp_pcmp APSR_nzcv
10001b24:	d4f8      	bmi.n	10001b18 <__wrap___aeabi_dsub+0x20>
10001b26:	b510      	push	{r4, lr}
10001b28:	ec41 0410 	dcp_wxup r0, r1
10001b2c:	ec43 2411 	dcp_wyup r2, r3
10001b30:	ec51 0404 	dcp_rxms r0, r1, #0x0
10001b34:	ec53 2405 	dcp_ryms r2, r3, #0x0
10001b38:	fba0 4c02 	umull	r4, ip, r0, r2
10001b3c:	f05f 0e00 	movs.w	lr, #0
10001b40:	fbe0 ce03 	umlal	ip, lr, r0, r3
10001b44:	fbe1 ce02 	umlal	ip, lr, r1, r2
10001b48:	ec4c 4420 	dcp_wxms r4, ip
10001b4c:	2400      	movs	r4, #0
10001b4e:	fbe1 e403 	umlal	lr, r4, r1, r3
10001b52:	ec44 e430 	dcp_wxmo lr, r4
10001b56:	ee80 0420 			dcp_nrdd
10001b5a:	ec51 0450 	dcp_rddm r0, r1
10001b5e:	bd10      	pop	{r4, pc}
10001b60:	b500      	push	{lr}
10001b62:	f7ff ff93 	bl	10001a8c <generic_save_state>
10001b66:	e002      	b.n	10001b6e <__wrap___aeabi_ddiv+0x6>

10001b68 <__wrap___aeabi_ddiv>:
10001b68:	fe10 f430 	dcp_pcmp APSR_nzcv
10001b6c:	d4f8      	bmi.n	10001b60 <__wrap___aeabi_dmul+0x40>
10001b6e:	ec41 0410 	dcp_wxup r0, r1
10001b72:	ec43 2411 	dcp_wyup r2, r3
10001b76:	ec51 0421 	dcp_rymr r0, r1
10001b7a:	fba0 1201 	umull	r1, r2, r0, r1
10001b7e:	ea6f 0282 	mvn.w	r2, r2, lsl #2
10001b82:	fb52 0010 	smmlar	r0, r2, r0, r0
10001b86:	fb52 f212 	smmulr	r2, r2, r2
10001b8a:	fb52 0010 	smmlar	r0, r2, r0, r0
10001b8e:	eba0 7cd0 	sub.w	ip, r0, r0, lsr #31
10001b92:	ec53 2404 	dcp_rxms r2, r3, #0x0
10001b96:	fb5c f113 	smmulr	r1, ip, r3
10001b9a:	ec53 2415 	dcp_ryms r2, r3, #0x1
10001b9e:	fba1 2002 	umull	r2, r0, r1, r2
10001ba2:	fb01 0003 	mla	r0, r1, r3, r0
10001ba6:	ec53 2444 	dcp_rxms r2, r3, #0x4
10001baa:	eba2 0000 	sub.w	r0, r2, r0
10001bae:	fb50 f21c 	smmulr	r2, r0, ip
10001bb2:	ea4f 1311 	mov.w	r3, r1, lsr #4
10001bb6:	eb12 7001 	adds.w	r0, r2, r1, lsl #28
10001bba:	eb43 71e2 	adc.w	r1, r3, r2, asr #31
10001bbe:	ea40 5051 	orr.w	r0, r0, r1, lsr #21
10001bc2:	ea20 5091 	bic.w	r0, r0, r1, lsr #22
10001bc6:	f020 0007 	bic.w	r0, r0, #7
10001bca:	ec53 2475 	dcp_ryms r2, r3, #0x7
10001bce:	fba0 3c02 	umull	r3, ip, r0, r2
10001bd2:	ec53 2475 	dcp_ryms r2, r3, #0x7
10001bd6:	fb00 cc03 	mla	ip, r0, r3, ip
10001bda:	fb01 cc02 	mla	ip, r1, r2, ip
10001bde:	ec53 2404 	dcp_rxms r2, r3, #0x0
10001be2:	ebac 4c82 	sub.w	ip, ip, r2, lsl #18
10001be6:	ea40 705c 	orr.w	r0, r0, ip, lsr #29
10001bea:	f1a0 0001 	sub.w	r0, r0, #1
10001bee:	ec41 0440 	dcp_wxdd r0, r1
10001bf2:	ee80 0420 			dcp_nrdd
10001bf6:	ec51 0470 	dcp_rddd r0, r1
10001bfa:	4770      	bx	lr
10001bfc:	b500      	push	{lr}
10001bfe:	f7ff ff45 	bl	10001a8c <generic_save_state>
10001c02:	e002      	b.n	10001c0a <__wrap___aeabi_i2d+0x6>

10001c04 <__wrap___aeabi_i2d>:
10001c04:	fe10 f430 	dcp_pcmp APSR_nzcv
10001c08:	d4f8      	bmi.n	10001bfc <__wrap___aeabi_ddiv+0x94>
10001c0a:	ec40 0470 	dcp_wxic r0, r0
10001c0e:	ee00 0401 			dcp_add0
10001c12:	ee10 0421 			dcp_sub1
10001c16:	ee80 0420 			dcp_nrdd
10001c1a:	ec51 0430 	dcp_rdds r0, r1
10001c1e:	4770      	bx	lr
10001c20:	b500      	push	{lr}
10001c22:	f7ff ff33 	bl	10001a8c <generic_save_state>
10001c26:	e002      	b.n	10001c2e <__wrap___aeabi_ui2d+0x6>

10001c28 <__wrap___aeabi_ui2d>:
10001c28:	fe10 f430 	dcp_pcmp APSR_nzcv
10001c2c:	d4f8      	bmi.n	10001c20 <__wrap___aeabi_i2d+0x1c>
10001c2e:	ec40 0460 	dcp_wxuc r0, r0
10001c32:	ee00 0401 			dcp_add0
10001c36:	ee10 0421 			dcp_sub1
10001c3a:	ee80 0420 			dcp_nrdd
10001c3e:	ec51 0430 	dcp_rdds r0, r1
10001c42:	4770      	bx	lr
10001c44:	b500      	push	{lr}
10001c46:	f7ff ff21 	bl	10001a8c <generic_save_state>
10001c4a:	e002      	b.n	10001c52 <double2int_z_entry>

10001c4c <__wrap___aeabi_d2iz>:
10001c4c:	fe10 f430 	dcp_pcmp APSR_nzcv
10001c50:	d4f8      	bmi.n	10001c44 <__wrap___aeabi_ui2d+0x1c>

10001c52 <double2int_z_entry>:
10001c52:	ec41 0480 	dcp_wxdc r0, r1
10001c56:	ee00 0401 			dcp_add0
10001c5a:	ee10 0401 			dcp_add1
10001c5e:	ee80 0440 			dcp_ntdc
10001c62:	ee10 0413 			dcp_rdic r0
10001c66:	4770      	bx	lr
10001c68:	b500      	push	{lr}
10001c6a:	f7ff ff0f 	bl	10001a8c <generic_save_state>
10001c6e:	e002      	b.n	10001c76 <double2uint_z_entry>

10001c70 <__wrap___aeabi_d2uiz>:
10001c70:	fe10 f430 	dcp_pcmp APSR_nzcv
10001c74:	d4f8      	bmi.n	10001c68 <double2int_z_entry+0x16>

10001c76 <double2uint_z_entry>:
10001c76:	ec41 0480 	dcp_wxdc r0, r1
10001c7a:	ee00 0401 			dcp_add0
10001c7e:	ee10 0401 			dcp_add1
10001c82:	ee80 0440 			dcp_ntdc
10001c86:	ee10 0433 			dcp_rduc r0
10001c8a:	4770      	bx	lr
10001c8c:	b500      	push	{lr}
10001c8e:	f7ff fefd 	bl	10001a8c <generic_save_state>
10001c92:	e002      	b.n	10001c9a <__wrap___aeabi_dcmpun+0x6>

10001c94 <__wrap___aeabi_dcmpun>:
10001c94:	fe10 f430 	dcp_pcmp APSR_nzcv
10001c98:	d4f8      	bmi.n	10001c8c <double2uint_z_entry+0x16>
10001c9a:	ec41 0410 	dcp_wxup r0, r1
10001c9e:	ec43 2411 	dcp_wyup r2, r3
10001ca2:	ee00 0401 			dcp_add0
10001ca6:	ee10 0430 			dcp_rcmp r0
10001caa:	f3c0 7000 	ubfx	r0, r0, #28, #1
10001cae:	4770      	bx	lr
10001cb0:	b500      	push	{lr}
10001cb2:	f7ff feeb 	bl	10001a8c <generic_save_state>
10001cb6:	e002      	b.n	10001cbe <__wrap___aeabi_dcmplt+0x6>

10001cb8 <__wrap___aeabi_dcmplt>:
10001cb8:	fe10 f430 	dcp_pcmp APSR_nzcv
10001cbc:	d4f8      	bmi.n	10001cb0 <__wrap___aeabi_dcmpun+0x1c>
10001cbe:	ec43 2410 	dcp_wxup r2, r3
10001cc2:	ec41 0411 	dcp_wyup r0, r1
10001cc6:	ee00 0401 			dcp_add0
10001cca:	ee10 f430 			dcp_rcmp APSR_nzcv
10001cce:	bf8c      	ite	hi
10001cd0:	2001      	movhi	r0, #1
10001cd2:	2000      	movls	r0, #0
10001cd4:	4770      	bx	lr
10001cd6:	bf00      	nop
10001cd8:	b500      	push	{lr}
10001cda:	f7ff fed7 	bl	10001a8c <generic_save_state>
10001cde:	e002      	b.n	10001ce6 <__wrap___aeabi_dcmple+0x6>

10001ce0 <__wrap___aeabi_dcmple>:
10001ce0:	fe10 f430 	dcp_pcmp APSR_nzcv
10001ce4:	d4f8      	bmi.n	10001cd8 <__wrap___aeabi_dcmplt+0x20>
10001ce6:	ec43 2410 	dcp_wxup r2, r3
10001cea:	ec41 0411 	dcp_wyup r0, r1
10001cee:	ee00 0401 			dcp_add0
10001cf2:	ee10 f430 			dcp_rcmp APSR_nzcv
10001cf6:	bf2c      	ite	cs
10001cf8:	2001      	movcs	r0, #1
10001cfa:	2000      	movcc	r0, #0
10001cfc:	4770      	bx	lr
10001cfe:	bf00      	nop
10001d00:	b500      	push	{lr}
10001d02:	f7ff fec3 	bl	10001a8c <generic_save_state>
10001d06:	e002      	b.n	10001d0e <__wrap___aeabi_dcmpge+0x6>

10001d08 <__wrap___aeabi_dcmpge>:
10001d08:	fe10 f430 	dcp_pcmp APSR_nzcv
10001d0c:	d4f8      	bmi.n	10001d00 <__wrap___aeabi_dcmple+0x20>
10001d0e:	ec41 0410 	dcp_wxup r0, r1
10001d12:	ec43 2411 	dcp_wyup r2, r3
10001d16:	ee00 0401 			dcp_add0
10001d1a:	ee10 f430 			dcp_rcmp APSR_nzcv
10001d1e:	bf2c      	ite	cs
10001d20:	2001      	movcs	r0, #1
10001d22:	2000      	movcc	r0, #0
10001d24:	4770      	bx	lr
10001d26:	bf00      	nop
10001d28:	b500      	push	{lr}
10001d2a:	f7ff feaf 	bl	10001a8c <generic_save_state>
10001d2e:	e002      	b.n	10001d36 <__wrap___aeabi_dcmpgt+0x6>

10001d30 <__wrap___aeabi_dcmpgt>:
10001d30:	fe10 f430 	dcp_pcmp APSR_nzcv
10001d34:	d4f8      	bmi.n	10001d28 <__wrap___aeabi_dcmpge+0x20>
10001d36:	ec41 0410 	dcp_wxup r0, r1
10001d3a:	ec43 2411 	dcp_wyup r2, r3
10001d3e:	ee00 0401 			dcp_add0
10001d42:	ee10 f430 			dcp_rcmp APSR_nzcv
10001d46:	bf8c      	ite	hi
10001d48:	2001      	movhi	r0, #1
10001d4a:	2000      	movls	r0, #0
10001d4c:	4770      	bx	lr
10001d4e:	bf00      	nop

10001d50 <_out_null>:
10001d50:	4770      	bx	lr
10001d52:	bf00      	nop

10001d54 <_out_rev>:
10001d54:	e92d 4ff0 	stmdb	sp!, {r4, r5, r6, r7, r8, r9, sl, fp, lr}
10001d58:	b083      	sub	sp, #12
10001d5a:	460f      	mov	r7, r1
10001d5c:	4611      	mov	r1, r2
10001d5e:	e9dd b20e 	ldrd	fp, r2, [sp, #56]	@ 0x38
10001d62:	0792      	lsls	r2, r2, #30
10001d64:	4698      	mov	r8, r3
10001d66:	e9dd 930c 	ldrd	r9, r3, [sp, #48]	@ 0x30
10001d6a:	4606      	mov	r6, r0
10001d6c:	d029      	beq.n	10001dc2 <_out_rev+0x6e>
10001d6e:	460d      	mov	r5, r1
10001d70:	b19b      	cbz	r3, 10001d9a <_out_rev+0x46>
10001d72:	eb09 0403 	add.w	r4, r9, r3
10001d76:	eb05 0a04 	add.w	sl, r5, r4
10001d7a:	9501      	str	r5, [sp, #4]
10001d7c:	460d      	mov	r5, r1
10001d7e:	930d      	str	r3, [sp, #52]	@ 0x34
10001d80:	ebaa 0204 	sub.w	r2, sl, r4
10001d84:	f814 0d01 	ldrb.w	r0, [r4, #-1]!
10001d88:	4643      	mov	r3, r8
10001d8a:	4639      	mov	r1, r7
10001d8c:	47b0      	blx	r6
10001d8e:	45a1      	cmp	r9, r4
10001d90:	d1f6      	bne.n	10001d80 <_out_rev+0x2c>
10001d92:	4629      	mov	r1, r5
10001d94:	9b0d      	ldr	r3, [sp, #52]	@ 0x34
10001d96:	9d01      	ldr	r5, [sp, #4]
10001d98:	441d      	add	r5, r3
10001d9a:	9b0f      	ldr	r3, [sp, #60]	@ 0x3c
10001d9c:	079b      	lsls	r3, r3, #30
10001d9e:	d50c      	bpl.n	10001dba <_out_rev+0x66>
10001da0:	1a6c      	subs	r4, r5, r1
10001da2:	45a3      	cmp	fp, r4
10001da4:	d909      	bls.n	10001dba <_out_rev+0x66>
10001da6:	462a      	mov	r2, r5
10001da8:	4643      	mov	r3, r8
10001daa:	4639      	mov	r1, r7
10001dac:	2020      	movs	r0, #32
10001dae:	3401      	adds	r4, #1
10001db0:	47b0      	blx	r6
10001db2:	455c      	cmp	r4, fp
10001db4:	f105 0501 	add.w	r5, r5, #1
10001db8:	d3f5      	bcc.n	10001da6 <_out_rev+0x52>
10001dba:	4628      	mov	r0, r5
10001dbc:	b003      	add	sp, #12
10001dbe:	e8bd 8ff0 	ldmia.w	sp!, {r4, r5, r6, r7, r8, r9, sl, fp, pc}
10001dc2:	455b      	cmp	r3, fp
10001dc4:	d215      	bcs.n	10001df2 <_out_rev+0x9e>
10001dc6:	468a      	mov	sl, r1
10001dc8:	461c      	mov	r4, r3
10001dca:	4689      	mov	r9, r1
10001dcc:	ebab 0503 	sub.w	r5, fp, r3
10001dd0:	440d      	add	r5, r1
10001dd2:	4652      	mov	r2, sl
10001dd4:	4643      	mov	r3, r8
10001dd6:	4639      	mov	r1, r7
10001dd8:	2020      	movs	r0, #32
10001dda:	f10a 0a01 	add.w	sl, sl, #1
10001dde:	47b0      	blx	r6
10001de0:	45aa      	cmp	sl, r5
10001de2:	d1f6      	bne.n	10001dd2 <_out_rev+0x7e>
10001de4:	4649      	mov	r1, r9
10001de6:	4623      	mov	r3, r4
10001de8:	f8dd 9030 	ldr.w	r9, [sp, #48]	@ 0x30
10001dec:	2c00      	cmp	r4, #0
10001dee:	d1c0      	bne.n	10001d72 <_out_rev+0x1e>
10001df0:	e7e3      	b.n	10001dba <_out_rev+0x66>
10001df2:	460d      	mov	r5, r1
10001df4:	2b00      	cmp	r3, #0
10001df6:	d1bc      	bne.n	10001d72 <_out_rev+0x1e>
10001df8:	e7df      	b.n	10001dba <_out_rev+0x66>
10001dfa:	bf00      	nop

10001dfc <_ntoa_format>:
10001dfc:	e92d 4ff0 	stmdb	sp!, {r4, r5, r6, r7, r8, r9, sl, fp, lr}
10001e00:	460f      	mov	r7, r1
10001e02:	990f      	ldr	r1, [sp, #60]	@ 0x3c
10001e04:	4606      	mov	r6, r0
10001e06:	f89d 002c 	ldrb.w	r0, [sp, #44]	@ 0x2c
10001e0a:	078d      	lsls	r5, r1, #30
10001e0c:	4690      	mov	r8, r2
10001e0e:	e9dd a20c 	ldrd	sl, r2, [sp, #48]	@ 0x30
10001e12:	4699      	mov	r9, r3
10001e14:	4683      	mov	fp, r0
10001e16:	9c09      	ldr	r4, [sp, #36]	@ 0x24
10001e18:	f8dd c028 	ldr.w	ip, [sp, #40]	@ 0x28
10001e1c:	9b0e      	ldr	r3, [sp, #56]	@ 0x38
10001e1e:	d449      	bmi.n	10001eb4 <_ntoa_format+0xb8>
10001e20:	2b00      	cmp	r3, #0
10001e22:	d142      	bne.n	10001eaa <_ntoa_format+0xae>
10001e24:	4594      	cmp	ip, r2
10001e26:	d245      	bcs.n	10001eb4 <_ntoa_format+0xb8>
10001e28:	f001 0501 	and.w	r5, r1, #1
10001e2c:	f104 3eff 	add.w	lr, r4, #4294967295	@ 0xffffffff
10001e30:	2030      	movs	r0, #48	@ 0x30
10001e32:	44e6      	add	lr, ip
10001e34:	e005      	b.n	10001e42 <_ntoa_format+0x46>
10001e36:	f10c 0c01 	add.w	ip, ip, #1
10001e3a:	4562      	cmp	r2, ip
10001e3c:	f80e 0f01 	strb.w	r0, [lr, #1]!
10001e40:	d902      	bls.n	10001e48 <_ntoa_format+0x4c>
10001e42:	f1bc 0f20 	cmp.w	ip, #32
10001e46:	d1f6      	bne.n	10001e36 <_ntoa_format+0x3a>
10001e48:	2d00      	cmp	r5, #0
10001e4a:	f000 8087 	beq.w	10001f5c <_ntoa_format+0x160>
10001e4e:	4563      	cmp	r3, ip
10001e50:	d930      	bls.n	10001eb4 <_ntoa_format+0xb8>
10001e52:	1e60      	subs	r0, r4, #1
10001e54:	f04f 0e30 	mov.w	lr, #48	@ 0x30
10001e58:	4460      	add	r0, ip
10001e5a:	e005      	b.n	10001e68 <_ntoa_format+0x6c>
10001e5c:	f10c 0c01 	add.w	ip, ip, #1
10001e60:	459c      	cmp	ip, r3
10001e62:	f800 ef01 	strb.w	lr, [r0, #1]!
10001e66:	d025      	beq.n	10001eb4 <_ntoa_format+0xb8>
10001e68:	f1bc 0f20 	cmp.w	ip, #32
10001e6c:	d1f6      	bne.n	10001e5c <_ntoa_format+0x60>
10001e6e:	06cd      	lsls	r5, r1, #27
10001e70:	d50e      	bpl.n	10001e90 <_ntoa_format+0x94>
10001e72:	0548      	lsls	r0, r1, #21
10001e74:	d451      	bmi.n	10001f1a <_ntoa_format+0x11e>
10001e76:	4562      	cmp	r2, ip
10001e78:	d064      	beq.n	10001f44 <_ntoa_format+0x148>
10001e7a:	4563      	cmp	r3, ip
10001e7c:	d062      	beq.n	10001f44 <_ntoa_format+0x148>
10001e7e:	f1ba 0f10 	cmp.w	sl, #16
10001e82:	d04d      	beq.n	10001f20 <_ntoa_format+0x124>
10001e84:	f1ba 0f02 	cmp.w	sl, #2
10001e88:	d055      	beq.n	10001f36 <_ntoa_format+0x13a>
10001e8a:	f1bc 0f20 	cmp.w	ip, #32
10001e8e:	d12d      	bne.n	10001eec <_ntoa_format+0xf0>
10001e90:	2220      	movs	r2, #32
10001e92:	e9cd 310b 	strd	r3, r1, [sp, #44]	@ 0x2c
10001e96:	920a      	str	r2, [sp, #40]	@ 0x28
10001e98:	464b      	mov	r3, r9
10001e9a:	4642      	mov	r2, r8
10001e9c:	4639      	mov	r1, r7
10001e9e:	4630      	mov	r0, r6
10001ea0:	9409      	str	r4, [sp, #36]	@ 0x24
10001ea2:	e8bd 4ff0 	ldmia.w	sp!, {r4, r5, r6, r7, r8, r9, sl, fp, lr}
10001ea6:	f7ff bf55 	b.w	10001d54 <_out_rev>
10001eaa:	f011 0501 	ands.w	r5, r1, #1
10001eae:	d12e      	bne.n	10001f0e <_ntoa_format+0x112>
10001eb0:	4594      	cmp	ip, r2
10001eb2:	d3bb      	bcc.n	10001e2c <_ntoa_format+0x30>
10001eb4:	06cd      	lsls	r5, r1, #27
10001eb6:	d51e      	bpl.n	10001ef6 <_ntoa_format+0xfa>
10001eb8:	0548      	lsls	r0, r1, #21
10001eba:	d4e0      	bmi.n	10001e7e <_ntoa_format+0x82>
10001ebc:	f1bc 0f00 	cmp.w	ip, #0
10001ec0:	d1d9      	bne.n	10001e76 <_ntoa_format+0x7a>
10001ec2:	f1ba 0f10 	cmp.w	sl, #16
10001ec6:	d05f      	beq.n	10001f88 <_ntoa_format+0x18c>
10001ec8:	f1ba 0f02 	cmp.w	sl, #2
10001ecc:	d074      	beq.n	10001fb8 <_ntoa_format+0x1bc>
10001ece:	2230      	movs	r2, #48	@ 0x30
10001ed0:	f04f 0c01 	mov.w	ip, #1
10001ed4:	7022      	strb	r2, [r4, #0]
10001ed6:	f1bb 0f00 	cmp.w	fp, #0
10001eda:	d112      	bne.n	10001f02 <_ntoa_format+0x106>
10001edc:	0748      	lsls	r0, r1, #29
10001ede:	d542      	bpl.n	10001f66 <_ntoa_format+0x16a>
10001ee0:	222b      	movs	r2, #43	@ 0x2b
10001ee2:	f804 200c 	strb.w	r2, [r4, ip]
10001ee6:	f10c 0201 	add.w	r2, ip, #1
10001eea:	e7d2      	b.n	10001e92 <_ntoa_format+0x96>
10001eec:	4662      	mov	r2, ip
10001eee:	f10c 0c01 	add.w	ip, ip, #1
10001ef2:	2030      	movs	r0, #48	@ 0x30
10001ef4:	54a0      	strb	r0, [r4, r2]
10001ef6:	f1bc 0f20 	cmp.w	ip, #32
10001efa:	d0c9      	beq.n	10001e90 <_ntoa_format+0x94>
10001efc:	f1bb 0f00 	cmp.w	fp, #0
10001f00:	d0ec      	beq.n	10001edc <_ntoa_format+0xe0>
10001f02:	222d      	movs	r2, #45	@ 0x2d
10001f04:	f804 200c 	strb.w	r2, [r4, ip]
10001f08:	f10c 0201 	add.w	r2, ip, #1
10001f0c:	e7c1      	b.n	10001e92 <_ntoa_format+0x96>
10001f0e:	b398      	cbz	r0, 10001f78 <_ntoa_format+0x17c>
10001f10:	4594      	cmp	ip, r2
10001f12:	f103 33ff 	add.w	r3, r3, #4294967295	@ 0xffffffff
10001f16:	d389      	bcc.n	10001e2c <_ntoa_format+0x30>
10001f18:	e799      	b.n	10001e4e <_ntoa_format+0x52>
10001f1a:	f1ba 0f10 	cmp.w	sl, #16
10001f1e:	d1b7      	bne.n	10001e90 <_ntoa_format+0x94>
10001f20:	068d      	lsls	r5, r1, #26
10001f22:	d53d      	bpl.n	10001fa0 <_ntoa_format+0x1a4>
10001f24:	f1bc 0f20 	cmp.w	ip, #32
10001f28:	d0b2      	beq.n	10001e90 <_ntoa_format+0x94>
10001f2a:	2258      	movs	r2, #88	@ 0x58
10001f2c:	f804 200c 	strb.w	r2, [r4, ip]
10001f30:	f10c 0c01 	add.w	ip, ip, #1
10001f34:	e7a9      	b.n	10001e8a <_ntoa_format+0x8e>
10001f36:	f1bc 0f20 	cmp.w	ip, #32
10001f3a:	d0a9      	beq.n	10001e90 <_ntoa_format+0x94>
10001f3c:	4662      	mov	r2, ip
10001f3e:	f10c 0c01 	add.w	ip, ip, #1
10001f42:	e008      	b.n	10001f56 <_ntoa_format+0x15a>
10001f44:	f1bc 0201 	subs.w	r2, ip, #1
10001f48:	d0bb      	beq.n	10001ec2 <_ntoa_format+0xc6>
10001f4a:	f1ba 0f10 	cmp.w	sl, #16
10001f4e:	d035      	beq.n	10001fbc <_ntoa_format+0x1c0>
10001f50:	f1ba 0f02 	cmp.w	sl, #2
10001f54:	d1cd      	bne.n	10001ef2 <_ntoa_format+0xf6>
10001f56:	2062      	movs	r0, #98	@ 0x62
10001f58:	54a0      	strb	r0, [r4, r2]
10001f5a:	e796      	b.n	10001e8a <_ntoa_format+0x8e>
10001f5c:	06cd      	lsls	r5, r1, #27
10001f5e:	d5ca      	bpl.n	10001ef6 <_ntoa_format+0xfa>
10001f60:	0548      	lsls	r0, r1, #21
10001f62:	d588      	bpl.n	10001e76 <_ntoa_format+0x7a>
10001f64:	e78b      	b.n	10001e7e <_ntoa_format+0x82>
10001f66:	070a      	lsls	r2, r1, #28
10001f68:	bf49      	itett	mi
10001f6a:	2220      	movmi	r2, #32
10001f6c:	4662      	movpl	r2, ip
10001f6e:	f804 200c 	strbmi.w	r2, [r4, ip]
10001f72:	f10c 0201 	addmi.w	r2, ip, #1
10001f76:	e78c      	b.n	10001e92 <_ntoa_format+0x96>
10001f78:	f011 0f0c 	tst.w	r1, #12
10001f7c:	d000      	beq.n	10001f80 <_ntoa_format+0x184>
10001f7e:	3b01      	subs	r3, #1
10001f80:	4594      	cmp	ip, r2
10001f82:	f4ff af53 	bcc.w	10001e2c <_ntoa_format+0x30>
10001f86:	e762      	b.n	10001e4e <_ntoa_format+0x52>
10001f88:	068a      	lsls	r2, r1, #26
10001f8a:	d413      	bmi.n	10001fb4 <_ntoa_format+0x1b8>
10001f8c:	2278      	movs	r2, #120	@ 0x78
10001f8e:	7022      	strb	r2, [r4, #0]
10001f90:	2230      	movs	r2, #48	@ 0x30
10001f92:	f04f 0c02 	mov.w	ip, #2
10001f96:	7062      	strb	r2, [r4, #1]
10001f98:	f1bb 0f00 	cmp.w	fp, #0
10001f9c:	d09e      	beq.n	10001edc <_ntoa_format+0xe0>
10001f9e:	e7b0      	b.n	10001f02 <_ntoa_format+0x106>
10001fa0:	f1bc 0f20 	cmp.w	ip, #32
10001fa4:	f43f af74 	beq.w	10001e90 <_ntoa_format+0x94>
10001fa8:	2278      	movs	r2, #120	@ 0x78
10001faa:	f804 200c 	strb.w	r2, [r4, ip]
10001fae:	f10c 0c01 	add.w	ip, ip, #1
10001fb2:	e76a      	b.n	10001e8a <_ntoa_format+0x8e>
10001fb4:	2258      	movs	r2, #88	@ 0x58
10001fb6:	e7ea      	b.n	10001f8e <_ntoa_format+0x192>
10001fb8:	2262      	movs	r2, #98	@ 0x62
10001fba:	e7e8      	b.n	10001f8e <_ntoa_format+0x192>
10001fbc:	068d      	lsls	r5, r1, #26
10001fbe:	f1ac 0002 	sub.w	r0, ip, #2
10001fc2:	d504      	bpl.n	10001fce <_ntoa_format+0x1d2>
10001fc4:	f04f 0e58 	mov.w	lr, #88	@ 0x58
10001fc8:	f804 e000 	strb.w	lr, [r4, r0]
10001fcc:	e791      	b.n	10001ef2 <_ntoa_format+0xf6>
10001fce:	f04f 0e78 	mov.w	lr, #120	@ 0x78
10001fd2:	f804 e000 	strb.w	lr, [r4, r0]
10001fd6:	e78c      	b.n	10001ef2 <_ntoa_format+0xf6>

10001fd8 <_out_char>:
10001fd8:	b900      	cbnz	r0, 10001fdc <_out_char+0x4>
10001fda:	4770      	bx	lr
10001fdc:	f001 bb60 	b.w	100036a0 <__wrap_putchar>

10001fe0 <_out_fct>:
10001fe0:	b110      	cbz	r0, 10001fe8 <_out_fct+0x8>
10001fe2:	e9d1 3100 	ldrd	r3, r1, [r1]
10001fe6:	4718      	bx	r3
10001fe8:	4770      	bx	lr
10001fea:	bf00      	nop
10001fec:	0000      	movs	r0, r0
	...

10001ff0 <_ftoa>:
10001ff0:	e92d 4ff0 	stmdb	sp!, {r4, r5, r6, r7, r8, r9, sl, fp, lr}
10001ff4:	b097      	sub	sp, #92	@ 0x5c
10001ff6:	ed9d 7b20 	vldr	d7, [sp, #128]	@ 0x80
10001ffa:	e9dd 5b22 	ldrd	r5, fp, [sp, #136]	@ 0x88
10001ffe:	4680      	mov	r8, r0
10002000:	4689      	mov	r9, r1
10002002:	ec51 0b17 	vmov	r0, r1, d7
10002006:	469a      	mov	sl, r3
10002008:	9b24      	ldr	r3, [sp, #144]	@ 0x90
1000200a:	920c      	str	r2, [sp, #48]	@ 0x30
1000200c:	9307      	str	r3, [sp, #28]
1000200e:	4602      	mov	r2, r0
10002010:	460b      	mov	r3, r1
10002012:	ed8d 7b04 	vstr	d7, [sp, #16]
10002016:	f7ff fe3d 	bl	10001c94 <__wrap___aeabi_dcmpun>
1000201a:	2800      	cmp	r0, #0
1000201c:	f040 81e3 	bne.w	100023e6 <_ftoa+0x3f6>
10002020:	e9dd 0104 	ldrd	r0, r1, [sp, #16]
10002024:	f04f 32ff 	mov.w	r2, #4294967295	@ 0xffffffff
10002028:	f46f 1380 	mvn.w	r3, #1048576	@ 0x100000
1000202c:	f7ff fe44 	bl	10001cb8 <__wrap___aeabi_dcmplt>
10002030:	2800      	cmp	r0, #0
10002032:	f040 80cb 	bne.w	100021cc <_ftoa+0x1dc>
10002036:	e9dd 0104 	ldrd	r0, r1, [sp, #16]
1000203a:	f04f 32ff 	mov.w	r2, #4294967295	@ 0xffffffff
1000203e:	4bb2      	ldr	r3, [pc, #712]	@ (10002308 <_ftoa+0x318>)
10002040:	f7ff fe76 	bl	10001d30 <__wrap___aeabi_dcmpgt>
10002044:	2800      	cmp	r0, #0
10002046:	f040 809f 	bne.w	10002188 <_ftoa+0x198>
1000204a:	e9dd 6704 	ldrd	r6, r7, [sp, #16]
1000204e:	a3aa      	add	r3, pc, #680	@ (adr r3, 100022f8 <_ftoa+0x308>)
10002050:	e9d3 2300 	ldrd	r2, r3, [r3]
10002054:	4630      	mov	r0, r6
10002056:	4639      	mov	r1, r7
10002058:	f7ff fe6a 	bl	10001d30 <__wrap___aeabi_dcmpgt>
1000205c:	2800      	cmp	r0, #0
1000205e:	f040 8082 	bne.w	10002166 <_ftoa+0x176>
10002062:	a3a7      	add	r3, pc, #668	@ (adr r3, 10002300 <_ftoa+0x310>)
10002064:	e9d3 2300 	ldrd	r2, r3, [r3]
10002068:	4630      	mov	r0, r6
1000206a:	4639      	mov	r1, r7
1000206c:	f7ff fe24 	bl	10001cb8 <__wrap___aeabi_dcmplt>
10002070:	2800      	cmp	r0, #0
10002072:	d178      	bne.n	10002166 <_ftoa+0x176>
10002074:	4630      	mov	r0, r6
10002076:	4639      	mov	r1, r7
10002078:	2200      	movs	r2, #0
1000207a:	2300      	movs	r3, #0
1000207c:	f7ff fe1c 	bl	10001cb8 <__wrap___aeabi_dcmplt>
10002080:	2800      	cmp	r0, #0
10002082:	f040 8098 	bne.w	100021b6 <_ftoa+0x1c6>
10002086:	900d      	str	r0, [sp, #52]	@ 0x34
10002088:	9b07      	ldr	r3, [sp, #28]
1000208a:	2130      	movs	r1, #48	@ 0x30
1000208c:	f413 6f80 	tst.w	r3, #1024	@ 0x400
10002090:	bf08      	it	eq
10002092:	2506      	moveq	r5, #6
10002094:	aa0e      	add	r2, sp, #56	@ 0x38
10002096:	462b      	mov	r3, r5
10002098:	f1a5 0620 	sub.w	r6, r5, #32
1000209c:	e005      	b.n	100020aa <_ftoa+0xba>
1000209e:	3b01      	subs	r3, #1
100020a0:	42b3      	cmp	r3, r6
100020a2:	f802 1b01 	strb.w	r1, [r2], #1
100020a6:	f000 8165 	beq.w	10002374 <_ftoa+0x384>
100020aa:	2b09      	cmp	r3, #9
100020ac:	d8f7      	bhi.n	1000209e <_ftoa+0xae>
100020ae:	461e      	mov	r6, r3
100020b0:	1aed      	subs	r5, r5, r3
100020b2:	e9dd 0104 	ldrd	r0, r1, [sp, #16]
100020b6:	f7ff fdc9 	bl	10001c4c <__wrap___aeabi_d2iz>
100020ba:	4b94      	ldr	r3, [pc, #592]	@ (1000230c <_ftoa+0x31c>)
100020bc:	4604      	mov	r4, r0
100020be:	eb03 03c6 	add.w	r3, r3, r6, lsl #3
100020c2:	ed93 7b00 	vldr	d7, [r3]
100020c6:	ed8d 7b08 	vstr	d7, [sp, #32]
100020ca:	f7ff fd9b 	bl	10001c04 <__wrap___aeabi_i2d>
100020ce:	4602      	mov	r2, r0
100020d0:	460b      	mov	r3, r1
100020d2:	e9dd 0104 	ldrd	r0, r1, [sp, #16]
100020d6:	f7ff fd0f 	bl	10001af8 <__wrap___aeabi_dsub>
100020da:	e9dd 2308 	ldrd	r2, r3, [sp, #32]
100020de:	f7ff fd1f 	bl	10001b20 <__wrap___aeabi_dmul>
100020e2:	e9cd 010a 	strd	r0, r1, [sp, #40]	@ 0x28
100020e6:	f7ff fdc3 	bl	10001c70 <__wrap___aeabi_d2uiz>
100020ea:	4607      	mov	r7, r0
100020ec:	f7ff fd9c 	bl	10001c28 <__wrap___aeabi_ui2d>
100020f0:	4602      	mov	r2, r0
100020f2:	460b      	mov	r3, r1
100020f4:	e9dd 010a 	ldrd	r0, r1, [sp, #40]	@ 0x28
100020f8:	f7ff fcfe 	bl	10001af8 <__wrap___aeabi_dsub>
100020fc:	2200      	movs	r2, #0
100020fe:	4b84      	ldr	r3, [pc, #528]	@ (10002310 <_ftoa+0x320>)
10002100:	e9cd 010a 	strd	r0, r1, [sp, #40]	@ 0x28
10002104:	f7ff fe14 	bl	10001d30 <__wrap___aeabi_dcmpgt>
10002108:	2800      	cmp	r0, #0
1000210a:	f000 8088 	beq.w	1000221e <_ftoa+0x22e>
1000210e:	3701      	adds	r7, #1
10002110:	4638      	mov	r0, r7
10002112:	f7ff fd89 	bl	10001c28 <__wrap___aeabi_ui2d>
10002116:	4602      	mov	r2, r0
10002118:	460b      	mov	r3, r1
1000211a:	e9dd 0108 	ldrd	r0, r1, [sp, #32]
1000211e:	f7ff fddf 	bl	10001ce0 <__wrap___aeabi_dcmple>
10002122:	b108      	cbz	r0, 10002128 <_ftoa+0x138>
10002124:	2700      	movs	r7, #0
10002126:	3401      	adds	r4, #1
10002128:	2e00      	cmp	r6, #0
1000212a:	f000 8088 	beq.w	1000223e <_ftoa+0x24e>
1000212e:	f10d 0337 	add.w	r3, sp, #55	@ 0x37
10002132:	f8df c1f0 	ldr.w	ip, [pc, #496]	@ 10002324 <_ftoa+0x334>
10002136:	1958      	adds	r0, r3, r5
10002138:	e00d      	b.n	10002156 <_ftoa+0x166>
1000213a:	fbac 2107 	umull	r2, r1, ip, r7
1000213e:	08c9      	lsrs	r1, r1, #3
10002140:	eb01 0281 	add.w	r2, r1, r1, lsl #2
10002144:	eba7 0242 	sub.w	r2, r7, r2, lsl #1
10002148:	3230      	adds	r2, #48	@ 0x30
1000214a:	2f09      	cmp	r7, #9
1000214c:	f800 2f01 	strb.w	r2, [r0, #1]!
10002150:	f240 80fb 	bls.w	1000234a <_ftoa+0x35a>
10002154:	460f      	mov	r7, r1
10002156:	2d20      	cmp	r5, #32
10002158:	f106 36ff 	add.w	r6, r6, #4294967295	@ 0xffffffff
1000215c:	f105 0501 	add.w	r5, r5, #1
10002160:	d1eb      	bne.n	1000213a <_ftoa+0x14a>
10002162:	2520      	movs	r5, #32
10002164:	e086      	b.n	10002274 <_ftoa+0x284>
10002166:	9b07      	ldr	r3, [sp, #28]
10002168:	ed9d 7b04 	vldr	d7, [sp, #16]
1000216c:	e9cd b323 	strd	fp, r3, [sp, #140]	@ 0x8c
10002170:	4649      	mov	r1, r9
10002172:	4653      	mov	r3, sl
10002174:	4640      	mov	r0, r8
10002176:	9a0c      	ldr	r2, [sp, #48]	@ 0x30
10002178:	ed8d 7b20 	vstr	d7, [sp, #128]	@ 0x80
1000217c:	9522      	str	r5, [sp, #136]	@ 0x88
1000217e:	b017      	add	sp, #92	@ 0x5c
10002180:	e8bd 4ff0 	ldmia.w	sp!, {r4, r5, r6, r7, r8, r9, sl, fp, lr}
10002184:	f000 b980 	b.w	10002488 <_etoa>
10002188:	9b07      	ldr	r3, [sp, #28]
1000218a:	4649      	mov	r1, r9
1000218c:	0758      	lsls	r0, r3, #29
1000218e:	bf4c      	ite	mi
10002190:	2304      	movmi	r3, #4
10002192:	2303      	movpl	r3, #3
10002194:	4640      	mov	r0, r8
10002196:	9321      	str	r3, [sp, #132]	@ 0x84
10002198:	4653      	mov	r3, sl
1000219a:	9a07      	ldr	r2, [sp, #28]
1000219c:	bf48      	it	mi
1000219e:	4c5d      	ldrmi	r4, [pc, #372]	@ (10002314 <_ftoa+0x324>)
100021a0:	e9cd b222 	strd	fp, r2, [sp, #136]	@ 0x88
100021a4:	bf58      	it	pl
100021a6:	4c5c      	ldrpl	r4, [pc, #368]	@ (10002318 <_ftoa+0x328>)
100021a8:	9a0c      	ldr	r2, [sp, #48]	@ 0x30
100021aa:	9420      	str	r4, [sp, #128]	@ 0x80
100021ac:	b017      	add	sp, #92	@ 0x5c
100021ae:	e8bd 4ff0 	ldmia.w	sp!, {r4, r5, r6, r7, r8, r9, sl, fp, lr}
100021b2:	f7ff bdcf 	b.w	10001d54 <_out_rev>
100021b6:	463b      	mov	r3, r7
100021b8:	4632      	mov	r2, r6
100021ba:	2000      	movs	r0, #0
100021bc:	2100      	movs	r1, #0
100021be:	f7ff fc9b 	bl	10001af8 <__wrap___aeabi_dsub>
100021c2:	2301      	movs	r3, #1
100021c4:	e9cd 0104 	strd	r0, r1, [sp, #16]
100021c8:	930d      	str	r3, [sp, #52]	@ 0x34
100021ca:	e75d      	b.n	10002088 <_ftoa+0x98>
100021cc:	9b07      	ldr	r3, [sp, #28]
100021ce:	f003 0202 	and.w	r2, r3, #2
100021d2:	079c      	lsls	r4, r3, #30
100021d4:	9204      	str	r2, [sp, #16]
100021d6:	f000 80f4 	beq.w	100023c2 <_ftoa+0x3d2>
100021da:	9f0c      	ldr	r7, [sp, #48]	@ 0x30
100021dc:	463d      	mov	r5, r7
100021de:	4e4f      	ldr	r6, [pc, #316]	@ (1000231c <_ftoa+0x32c>)
100021e0:	1d34      	adds	r4, r6, #4
100021e2:	f814 0d01 	ldrb.w	r0, [r4, #-1]!
100021e6:	462a      	mov	r2, r5
100021e8:	4653      	mov	r3, sl
100021ea:	4649      	mov	r1, r9
100021ec:	47c0      	blx	r8
100021ee:	42a6      	cmp	r6, r4
100021f0:	f105 0501 	add.w	r5, r5, #1
100021f4:	d1f5      	bne.n	100021e2 <_ftoa+0x1f2>
100021f6:	9b04      	ldr	r3, [sp, #16]
100021f8:	1d3c      	adds	r4, r7, #4
100021fa:	b163      	cbz	r3, 10002216 <_ftoa+0x226>
100021fc:	9d0c      	ldr	r5, [sp, #48]	@ 0x30
100021fe:	1b63      	subs	r3, r4, r5
10002200:	459b      	cmp	fp, r3
10002202:	d908      	bls.n	10002216 <_ftoa+0x226>
10002204:	4622      	mov	r2, r4
10002206:	4653      	mov	r3, sl
10002208:	4649      	mov	r1, r9
1000220a:	2020      	movs	r0, #32
1000220c:	3401      	adds	r4, #1
1000220e:	47c0      	blx	r8
10002210:	1b63      	subs	r3, r4, r5
10002212:	459b      	cmp	fp, r3
10002214:	d8f6      	bhi.n	10002204 <_ftoa+0x214>
10002216:	4620      	mov	r0, r4
10002218:	b017      	add	sp, #92	@ 0x5c
1000221a:	e8bd 8ff0 	ldmia.w	sp!, {r4, r5, r6, r7, r8, r9, sl, fp, pc}
1000221e:	2200      	movs	r2, #0
10002220:	e9dd 010a 	ldrd	r0, r1, [sp, #40]	@ 0x28
10002224:	4b3a      	ldr	r3, [pc, #232]	@ (10002310 <_ftoa+0x320>)
10002226:	f7ff fd47 	bl	10001cb8 <__wrap___aeabi_dcmplt>
1000222a:	2800      	cmp	r0, #0
1000222c:	f47f af7c 	bne.w	10002128 <_ftoa+0x138>
10002230:	2f00      	cmp	r7, #0
10002232:	f040 80c2 	bne.w	100023ba <_ftoa+0x3ca>
10002236:	3701      	adds	r7, #1
10002238:	2e00      	cmp	r6, #0
1000223a:	f47f af78 	bne.w	1000212e <_ftoa+0x13e>
1000223e:	4620      	mov	r0, r4
10002240:	f7ff fce0 	bl	10001c04 <__wrap___aeabi_i2d>
10002244:	4602      	mov	r2, r0
10002246:	460b      	mov	r3, r1
10002248:	e9dd 0104 	ldrd	r0, r1, [sp, #16]
1000224c:	f7ff fc54 	bl	10001af8 <__wrap___aeabi_dsub>
10002250:	2200      	movs	r2, #0
10002252:	4b2f      	ldr	r3, [pc, #188]	@ (10002310 <_ftoa+0x320>)
10002254:	4606      	mov	r6, r0
10002256:	460f      	mov	r7, r1
10002258:	f7ff fd2e 	bl	10001cb8 <__wrap___aeabi_dcmplt>
1000225c:	b940      	cbnz	r0, 10002270 <_ftoa+0x280>
1000225e:	4630      	mov	r0, r6
10002260:	4639      	mov	r1, r7
10002262:	2200      	movs	r2, #0
10002264:	4b2a      	ldr	r3, [pc, #168]	@ (10002310 <_ftoa+0x320>)
10002266:	f7ff fd63 	bl	10001d30 <__wrap___aeabi_dcmpgt>
1000226a:	2800      	cmp	r0, #0
1000226c:	f000 80a1 	beq.w	100023b2 <_ftoa+0x3c2>
10002270:	f10d 0337 	add.w	r3, sp, #55	@ 0x37
10002274:	482a      	ldr	r0, [pc, #168]	@ (10002320 <_ftoa+0x330>)
10002276:	1959      	adds	r1, r3, r5
10002278:	e00e      	b.n	10002298 <_ftoa+0x2a8>
1000227a:	fb80 7604 	smull	r7, r6, r0, r4
1000227e:	ebc2 02a6 	rsb	r2, r2, r6, asr #2
10002282:	eb02 0682 	add.w	r6, r2, r2, lsl #2
10002286:	eba4 0646 	sub.w	r6, r4, r6, lsl #1
1000228a:	3630      	adds	r6, #48	@ 0x30
1000228c:	4614      	mov	r4, r2
1000228e:	3501      	adds	r5, #1
10002290:	f801 6f01 	strb.w	r6, [r1, #1]!
10002294:	2a00      	cmp	r2, #0
10002296:	d047      	beq.n	10002328 <_ftoa+0x338>
10002298:	2d20      	cmp	r5, #32
1000229a:	ea4f 72e4 	mov.w	r2, r4, asr #31
1000229e:	d1ec      	bne.n	1000227a <_ftoa+0x28a>
100022a0:	9a07      	ldr	r2, [sp, #28]
100022a2:	f002 0203 	and.w	r2, r2, #3
100022a6:	2a01      	cmp	r2, #1
100022a8:	d114      	bne.n	100022d4 <_ftoa+0x2e4>
100022aa:	f1bb 0f00 	cmp.w	fp, #0
100022ae:	d011      	beq.n	100022d4 <_ftoa+0x2e4>
100022b0:	9a0d      	ldr	r2, [sp, #52]	@ 0x34
100022b2:	2a00      	cmp	r2, #0
100022b4:	d060      	beq.n	10002378 <_ftoa+0x388>
100022b6:	f10b 3bff 	add.w	fp, fp, #4294967295	@ 0xffffffff
100022ba:	f1bb 0f20 	cmp.w	fp, #32
100022be:	d909      	bls.n	100022d4 <_ftoa+0x2e4>
100022c0:	2230      	movs	r2, #48	@ 0x30
100022c2:	442b      	add	r3, r5
100022c4:	e004      	b.n	100022d0 <_ftoa+0x2e0>
100022c6:	3501      	adds	r5, #1
100022c8:	455d      	cmp	r5, fp
100022ca:	f803 2f01 	strb.w	r2, [r3, #1]!
100022ce:	d231      	bcs.n	10002334 <_ftoa+0x344>
100022d0:	2d20      	cmp	r5, #32
100022d2:	d1f8      	bne.n	100022c6 <_ftoa+0x2d6>
100022d4:	9b07      	ldr	r3, [sp, #28]
100022d6:	ac0e      	add	r4, sp, #56	@ 0x38
100022d8:	e9cd b302 	strd	fp, r3, [sp, #8]
100022dc:	9400      	str	r4, [sp, #0]
100022de:	4653      	mov	r3, sl
100022e0:	4649      	mov	r1, r9
100022e2:	4640      	mov	r0, r8
100022e4:	9a0c      	ldr	r2, [sp, #48]	@ 0x30
100022e6:	9501      	str	r5, [sp, #4]
100022e8:	f7ff fd34 	bl	10001d54 <_out_rev>
100022ec:	4604      	mov	r4, r0
100022ee:	4620      	mov	r0, r4
100022f0:	b017      	add	sp, #92	@ 0x5c
100022f2:	e8bd 8ff0 	ldmia.w	sp!, {r4, r5, r6, r7, r8, r9, sl, fp, pc}
100022f6:	bf00      	nop
100022f8:	00000000 	.word	0x00000000
100022fc:	41cdcd65 	.word	0x41cdcd65
10002300:	00000000 	.word	0x00000000
10002304:	c1cdcd65 	.word	0xc1cdcd65
10002308:	7fefffff 	.word	0x7fefffff
1000230c:	10006348 	.word	0x10006348
10002310:	3fe00000 	.word	0x3fe00000
10002314:	10006224 	.word	0x10006224
10002318:	1000622c 	.word	0x1000622c
1000231c:	10006234 	.word	0x10006234
10002320:	66666667 	.word	0x66666667
10002324:	cccccccd 	.word	0xcccccccd
10002328:	9a07      	ldr	r2, [sp, #28]
1000232a:	f002 0203 	and.w	r2, r2, #3
1000232e:	2a01      	cmp	r2, #1
10002330:	f000 8096 	beq.w	10002460 <_ftoa+0x470>
10002334:	2d20      	cmp	r5, #32
10002336:	d0cd      	beq.n	100022d4 <_ftoa+0x2e4>
10002338:	9b0d      	ldr	r3, [sp, #52]	@ 0x34
1000233a:	b33b      	cbz	r3, 1000238c <_ftoa+0x39c>
1000233c:	222d      	movs	r2, #45	@ 0x2d
1000233e:	eb0d 0305 	add.w	r3, sp, r5
10002342:	f883 2038 	strb.w	r2, [r3, #56]	@ 0x38
10002346:	3501      	adds	r5, #1
10002348:	e7c4      	b.n	100022d4 <_ftoa+0x2e4>
1000234a:	2d20      	cmp	r5, #32
1000234c:	f43f af09 	beq.w	10002162 <_ftoa+0x172>
10002350:	2130      	movs	r1, #48	@ 0x30
10002352:	442e      	add	r6, r5
10002354:	195a      	adds	r2, r3, r5
10002356:	e005      	b.n	10002364 <_ftoa+0x374>
10002358:	3501      	adds	r5, #1
1000235a:	2d20      	cmp	r5, #32
1000235c:	f802 1f01 	strb.w	r1, [r2, #1]!
10002360:	f43f aeff 	beq.w	10002162 <_ftoa+0x172>
10002364:	42ae      	cmp	r6, r5
10002366:	d1f7      	bne.n	10002358 <_ftoa+0x368>
10002368:	222e      	movs	r2, #46	@ 0x2e
1000236a:	446e      	add	r6, sp
1000236c:	3501      	adds	r5, #1
1000236e:	f886 2038 	strb.w	r2, [r6, #56]	@ 0x38
10002372:	e77f      	b.n	10002274 <_ftoa+0x284>
10002374:	2520      	movs	r5, #32
10002376:	e69c      	b.n	100020b2 <_ftoa+0xc2>
10002378:	9a07      	ldr	r2, [sp, #28]
1000237a:	f012 0f0c 	tst.w	r2, #12
1000237e:	d05a      	beq.n	10002436 <_ftoa+0x446>
10002380:	f10b 3bff 	add.w	fp, fp, #4294967295	@ 0xffffffff
10002384:	45ab      	cmp	fp, r5
10002386:	d89b      	bhi.n	100022c0 <_ftoa+0x2d0>
10002388:	2d20      	cmp	r5, #32
1000238a:	d0a3      	beq.n	100022d4 <_ftoa+0x2e4>
1000238c:	9b07      	ldr	r3, [sp, #28]
1000238e:	075a      	lsls	r2, r3, #29
10002390:	d506      	bpl.n	100023a0 <_ftoa+0x3b0>
10002392:	222b      	movs	r2, #43	@ 0x2b
10002394:	eb0d 0305 	add.w	r3, sp, r5
10002398:	f883 2038 	strb.w	r2, [r3, #56]	@ 0x38
1000239c:	3501      	adds	r5, #1
1000239e:	e799      	b.n	100022d4 <_ftoa+0x2e4>
100023a0:	071b      	lsls	r3, r3, #28
100023a2:	d597      	bpl.n	100022d4 <_ftoa+0x2e4>
100023a4:	2220      	movs	r2, #32
100023a6:	eb0d 0305 	add.w	r3, sp, r5
100023aa:	f883 2038 	strb.w	r2, [r3, #56]	@ 0x38
100023ae:	3501      	adds	r5, #1
100023b0:	e790      	b.n	100022d4 <_ftoa+0x2e4>
100023b2:	3401      	adds	r4, #1
100023b4:	f024 0401 	bic.w	r4, r4, #1
100023b8:	e75a      	b.n	10002270 <_ftoa+0x280>
100023ba:	07f9      	lsls	r1, r7, #31
100023bc:	f57f aeb4 	bpl.w	10002128 <_ftoa+0x138>
100023c0:	e739      	b.n	10002236 <_ftoa+0x246>
100023c2:	f1bb 0f04 	cmp.w	fp, #4
100023c6:	f67f af08 	bls.w	100021da <_ftoa+0x1ea>
100023ca:	9b0c      	ldr	r3, [sp, #48]	@ 0x30
100023cc:	461d      	mov	r5, r3
100023ce:	3b04      	subs	r3, #4
100023d0:	eb03 070b 	add.w	r7, r3, fp
100023d4:	462a      	mov	r2, r5
100023d6:	4653      	mov	r3, sl
100023d8:	4649      	mov	r1, r9
100023da:	2020      	movs	r0, #32
100023dc:	3501      	adds	r5, #1
100023de:	47c0      	blx	r8
100023e0:	42af      	cmp	r7, r5
100023e2:	d1f7      	bne.n	100023d4 <_ftoa+0x3e4>
100023e4:	e6fa      	b.n	100021dc <_ftoa+0x1ec>
100023e6:	9b07      	ldr	r3, [sp, #28]
100023e8:	f003 0202 	and.w	r2, r3, #2
100023ec:	079d      	lsls	r5, r3, #30
100023ee:	9204      	str	r2, [sp, #16]
100023f0:	d025      	beq.n	1000243e <_ftoa+0x44e>
100023f2:	9f0c      	ldr	r7, [sp, #48]	@ 0x30
100023f4:	463d      	mov	r5, r7
100023f6:	4e22      	ldr	r6, [pc, #136]	@ (10002480 <_ftoa+0x490>)
100023f8:	1cf4      	adds	r4, r6, #3
100023fa:	f814 0d01 	ldrb.w	r0, [r4, #-1]!
100023fe:	462a      	mov	r2, r5
10002400:	4653      	mov	r3, sl
10002402:	4649      	mov	r1, r9
10002404:	47c0      	blx	r8
10002406:	42a6      	cmp	r6, r4
10002408:	f105 0501 	add.w	r5, r5, #1
1000240c:	d1f5      	bne.n	100023fa <_ftoa+0x40a>
1000240e:	9b04      	ldr	r3, [sp, #16]
10002410:	1cfc      	adds	r4, r7, #3
10002412:	2b00      	cmp	r3, #0
10002414:	f43f aeff 	beq.w	10002216 <_ftoa+0x226>
10002418:	9d0c      	ldr	r5, [sp, #48]	@ 0x30
1000241a:	1b63      	subs	r3, r4, r5
1000241c:	459b      	cmp	fp, r3
1000241e:	f67f aefa 	bls.w	10002216 <_ftoa+0x226>
10002422:	4622      	mov	r2, r4
10002424:	4653      	mov	r3, sl
10002426:	4649      	mov	r1, r9
10002428:	2020      	movs	r0, #32
1000242a:	3401      	adds	r4, #1
1000242c:	47c0      	blx	r8
1000242e:	1b63      	subs	r3, r4, r5
10002430:	459b      	cmp	fp, r3
10002432:	d8f6      	bhi.n	10002422 <_ftoa+0x432>
10002434:	e6ef      	b.n	10002216 <_ftoa+0x226>
10002436:	45ab      	cmp	fp, r5
10002438:	f63f af42 	bhi.w	100022c0 <_ftoa+0x2d0>
1000243c:	e74a      	b.n	100022d4 <_ftoa+0x2e4>
1000243e:	f1bb 0f03 	cmp.w	fp, #3
10002442:	d9d6      	bls.n	100023f2 <_ftoa+0x402>
10002444:	9b0c      	ldr	r3, [sp, #48]	@ 0x30
10002446:	461d      	mov	r5, r3
10002448:	3b03      	subs	r3, #3
1000244a:	eb03 070b 	add.w	r7, r3, fp
1000244e:	462a      	mov	r2, r5
10002450:	4653      	mov	r3, sl
10002452:	4649      	mov	r1, r9
10002454:	2020      	movs	r0, #32
10002456:	3501      	adds	r5, #1
10002458:	47c0      	blx	r8
1000245a:	42bd      	cmp	r5, r7
1000245c:	d1f7      	bne.n	1000244e <_ftoa+0x45e>
1000245e:	e7c9      	b.n	100023f4 <_ftoa+0x404>
10002460:	f1bb 0f00 	cmp.w	fp, #0
10002464:	f43f af66 	beq.w	10002334 <_ftoa+0x344>
10002468:	9a0d      	ldr	r2, [sp, #52]	@ 0x34
1000246a:	2a00      	cmp	r2, #0
1000246c:	d084      	beq.n	10002378 <_ftoa+0x388>
1000246e:	f10b 3bff 	add.w	fp, fp, #4294967295	@ 0xffffffff
10002472:	455d      	cmp	r5, fp
10002474:	f4ff af24 	bcc.w	100022c0 <_ftoa+0x2d0>
10002478:	2d20      	cmp	r5, #32
1000247a:	f47f af5f 	bne.w	1000233c <_ftoa+0x34c>
1000247e:	e729      	b.n	100022d4 <_ftoa+0x2e4>
10002480:	10006230 	.word	0x10006230
10002484:	00000000 	.word	0x00000000

10002488 <_etoa>:
10002488:	e92d 4ff0 	stmdb	sp!, {r4, r5, r6, r7, r8, r9, sl, fp, lr}
1000248c:	b09f      	sub	sp, #124	@ 0x7c
1000248e:	461e      	mov	r6, r3
10002490:	e9dd ab28 	ldrd	sl, fp, [sp, #160]	@ 0xa0
10002494:	e9dd 982b 	ldrd	r9, r8, [sp, #172]	@ 0xac
10002498:	9b2a      	ldr	r3, [sp, #168]	@ 0xa8
1000249a:	4604      	mov	r4, r0
1000249c:	460d      	mov	r5, r1
1000249e:	920b      	str	r2, [sp, #44]	@ 0x2c
100024a0:	930a      	str	r3, [sp, #40]	@ 0x28
100024a2:	4652      	mov	r2, sl
100024a4:	465b      	mov	r3, fp
100024a6:	4650      	mov	r0, sl
100024a8:	4659      	mov	r1, fp
100024aa:	f7ff fbf3 	bl	10001c94 <__wrap___aeabi_dcmpun>
100024ae:	2800      	cmp	r0, #0
100024b0:	f040 80c6 	bne.w	10002640 <_etoa+0x1b8>
100024b4:	4650      	mov	r0, sl
100024b6:	4659      	mov	r1, fp
100024b8:	f04f 32ff 	mov.w	r2, #4294967295	@ 0xffffffff
100024bc:	4b7b      	ldr	r3, [pc, #492]	@ (100026ac <_etoa+0x224>)
100024be:	f7ff fc37 	bl	10001d30 <__wrap___aeabi_dcmpgt>
100024c2:	2800      	cmp	r0, #0
100024c4:	f040 80bc 	bne.w	10002640 <_etoa+0x1b8>
100024c8:	4650      	mov	r0, sl
100024ca:	4659      	mov	r1, fp
100024cc:	f04f 32ff 	mov.w	r2, #4294967295	@ 0xffffffff
100024d0:	f46f 1380 	mvn.w	r3, #1048576	@ 0x100000
100024d4:	f7ff fbf0 	bl	10001cb8 <__wrap___aeabi_dcmplt>
100024d8:	2800      	cmp	r0, #0
100024da:	f040 80b1 	bne.w	10002640 <_etoa+0x1b8>
100024de:	4650      	mov	r0, sl
100024e0:	4659      	mov	r1, fp
100024e2:	2200      	movs	r2, #0
100024e4:	2300      	movs	r3, #0
100024e6:	f7ff fbe7 	bl	10001cb8 <__wrap___aeabi_dcmplt>
100024ea:	2800      	cmp	r0, #0
100024ec:	f040 81dd 	bne.w	100028aa <_etoa+0x422>
100024f0:	e9cd ab08 	strd	sl, fp, [sp, #32]
100024f4:	e9dd 1208 	ldrd	r1, r2, [sp, #32]
100024f8:	f418 6080 	ands.w	r0, r8, #1024	@ 0x400
100024fc:	460b      	mov	r3, r1
100024fe:	460f      	mov	r7, r1
10002500:	f408 6100 	and.w	r1, r8, #2048	@ 0x800
10002504:	920c      	str	r2, [sp, #48]	@ 0x30
10002506:	9114      	str	r1, [sp, #80]	@ 0x50
10002508:	9015      	str	r0, [sp, #84]	@ 0x54
1000250a:	f040 80a8 	bne.w	1000265e <_etoa+0x1d6>
1000250e:	4313      	orrs	r3, r2
10002510:	f040 80d0 	bne.w	100026b4 <_etoa+0x22c>
10002514:	2900      	cmp	r1, #0
10002516:	f040 81ec 	bne.w	100028f2 <_etoa+0x46a>
1000251a:	2306      	movs	r3, #6
1000251c:	930a      	str	r3, [sp, #40]	@ 0x28
1000251e:	f018 0202 	ands.w	r2, r8, #2
10002522:	9210      	str	r2, [sp, #64]	@ 0x40
10002524:	f040 81dd 	bne.w	100028e2 <_etoa+0x45a>
10002528:	464b      	mov	r3, r9
1000252a:	2b04      	cmp	r3, #4
1000252c:	bf38      	it	cc
1000252e:	2304      	movcc	r3, #4
10002530:	920e      	str	r2, [sp, #56]	@ 0x38
10002532:	2204      	movs	r2, #4
10002534:	3b04      	subs	r3, #4
10002536:	9212      	str	r2, [sp, #72]	@ 0x48
10002538:	9314      	str	r3, [sp, #80]	@ 0x50
1000253a:	4650      	mov	r0, sl
1000253c:	4659      	mov	r1, fp
1000253e:	2200      	movs	r2, #0
10002540:	2300      	movs	r3, #0
10002542:	f7ff fbb9 	bl	10001cb8 <__wrap___aeabi_dcmplt>
10002546:	2800      	cmp	r0, #0
10002548:	f040 822a 	bne.w	100029a0 <_etoa+0x518>
1000254c:	ed9d 7b08 	vldr	d7, [sp, #32]
10002550:	9b14      	ldr	r3, [sp, #80]	@ 0x50
10002552:	9a0b      	ldr	r2, [sp, #44]	@ 0x2c
10002554:	9303      	str	r3, [sp, #12]
10002556:	9b0a      	ldr	r3, [sp, #40]	@ 0x28
10002558:	ed8d 7b00 	vstr	d7, [sp]
1000255c:	9302      	str	r3, [sp, #8]
1000255e:	f428 6300 	bic.w	r3, r8, #2048	@ 0x800
10002562:	9304      	str	r3, [sp, #16]
10002564:	4629      	mov	r1, r5
10002566:	4633      	mov	r3, r6
10002568:	4620      	mov	r0, r4
1000256a:	f7ff fd41 	bl	10001ff0 <_ftoa>
1000256e:	4602      	mov	r2, r0
10002570:	f018 0f20 	tst.w	r8, #32
10002574:	4633      	mov	r3, r6
10002576:	4629      	mov	r1, r5
10002578:	bf0c      	ite	eq
1000257a:	2065      	moveq	r0, #101	@ 0x65
1000257c:	2045      	movne	r0, #69	@ 0x45
1000257e:	f102 0801 	add.w	r8, r2, #1
10002582:	47a0      	blx	r4
10002584:	9b12      	ldr	r3, [sp, #72]	@ 0x48
10002586:	f10d 0a58 	add.w	sl, sp, #88	@ 0x58
1000258a:	f103 3bff 	add.w	fp, r3, #4294967295	@ 0xffffffff
1000258e:	9b0e      	ldr	r3, [sp, #56]	@ 0x38
10002590:	2200      	movs	r2, #0
10002592:	ea83 7ce3 	eor.w	ip, r3, r3, asr #31
10002596:	4650      	mov	r0, sl
10002598:	f8df e114 	ldr.w	lr, [pc, #276]	@ 100026b0 <_etoa+0x228>
1000259c:	9f0b      	ldr	r7, [sp, #44]	@ 0x2c
1000259e:	ebac 7ce3 	sub.w	ip, ip, r3, asr #31
100025a2:	0fd9      	lsrs	r1, r3, #31
100025a4:	f8cd 8020 	str.w	r8, [sp, #32]
100025a8:	e002      	b.n	100025b0 <_etoa+0x128>
100025aa:	2a20      	cmp	r2, #32
100025ac:	46c4      	mov	ip, r8
100025ae:	d010      	beq.n	100025d2 <_etoa+0x14a>
100025b0:	fbae 380c 	umull	r3, r8, lr, ip
100025b4:	ea4f 08d8 	mov.w	r8, r8, lsr #3
100025b8:	eb08 0388 	add.w	r3, r8, r8, lsl #2
100025bc:	ebac 0343 	sub.w	r3, ip, r3, lsl #1
100025c0:	3001      	adds	r0, #1
100025c2:	3330      	adds	r3, #48	@ 0x30
100025c4:	f1bc 0f09 	cmp.w	ip, #9
100025c8:	f102 0201 	add.w	r2, r2, #1
100025cc:	f800 3c01 	strb.w	r3, [r0, #-1]
100025d0:	d8eb      	bhi.n	100025aa <_etoa+0x122>
100025d2:	2305      	movs	r3, #5
100025d4:	f04f 0c00 	mov.w	ip, #0
100025d8:	9306      	str	r3, [sp, #24]
100025da:	230a      	movs	r3, #10
100025dc:	f8dd 8020 	ldr.w	r8, [sp, #32]
100025e0:	e9cd 2101 	strd	r2, r1, [sp, #4]
100025e4:	e9cd 3c03 	strd	r3, ip, [sp, #12]
100025e8:	f8cd a000 	str.w	sl, [sp]
100025ec:	4633      	mov	r3, r6
100025ee:	4642      	mov	r2, r8
100025f0:	4629      	mov	r1, r5
100025f2:	4620      	mov	r0, r4
100025f4:	f8cd b014 	str.w	fp, [sp, #20]
100025f8:	f7ff fc00 	bl	10001dfc <_ntoa_format>
100025fc:	9b10      	ldr	r3, [sp, #64]	@ 0x40
100025fe:	4682      	mov	sl, r0
10002600:	b1d3      	cbz	r3, 10002638 <_etoa+0x1b0>
10002602:	eba0 0807 	sub.w	r8, r0, r7
10002606:	45c1      	cmp	r9, r8
10002608:	d916      	bls.n	10002638 <_etoa+0x1b0>
1000260a:	eb07 0208 	add.w	r2, r7, r8
1000260e:	4633      	mov	r3, r6
10002610:	4629      	mov	r1, r5
10002612:	2020      	movs	r0, #32
10002614:	f108 0801 	add.w	r8, r8, #1
10002618:	47a0      	blx	r4
1000261a:	45c1      	cmp	r9, r8
1000261c:	d8f5      	bhi.n	1000260a <_etoa+0x182>
1000261e:	1e7b      	subs	r3, r7, #1
10002620:	444b      	add	r3, r9
10002622:	f1c7 0201 	rsb	r2, r7, #1
10002626:	eba3 030a 	sub.w	r3, r3, sl
1000262a:	4452      	add	r2, sl
1000262c:	4591      	cmp	r9, r2
1000262e:	bf38      	it	cc
10002630:	2300      	movcc	r3, #0
10002632:	f10a 0a01 	add.w	sl, sl, #1
10002636:	449a      	add	sl, r3
10002638:	4650      	mov	r0, sl
1000263a:	b01f      	add	sp, #124	@ 0x7c
1000263c:	e8bd 8ff0 	ldmia.w	sp!, {r4, r5, r6, r7, r8, r9, sl, fp, pc}
10002640:	4633      	mov	r3, r6
10002642:	4629      	mov	r1, r5
10002644:	4620      	mov	r0, r4
10002646:	e9cd ab28 	strd	sl, fp, [sp, #160]	@ 0xa0
1000264a:	9c0a      	ldr	r4, [sp, #40]	@ 0x28
1000264c:	e9cd 982b 	strd	r9, r8, [sp, #172]	@ 0xac
10002650:	9a0b      	ldr	r2, [sp, #44]	@ 0x2c
10002652:	942a      	str	r4, [sp, #168]	@ 0xa8
10002654:	b01f      	add	sp, #124	@ 0x7c
10002656:	e8bd 4ff0 	ldmia.w	sp!, {r4, r5, r6, r7, r8, r9, sl, fp, lr}
1000265a:	f7ff bcc9 	b.w	10001ff0 <_ftoa>
1000265e:	ea57 0302 	orrs.w	r3, r7, r2
10002662:	d129      	bne.n	100026b8 <_etoa+0x230>
10002664:	2900      	cmp	r1, #0
10002666:	f43f af5a 	beq.w	1000251e <_etoa+0x96>
1000266a:	2300      	movs	r3, #0
1000266c:	930e      	str	r3, [sp, #56]	@ 0x38
1000266e:	9b0a      	ldr	r3, [sp, #40]	@ 0x28
10002670:	9a0e      	ldr	r2, [sp, #56]	@ 0x38
10002672:	4293      	cmp	r3, r2
10002674:	f300 81ba 	bgt.w	100029ec <_etoa+0x564>
10002678:	2700      	movs	r7, #0
1000267a:	4650      	mov	r0, sl
1000267c:	4659      	mov	r1, fp
1000267e:	2200      	movs	r2, #0
10002680:	2300      	movs	r3, #0
10002682:	f7ff fb19 	bl	10001cb8 <__wrap___aeabi_dcmplt>
10002686:	2800      	cmp	r0, #0
10002688:	f040 8115 	bne.w	100028b6 <_etoa+0x42e>
1000268c:	ed9d 7b08 	vldr	d7, [sp, #32]
10002690:	f428 6300 	bic.w	r3, r8, #2048	@ 0x800
10002694:	f443 6380 	orr.w	r3, r3, #1024	@ 0x400
10002698:	932c      	str	r3, [sp, #176]	@ 0xb0
1000269a:	ed8d 7b28 	vstr	d7, [sp, #160]	@ 0xa0
1000269e:	4633      	mov	r3, r6
100026a0:	4629      	mov	r1, r5
100026a2:	4620      	mov	r0, r4
100026a4:	e9cd 792a 	strd	r7, r9, [sp, #168]	@ 0xa8
100026a8:	9a0b      	ldr	r2, [sp, #44]	@ 0x2c
100026aa:	e7d3      	b.n	10002654 <_etoa+0x1cc>
100026ac:	7fefffff 	.word	0x7fefffff
100026b0:	cccccccd 	.word	0xcccccccd
100026b4:	2306      	movs	r3, #6
100026b6:	930a      	str	r3, [sp, #40]	@ 0x28
100026b8:	9b0c      	ldr	r3, [sp, #48]	@ 0x30
100026ba:	f3c3 500a 	ubfx	r0, r3, #20, #11
100026be:	f2a0 30ff 	subw	r0, r0, #1023	@ 0x3ff
100026c2:	f7ff fa9f 	bl	10001c04 <__wrap___aeabi_i2d>
100026c6:	a3b2      	add	r3, pc, #712	@ (adr r3, 10002990 <_etoa+0x508>)
100026c8:	e9d3 2300 	ldrd	r2, r3, [r3]
100026cc:	f7ff fa28 	bl	10001b20 <__wrap___aeabi_dmul>
100026d0:	a3b1      	add	r3, pc, #708	@ (adr r3, 10002998 <_etoa+0x510>)
100026d2:	e9d3 2300 	ldrd	r2, r3, [r3]
100026d6:	f7ff f9fb 	bl	10001ad0 <__wrap___aeabi_dadd>
100026da:	9b0c      	ldr	r3, [sp, #48]	@ 0x30
100026dc:	e9cd 010e 	strd	r0, r1, [sp, #56]	@ 0x38
100026e0:	f3c3 0313 	ubfx	r3, r3, #0, #20
100026e4:	f043 517f 	orr.w	r1, r3, #1069547520	@ 0x3fc00000
100026e8:	4638      	mov	r0, r7
100026ea:	2200      	movs	r2, #0
100026ec:	4ba2      	ldr	r3, [pc, #648]	@ (10002978 <_etoa+0x4f0>)
100026ee:	f441 1140 	orr.w	r1, r1, #3145728	@ 0x300000
100026f2:	f7ff fa01 	bl	10001af8 <__wrap___aeabi_dsub>
100026f6:	a394      	add	r3, pc, #592	@ (adr r3, 10002948 <_etoa+0x4c0>)
100026f8:	e9d3 2300 	ldrd	r2, r3, [r3]
100026fc:	f7ff fa10 	bl	10001b20 <__wrap___aeabi_dmul>
10002700:	4602      	mov	r2, r0
10002702:	460b      	mov	r3, r1
10002704:	e9dd 010e 	ldrd	r0, r1, [sp, #56]	@ 0x38
10002708:	f7ff f9e2 	bl	10001ad0 <__wrap___aeabi_dadd>
1000270c:	f7ff fa9e 	bl	10001c4c <__wrap___aeabi_d2iz>
10002710:	900e      	str	r0, [sp, #56]	@ 0x38
10002712:	f7ff fa77 	bl	10001c04 <__wrap___aeabi_i2d>
10002716:	a38e      	add	r3, pc, #568	@ (adr r3, 10002950 <_etoa+0x4c8>)
10002718:	e9d3 2300 	ldrd	r2, r3, [r3]
1000271c:	e9cd 010c 	strd	r0, r1, [sp, #48]	@ 0x30
10002720:	f7ff f9fe 	bl	10001b20 <__wrap___aeabi_dmul>
10002724:	2200      	movs	r2, #0
10002726:	4b95      	ldr	r3, [pc, #596]	@ (1000297c <_etoa+0x4f4>)
10002728:	f7ff f9d2 	bl	10001ad0 <__wrap___aeabi_dadd>
1000272c:	f7ff fa8e 	bl	10001c4c <__wrap___aeabi_d2iz>
10002730:	a389      	add	r3, pc, #548	@ (adr r3, 10002958 <_etoa+0x4d0>)
10002732:	e9d3 2300 	ldrd	r2, r3, [r3]
10002736:	4607      	mov	r7, r0
10002738:	e9dd 010c 	ldrd	r0, r1, [sp, #48]	@ 0x30
1000273c:	f7ff f9f0 	bl	10001b20 <__wrap___aeabi_dmul>
10002740:	e9cd 010c 	strd	r0, r1, [sp, #48]	@ 0x30
10002744:	4638      	mov	r0, r7
10002746:	f7ff fa5d 	bl	10001c04 <__wrap___aeabi_i2d>
1000274a:	a385      	add	r3, pc, #532	@ (adr r3, 10002960 <_etoa+0x4d8>)
1000274c:	e9d3 2300 	ldrd	r2, r3, [r3]
10002750:	f7ff f9e6 	bl	10001b20 <__wrap___aeabi_dmul>
10002754:	4602      	mov	r2, r0
10002756:	460b      	mov	r3, r1
10002758:	e9dd 010c 	ldrd	r0, r1, [sp, #48]	@ 0x30
1000275c:	f7ff f9cc 	bl	10001af8 <__wrap___aeabi_dsub>
10002760:	4602      	mov	r2, r0
10002762:	460b      	mov	r3, r1
10002764:	e9cd 230c 	strd	r2, r3, [sp, #48]	@ 0x30
10002768:	f7ff f9da 	bl	10001b20 <__wrap___aeabi_dmul>
1000276c:	e9cd 0110 	strd	r0, r1, [sp, #64]	@ 0x40
10002770:	e9dd 010c 	ldrd	r0, r1, [sp, #48]	@ 0x30
10002774:	4602      	mov	r2, r0
10002776:	460b      	mov	r3, r1
10002778:	f7ff f9aa 	bl	10001ad0 <__wrap___aeabi_dadd>
1000277c:	2200      	movs	r2, #0
1000277e:	e9cd 0112 	strd	r0, r1, [sp, #72]	@ 0x48
10002782:	e9dd 0110 	ldrd	r0, r1, [sp, #64]	@ 0x40
10002786:	4b7e      	ldr	r3, [pc, #504]	@ (10002980 <_etoa+0x4f8>)
10002788:	f7ff f9ee 	bl	10001b68 <__wrap___aeabi_ddiv>
1000278c:	2200      	movs	r2, #0
1000278e:	4b7d      	ldr	r3, [pc, #500]	@ (10002984 <_etoa+0x4fc>)
10002790:	f7ff f99e 	bl	10001ad0 <__wrap___aeabi_dadd>
10002794:	4602      	mov	r2, r0
10002796:	460b      	mov	r3, r1
10002798:	e9dd 0110 	ldrd	r0, r1, [sp, #64]	@ 0x40
1000279c:	f7ff f9e4 	bl	10001b68 <__wrap___aeabi_ddiv>
100027a0:	2200      	movs	r2, #0
100027a2:	4b79      	ldr	r3, [pc, #484]	@ (10002988 <_etoa+0x500>)
100027a4:	f7ff f994 	bl	10001ad0 <__wrap___aeabi_dadd>
100027a8:	4602      	mov	r2, r0
100027aa:	460b      	mov	r3, r1
100027ac:	e9dd 0110 	ldrd	r0, r1, [sp, #64]	@ 0x40
100027b0:	f7ff f9da 	bl	10001b68 <__wrap___aeabi_ddiv>
100027b4:	e9cd 0110 	strd	r0, r1, [sp, #64]	@ 0x40
100027b8:	e9dd 230c 	ldrd	r2, r3, [sp, #48]	@ 0x30
100027bc:	2000      	movs	r0, #0
100027be:	f04f 4180 	mov.w	r1, #1073741824	@ 0x40000000
100027c2:	f7ff f999 	bl	10001af8 <__wrap___aeabi_dsub>
100027c6:	4602      	mov	r2, r0
100027c8:	460b      	mov	r3, r1
100027ca:	e9dd 0110 	ldrd	r0, r1, [sp, #64]	@ 0x40
100027ce:	f7ff f97f 	bl	10001ad0 <__wrap___aeabi_dadd>
100027d2:	4602      	mov	r2, r0
100027d4:	460b      	mov	r3, r1
100027d6:	e9dd 0112 	ldrd	r0, r1, [sp, #72]	@ 0x48
100027da:	f7ff f9c5 	bl	10001b68 <__wrap___aeabi_ddiv>
100027de:	2200      	movs	r2, #0
100027e0:	4b6a      	ldr	r3, [pc, #424]	@ (1000298c <_etoa+0x504>)
100027e2:	f7ff f975 	bl	10001ad0 <__wrap___aeabi_dadd>
100027e6:	f207 3cff 	addw	ip, r7, #1023	@ 0x3ff
100027ea:	2200      	movs	r2, #0
100027ec:	ea4f 530c 	mov.w	r3, ip, lsl #20
100027f0:	f7ff f996 	bl	10001b20 <__wrap___aeabi_dmul>
100027f4:	4602      	mov	r2, r0
100027f6:	460b      	mov	r3, r1
100027f8:	e9dd 0108 	ldrd	r0, r1, [sp, #32]
100027fc:	e9cd 230c 	strd	r2, r3, [sp, #48]	@ 0x30
10002800:	f7ff fa5a 	bl	10001cb8 <__wrap___aeabi_dcmplt>
10002804:	b150      	cbz	r0, 1000281c <_etoa+0x394>
10002806:	e9dd 010c 	ldrd	r0, r1, [sp, #48]	@ 0x30
1000280a:	9b0e      	ldr	r3, [sp, #56]	@ 0x38
1000280c:	2200      	movs	r2, #0
1000280e:	3b01      	subs	r3, #1
10002810:	930e      	str	r3, [sp, #56]	@ 0x38
10002812:	4b5c      	ldr	r3, [pc, #368]	@ (10002984 <_etoa+0x4fc>)
10002814:	f7ff f9a8 	bl	10001b68 <__wrap___aeabi_ddiv>
10002818:	e9cd 010c 	strd	r0, r1, [sp, #48]	@ 0x30
1000281c:	e9dd 010c 	ldrd	r0, r1, [sp, #48]	@ 0x30
10002820:	9b0e      	ldr	r3, [sp, #56]	@ 0x38
10002822:	4602      	mov	r2, r0
10002824:	3363      	adds	r3, #99	@ 0x63
10002826:	2bc6      	cmp	r3, #198	@ 0xc6
10002828:	f008 0302 	and.w	r3, r8, #2
1000282c:	9310      	str	r3, [sp, #64]	@ 0x40
1000282e:	9b14      	ldr	r3, [sp, #80]	@ 0x50
10002830:	d82d      	bhi.n	1000288e <_etoa+0x406>
10002832:	2b00      	cmp	r3, #0
10002834:	d05f      	beq.n	100028f6 <_etoa+0x46e>
10002836:	2304      	movs	r3, #4
10002838:	9312      	str	r3, [sp, #72]	@ 0x48
1000283a:	430a      	orrs	r2, r1
1000283c:	f43f af17 	beq.w	1000266e <_etoa+0x1e6>
10002840:	e9dd 0108 	ldrd	r0, r1, [sp, #32]
10002844:	a348      	add	r3, pc, #288	@ (adr r3, 10002968 <_etoa+0x4e0>)
10002846:	e9d3 2300 	ldrd	r2, r3, [r3]
1000284a:	f7ff fa5d 	bl	10001d08 <__wrap___aeabi_dcmpge>
1000284e:	b148      	cbz	r0, 10002864 <_etoa+0x3dc>
10002850:	e9dd 0108 	ldrd	r0, r1, [sp, #32]
10002854:	a346      	add	r3, pc, #280	@ (adr r3, 10002970 <_etoa+0x4e8>)
10002856:	e9d3 2300 	ldrd	r2, r3, [r3]
1000285a:	f7ff fa2d 	bl	10001cb8 <__wrap___aeabi_dcmplt>
1000285e:	2800      	cmp	r0, #0
10002860:	f47f af05 	bne.w	1000266e <_etoa+0x1e6>
10002864:	9b0a      	ldr	r3, [sp, #40]	@ 0x28
10002866:	2b00      	cmp	r3, #0
10002868:	d051      	beq.n	1000290e <_etoa+0x486>
1000286a:	9a15      	ldr	r2, [sp, #84]	@ 0x54
1000286c:	2a00      	cmp	r2, #0
1000286e:	f000 80ac 	beq.w	100029ca <_etoa+0x542>
10002872:	3b01      	subs	r3, #1
10002874:	930a      	str	r3, [sp, #40]	@ 0x28
10002876:	9b12      	ldr	r3, [sp, #72]	@ 0x48
10002878:	4599      	cmp	r9, r3
1000287a:	d905      	bls.n	10002888 <_etoa+0x400>
1000287c:	9b10      	ldr	r3, [sp, #64]	@ 0x40
1000287e:	2b00      	cmp	r3, #0
10002880:	f000 80af 	beq.w	100029e2 <_etoa+0x55a>
10002884:	2302      	movs	r3, #2
10002886:	9310      	str	r3, [sp, #64]	@ 0x40
10002888:	2300      	movs	r3, #0
1000288a:	9314      	str	r3, [sp, #80]	@ 0x50
1000288c:	e044      	b.n	10002918 <_etoa+0x490>
1000288e:	bb2b      	cbnz	r3, 100028dc <_etoa+0x454>
10002890:	f1b9 0f05 	cmp.w	r9, #5
10002894:	d94f      	bls.n	10002936 <_etoa+0x4ae>
10002896:	f008 0302 	and.w	r3, r8, #2
1000289a:	2b00      	cmp	r3, #0
1000289c:	d149      	bne.n	10002932 <_etoa+0x4aa>
1000289e:	2305      	movs	r3, #5
100028a0:	9312      	str	r3, [sp, #72]	@ 0x48
100028a2:	f1a9 0305 	sub.w	r3, r9, #5
100028a6:	9314      	str	r3, [sp, #80]	@ 0x50
100028a8:	e03a      	b.n	10002920 <_etoa+0x498>
100028aa:	f10b 4300 	add.w	r3, fp, #2147483648	@ 0x80000000
100028ae:	f8cd a020 	str.w	sl, [sp, #32]
100028b2:	9309      	str	r3, [sp, #36]	@ 0x24
100028b4:	e61e      	b.n	100024f4 <_etoa+0x6c>
100028b6:	f428 6300 	bic.w	r3, r8, #2048	@ 0x800
100028ba:	f443 6380 	orr.w	r3, r3, #1024	@ 0x400
100028be:	4620      	mov	r0, r4
100028c0:	e9cd 792a 	strd	r7, r9, [sp, #168]	@ 0xa8
100028c4:	932c      	str	r3, [sp, #176]	@ 0xb0
100028c6:	4633      	mov	r3, r6
100028c8:	e9dd 6708 	ldrd	r6, r7, [sp, #32]
100028cc:	4634      	mov	r4, r6
100028ce:	4629      	mov	r1, r5
100028d0:	f107 4500 	add.w	r5, r7, #2147483648	@ 0x80000000
100028d4:	e9cd 4528 	strd	r4, r5, [sp, #160]	@ 0xa0
100028d8:	9a0b      	ldr	r2, [sp, #44]	@ 0x2c
100028da:	e6bb      	b.n	10002654 <_etoa+0x1cc>
100028dc:	2305      	movs	r3, #5
100028de:	9312      	str	r3, [sp, #72]	@ 0x48
100028e0:	e7ab      	b.n	1000283a <_etoa+0x3b2>
100028e2:	2202      	movs	r2, #2
100028e4:	2300      	movs	r3, #0
100028e6:	9210      	str	r2, [sp, #64]	@ 0x40
100028e8:	2204      	movs	r2, #4
100028ea:	9314      	str	r3, [sp, #80]	@ 0x50
100028ec:	9212      	str	r2, [sp, #72]	@ 0x48
100028ee:	930e      	str	r3, [sp, #56]	@ 0x38
100028f0:	e623      	b.n	1000253a <_etoa+0xb2>
100028f2:	2705      	movs	r7, #5
100028f4:	e6c1      	b.n	1000267a <_etoa+0x1f2>
100028f6:	f1b9 0f04 	cmp.w	r9, #4
100028fa:	d91f      	bls.n	1000293c <_etoa+0x4b4>
100028fc:	9b10      	ldr	r3, [sp, #64]	@ 0x40
100028fe:	2b00      	cmp	r3, #0
10002900:	d177      	bne.n	100029f2 <_etoa+0x56a>
10002902:	2304      	movs	r3, #4
10002904:	9312      	str	r3, [sp, #72]	@ 0x48
10002906:	f1a9 0304 	sub.w	r3, r9, #4
1000290a:	9314      	str	r3, [sp, #80]	@ 0x50
1000290c:	e004      	b.n	10002918 <_etoa+0x490>
1000290e:	9b12      	ldr	r3, [sp, #72]	@ 0x48
10002910:	4599      	cmp	r9, r3
10002912:	d85f      	bhi.n	100029d4 <_etoa+0x54c>
10002914:	9b0a      	ldr	r3, [sp, #40]	@ 0x28
10002916:	9314      	str	r3, [sp, #80]	@ 0x50
10002918:	9b0e      	ldr	r3, [sp, #56]	@ 0x38
1000291a:	2b00      	cmp	r3, #0
1000291c:	f43f ae0d 	beq.w	1000253a <_etoa+0xb2>
10002920:	e9dd 0108 	ldrd	r0, r1, [sp, #32]
10002924:	e9dd 230c 	ldrd	r2, r3, [sp, #48]	@ 0x30
10002928:	f7ff f91e 	bl	10001b68 <__wrap___aeabi_ddiv>
1000292c:	e9cd 0108 	strd	r0, r1, [sp, #32]
10002930:	e603      	b.n	1000253a <_etoa+0xb2>
10002932:	2302      	movs	r3, #2
10002934:	9310      	str	r3, [sp, #64]	@ 0x40
10002936:	2305      	movs	r3, #5
10002938:	9312      	str	r3, [sp, #72]	@ 0x48
1000293a:	e7f1      	b.n	10002920 <_etoa+0x498>
1000293c:	2304      	movs	r3, #4
1000293e:	9312      	str	r3, [sp, #72]	@ 0x48
10002940:	e7ea      	b.n	10002918 <_etoa+0x490>
10002942:	bf00      	nop
10002944:	f3af 8000 	nop.w
10002948:	636f4361 	.word	0x636f4361
1000294c:	3fd287a7 	.word	0x3fd287a7
10002950:	0979a371 	.word	0x0979a371
10002954:	400a934f 	.word	0x400a934f
10002958:	bbb55516 	.word	0xbbb55516
1000295c:	40026bb1 	.word	0x40026bb1
10002960:	fefa39ef 	.word	0xfefa39ef
10002964:	3fe62e42 	.word	0x3fe62e42
10002968:	eb1c432d 	.word	0xeb1c432d
1000296c:	3f1a36e2 	.word	0x3f1a36e2
10002970:	00000000 	.word	0x00000000
10002974:	412e8480 	.word	0x412e8480
10002978:	3ff80000 	.word	0x3ff80000
1000297c:	3fe00000 	.word	0x3fe00000
10002980:	402c0000 	.word	0x402c0000
10002984:	40240000 	.word	0x40240000
10002988:	40180000 	.word	0x40180000
1000298c:	3ff00000 	.word	0x3ff00000
10002990:	509f79fb 	.word	0x509f79fb
10002994:	3fd34413 	.word	0x3fd34413
10002998:	8b60c8b3 	.word	0x8b60c8b3
1000299c:	3fc68a28 	.word	0x3fc68a28
100029a0:	9b14      	ldr	r3, [sp, #80]	@ 0x50
100029a2:	e9dd a708 	ldrd	sl, r7, [sp, #32]
100029a6:	9303      	str	r3, [sp, #12]
100029a8:	9b0a      	ldr	r3, [sp, #40]	@ 0x28
100029aa:	f107 4b00 	add.w	fp, r7, #2147483648	@ 0x80000000
100029ae:	9302      	str	r3, [sp, #8]
100029b0:	f428 6300 	bic.w	r3, r8, #2048	@ 0x800
100029b4:	9a0b      	ldr	r2, [sp, #44]	@ 0x2c
100029b6:	9304      	str	r3, [sp, #16]
100029b8:	4629      	mov	r1, r5
100029ba:	4633      	mov	r3, r6
100029bc:	4620      	mov	r0, r4
100029be:	e9cd ab00 	strd	sl, fp, [sp]
100029c2:	f7ff fb15 	bl	10001ff0 <_ftoa>
100029c6:	4602      	mov	r2, r0
100029c8:	e5d2      	b.n	10002570 <_etoa+0xe8>
100029ca:	9b12      	ldr	r3, [sp, #72]	@ 0x48
100029cc:	4599      	cmp	r9, r3
100029ce:	d815      	bhi.n	100029fc <_etoa+0x574>
100029d0:	9214      	str	r2, [sp, #80]	@ 0x50
100029d2:	e7a1      	b.n	10002918 <_etoa+0x490>
100029d4:	9b10      	ldr	r3, [sp, #64]	@ 0x40
100029d6:	b123      	cbz	r3, 100029e2 <_etoa+0x55a>
100029d8:	9b0a      	ldr	r3, [sp, #40]	@ 0x28
100029da:	9314      	str	r3, [sp, #80]	@ 0x50
100029dc:	2302      	movs	r3, #2
100029de:	9310      	str	r3, [sp, #64]	@ 0x40
100029e0:	e79a      	b.n	10002918 <_etoa+0x490>
100029e2:	9b12      	ldr	r3, [sp, #72]	@ 0x48
100029e4:	eba9 0303 	sub.w	r3, r9, r3
100029e8:	9314      	str	r3, [sp, #80]	@ 0x50
100029ea:	e795      	b.n	10002918 <_etoa+0x490>
100029ec:	1a9b      	subs	r3, r3, r2
100029ee:	1e5f      	subs	r7, r3, #1
100029f0:	e643      	b.n	1000267a <_etoa+0x1f2>
100029f2:	2304      	movs	r3, #4
100029f4:	9312      	str	r3, [sp, #72]	@ 0x48
100029f6:	2302      	movs	r3, #2
100029f8:	9310      	str	r3, [sp, #64]	@ 0x40
100029fa:	e78d      	b.n	10002918 <_etoa+0x490>
100029fc:	9b10      	ldr	r3, [sp, #64]	@ 0x40
100029fe:	2b00      	cmp	r3, #0
10002a00:	d0ef      	beq.n	100029e2 <_etoa+0x55a>
10002a02:	2302      	movs	r3, #2
10002a04:	9214      	str	r2, [sp, #80]	@ 0x50
10002a06:	9310      	str	r3, [sp, #64]	@ 0x40
10002a08:	e786      	b.n	10002918 <_etoa+0x490>
10002a0a:	bf00      	nop

10002a0c <_vsnprintf>:
10002a0c:	e92d 4ff0 	stmdb	sp!, {r4, r5, r6, r7, r8, r9, sl, fp, lr}
10002a10:	4691      	mov	r9, r2
10002a12:	4c9a      	ldr	r4, [pc, #616]	@ (10002c7c <_vsnprintf+0x270>)
10002a14:	4a9a      	ldr	r2, [pc, #616]	@ (10002c80 <_vsnprintf+0x274>)
10002a16:	f1b1 0a00 	subs.w	sl, r1, #0
10002a1a:	b09b      	sub	sp, #108	@ 0x6c
10002a1c:	bf18      	it	ne
10002a1e:	4683      	movne	fp, r0
10002a20:	6014      	str	r4, [r2, #0]
10002a22:	7818      	ldrb	r0, [r3, #0]
10002a24:	4a97      	ldr	r2, [pc, #604]	@ (10002c84 <_vsnprintf+0x278>)
10002a26:	f8dd 8090 	ldr.w	r8, [sp, #144]	@ 0x90
10002a2a:	bf08      	it	eq
10002a2c:	4693      	moveq	fp, r2
10002a2e:	2800      	cmp	r0, #0
10002a30:	f000 828a 	beq.w	10002f48 <_vsnprintf+0x53c>
10002a34:	461d      	mov	r5, r3
10002a36:	2600      	movs	r6, #0
10002a38:	f8cd 9020 	str.w	r9, [sp, #32]
10002a3c:	e008      	b.n	10002a50 <_vsnprintf+0x44>
10002a3e:	4632      	mov	r2, r6
10002a40:	4651      	mov	r1, sl
10002a42:	9b08      	ldr	r3, [sp, #32]
10002a44:	47d8      	blx	fp
10002a46:	3601      	adds	r6, #1
10002a48:	7828      	ldrb	r0, [r5, #0]
10002a4a:	2800      	cmp	r0, #0
10002a4c:	f000 80c7 	beq.w	10002bde <_vsnprintf+0x1d2>
10002a50:	2825      	cmp	r0, #37	@ 0x25
10002a52:	f105 0501 	add.w	r5, r5, #1
10002a56:	d1f2      	bne.n	10002a3e <_vsnprintf+0x32>
10002a58:	2200      	movs	r2, #0
10002a5a:	462b      	mov	r3, r5
10002a5c:	f813 1b01 	ldrb.w	r1, [r3], #1
10002a60:	f1a1 0020 	sub.w	r0, r1, #32
10002a64:	2810      	cmp	r0, #16
10002a66:	d80a      	bhi.n	10002a7e <_vsnprintf+0x72>
10002a68:	e8df f000 	tbb	[pc, r0]
10002a6c:	3b09093f 	.word	0x3b09093f
10002a70:	09090909 	.word	0x09090909
10002a74:	37090909 	.word	0x37090909
10002a78:	09093309 	.word	0x09093309
10002a7c:	2f          	.byte	0x2f
10002a7d:	00          	.byte	0x00
10002a7e:	f1a1 0030 	sub.w	r0, r1, #48	@ 0x30
10002a82:	2809      	cmp	r0, #9
10002a84:	f240 8089 	bls.w	10002b9a <_vsnprintf+0x18e>
10002a88:	292a      	cmp	r1, #42	@ 0x2a
10002a8a:	f000 80e9 	beq.w	10002c60 <_vsnprintf+0x254>
10002a8e:	2400      	movs	r4, #0
10002a90:	292e      	cmp	r1, #46	@ 0x2e
10002a92:	f000 8094 	beq.w	10002bbe <_vsnprintf+0x1b2>
10002a96:	2700      	movs	r7, #0
10002a98:	f1a1 0068 	sub.w	r0, r1, #104	@ 0x68
10002a9c:	2812      	cmp	r0, #18
10002a9e:	d82c      	bhi.n	10002afa <_vsnprintf+0xee>
10002aa0:	e8df f010 	tbh	[pc, r0, lsl #1]
10002aa4:	002b014e 	.word	0x002b014e
10002aa8:	002b0149 	.word	0x002b0149
10002aac:	002b0140 	.word	0x002b0140
10002ab0:	002b002b 	.word	0x002b002b
10002ab4:	002b002b 	.word	0x002b002b
10002ab8:	002b002b 	.word	0x002b002b
10002abc:	002b0027 	.word	0x002b0027
10002ac0:	002b002b 	.word	0x002b002b
10002ac4:	002b002b 	.word	0x002b002b
10002ac8:	0027      	.short	0x0027
10002aca:	461d      	mov	r5, r3
10002acc:	f042 0201 	orr.w	r2, r2, #1
10002ad0:	e7c3      	b.n	10002a5a <_vsnprintf+0x4e>
10002ad2:	461d      	mov	r5, r3
10002ad4:	f042 0202 	orr.w	r2, r2, #2
10002ad8:	e7bf      	b.n	10002a5a <_vsnprintf+0x4e>
10002ada:	461d      	mov	r5, r3
10002adc:	f042 0204 	orr.w	r2, r2, #4
10002ae0:	e7bb      	b.n	10002a5a <_vsnprintf+0x4e>
10002ae2:	461d      	mov	r5, r3
10002ae4:	f042 0210 	orr.w	r2, r2, #16
10002ae8:	e7b7      	b.n	10002a5a <_vsnprintf+0x4e>
10002aea:	461d      	mov	r5, r3
10002aec:	f042 0208 	orr.w	r2, r2, #8
10002af0:	e7b3      	b.n	10002a5a <_vsnprintf+0x4e>
10002af2:	7869      	ldrb	r1, [r5, #1]
10002af4:	f442 7280 	orr.w	r2, r2, #256	@ 0x100
10002af8:	3301      	adds	r3, #1
10002afa:	2967      	cmp	r1, #103	@ 0x67
10002afc:	461d      	mov	r5, r3
10002afe:	d87e      	bhi.n	10002bfe <_vsnprintf+0x1f2>
10002b00:	2924      	cmp	r1, #36	@ 0x24
10002b02:	f240 80b8 	bls.w	10002c76 <_vsnprintf+0x26a>
10002b06:	f1a1 0325 	sub.w	r3, r1, #37	@ 0x25
10002b0a:	2b42      	cmp	r3, #66	@ 0x42
10002b0c:	f200 80b3 	bhi.w	10002c76 <_vsnprintf+0x26a>
10002b10:	e8df f013 	tbh	[pc, r3, lsl #1]
10002b14:	00b10151 	.word	0x00b10151
10002b18:	00b100b1 	.word	0x00b100b1
10002b1c:	00b100b1 	.word	0x00b100b1
10002b20:	00b100b1 	.word	0x00b100b1
10002b24:	00b100b1 	.word	0x00b100b1
10002b28:	00b100b1 	.word	0x00b100b1
10002b2c:	00b100b1 	.word	0x00b100b1
10002b30:	00b100b1 	.word	0x00b100b1
10002b34:	00b100b1 	.word	0x00b100b1
10002b38:	00b100b1 	.word	0x00b100b1
10002b3c:	00b100b1 	.word	0x00b100b1
10002b40:	00b100b1 	.word	0x00b100b1
10002b44:	00b100b1 	.word	0x00b100b1
10002b48:	00b100b1 	.word	0x00b100b1
10002b4c:	00b100b1 	.word	0x00b100b1
10002b50:	00b100b1 	.word	0x00b100b1
10002b54:	013a011e 	.word	0x013a011e
10002b58:	00b1011e 	.word	0x00b1011e
10002b5c:	00b100b1 	.word	0x00b100b1
10002b60:	00b100b1 	.word	0x00b100b1
10002b64:	00b100b1 	.word	0x00b100b1
10002b68:	00b100b1 	.word	0x00b100b1
10002b6c:	00b100b1 	.word	0x00b100b1
10002b70:	00b100b1 	.word	0x00b100b1
10002b74:	00b100b1 	.word	0x00b100b1
10002b78:	01b400b1 	.word	0x01b400b1
10002b7c:	00b100b1 	.word	0x00b100b1
10002b80:	00b100b1 	.word	0x00b100b1
10002b84:	00b100b1 	.word	0x00b100b1
10002b88:	00b100b1 	.word	0x00b100b1
10002b8c:	01b400b1 	.word	0x01b400b1
10002b90:	01b40158 	.word	0x01b40158
10002b94:	013a011e 	.word	0x013a011e
10002b98:	011e      	.short	0x011e
10002b9a:	2400      	movs	r4, #0
10002b9c:	eb04 0484 	add.w	r4, r4, r4, lsl #2
10002ba0:	eb01 0444 	add.w	r4, r1, r4, lsl #1
10002ba4:	7819      	ldrb	r1, [r3, #0]
10002ba6:	461d      	mov	r5, r3
10002ba8:	f1a1 0030 	sub.w	r0, r1, #48	@ 0x30
10002bac:	2809      	cmp	r0, #9
10002bae:	f1a4 0430 	sub.w	r4, r4, #48	@ 0x30
10002bb2:	f103 0301 	add.w	r3, r3, #1
10002bb6:	d9f1      	bls.n	10002b9c <_vsnprintf+0x190>
10002bb8:	292e      	cmp	r1, #46	@ 0x2e
10002bba:	f47f af6c 	bne.w	10002a96 <_vsnprintf+0x8a>
10002bbe:	7869      	ldrb	r1, [r5, #1]
10002bc0:	4618      	mov	r0, r3
10002bc2:	f1a1 0730 	sub.w	r7, r1, #48	@ 0x30
10002bc6:	2f09      	cmp	r7, #9
10002bc8:	f442 6280 	orr.w	r2, r2, #1024	@ 0x400
10002bcc:	f240 8125 	bls.w	10002e1a <_vsnprintf+0x40e>
10002bd0:	292a      	cmp	r1, #42	@ 0x2a
10002bd2:	f000 8132 	beq.w	10002e3a <_vsnprintf+0x42e>
10002bd6:	461d      	mov	r5, r3
10002bd8:	2700      	movs	r7, #0
10002bda:	3301      	adds	r3, #1
10002bdc:	e75c      	b.n	10002a98 <_vsnprintf+0x8c>
10002bde:	4634      	mov	r4, r6
10002be0:	f8dd 9020 	ldr.w	r9, [sp, #32]
10002be4:	45b1      	cmp	r9, r6
10002be6:	d801      	bhi.n	10002bec <_vsnprintf+0x1e0>
10002be8:	f109 36ff 	add.w	r6, r9, #4294967295	@ 0xffffffff
10002bec:	464b      	mov	r3, r9
10002bee:	4632      	mov	r2, r6
10002bf0:	4651      	mov	r1, sl
10002bf2:	2000      	movs	r0, #0
10002bf4:	47d8      	blx	fp
10002bf6:	4620      	mov	r0, r4
10002bf8:	b01b      	add	sp, #108	@ 0x6c
10002bfa:	e8bd 8ff0 	ldmia.w	sp!, {r4, r5, r6, r7, r8, r9, sl, fp, pc}
10002bfe:	f1a1 0369 	sub.w	r3, r1, #105	@ 0x69
10002c02:	b2db      	uxtb	r3, r3
10002c04:	2b0f      	cmp	r3, #15
10002c06:	d836      	bhi.n	10002c76 <_vsnprintf+0x26a>
10002c08:	2001      	movs	r0, #1
10002c0a:	f249 0c41 	movw	ip, #36929	@ 0x9041
10002c0e:	4098      	lsls	r0, r3
10002c10:	ea10 000c 	ands.w	r0, r0, ip
10002c14:	f040 80f4 	bne.w	10002e00 <_vsnprintf+0x3f4>
10002c18:	2b0a      	cmp	r3, #10
10002c1a:	d035      	beq.n	10002c88 <_vsnprintf+0x27c>
10002c1c:	2b07      	cmp	r3, #7
10002c1e:	d12a      	bne.n	10002c76 <_vsnprintf+0x26a>
10002c20:	f858 1b04 	ldr.w	r1, [r8], #4
10002c24:	2900      	cmp	r1, #0
10002c26:	f040 8110 	bne.w	10002e4a <_vsnprintf+0x43e>
10002c2a:	f022 0410 	bic.w	r4, r2, #16
10002c2e:	f412 6180 	ands.w	r1, r2, #1024	@ 0x400
10002c32:	f044 0421 	orr.w	r4, r4, #33	@ 0x21
10002c36:	f000 810a 	beq.w	10002e4e <_vsnprintf+0x442>
10002c3a:	aa12      	add	r2, sp, #72	@ 0x48
10002c3c:	2308      	movs	r3, #8
10002c3e:	9305      	str	r3, [sp, #20]
10002c40:	2310      	movs	r3, #16
10002c42:	e9cd 2000 	strd	r2, r0, [sp]
10002c46:	4632      	mov	r2, r6
10002c48:	9406      	str	r4, [sp, #24]
10002c4a:	9704      	str	r7, [sp, #16]
10002c4c:	9303      	str	r3, [sp, #12]
10002c4e:	2300      	movs	r3, #0
10002c50:	9302      	str	r3, [sp, #8]
10002c52:	4651      	mov	r1, sl
10002c54:	4658      	mov	r0, fp
10002c56:	9b08      	ldr	r3, [sp, #32]
10002c58:	f7ff f8d0 	bl	10001dfc <_ntoa_format>
10002c5c:	4606      	mov	r6, r0
10002c5e:	e6f3      	b.n	10002a48 <_vsnprintf+0x3c>
10002c60:	f858 4b04 	ldr.w	r4, [r8], #4
10002c64:	7869      	ldrb	r1, [r5, #1]
10002c66:	2c00      	cmp	r4, #0
10002c68:	461d      	mov	r5, r3
10002c6a:	bfbc      	itt	lt
10002c6c:	f042 0202 	orrlt.w	r2, r2, #2
10002c70:	4264      	neglt	r4, r4
10002c72:	3301      	adds	r3, #1
10002c74:	e70c      	b.n	10002a90 <_vsnprintf+0x84>
10002c76:	4608      	mov	r0, r1
10002c78:	e6e1      	b.n	10002a3e <_vsnprintf+0x32>
10002c7a:	bf00      	nop
10002c7c:	10002a0d 	.word	0x10002a0d
10002c80:	20001eb0 	.word	0x20001eb0
10002c84:	10001d51 	.word	0x10001d51
10002c88:	f858 9b04 	ldr.w	r9, [r8], #4
10002c8c:	2f00      	cmp	r7, #0
10002c8e:	f899 0000 	ldrb.w	r0, [r9]
10002c92:	bf14      	ite	ne
10002c94:	463b      	movne	r3, r7
10002c96:	f04f 33ff 	moveq.w	r3, #4294967295	@ 0xffffffff
10002c9a:	2800      	cmp	r0, #0
10002c9c:	f000 8382 	beq.w	100033a4 <_vsnprintf+0x998>
10002ca0:	4649      	mov	r1, r9
10002ca2:	eb03 0c09 	add.w	ip, r3, r9
10002ca6:	e004      	b.n	10002cb2 <_vsnprintf+0x2a6>
10002ca8:	f811 3f01 	ldrb.w	r3, [r1, #1]!
10002cac:	2b00      	cmp	r3, #0
10002cae:	f000 8143 	beq.w	10002f38 <_vsnprintf+0x52c>
10002cb2:	458c      	cmp	ip, r1
10002cb4:	d1f8      	bne.n	10002ca8 <_vsnprintf+0x29c>
10002cb6:	ebac 0109 	sub.w	r1, ip, r9
10002cba:	0553      	lsls	r3, r2, #21
10002cbc:	f140 8120 	bpl.w	10002f00 <_vsnprintf+0x4f4>
10002cc0:	42b9      	cmp	r1, r7
10002cc2:	bf28      	it	cs
10002cc4:	4639      	movcs	r1, r7
10002cc6:	f012 0302 	ands.w	r3, r2, #2
10002cca:	f000 8283 	beq.w	100031d4 <_vsnprintf+0x7c8>
10002cce:	2302      	movs	r3, #2
10002cd0:	e9cd 4809 	strd	r4, r8, [sp, #36]	@ 0x24
10002cd4:	4632      	mov	r2, r6
10002cd6:	4688      	mov	r8, r1
10002cd8:	9c08      	ldr	r4, [sp, #32]
10002cda:	4437      	add	r7, r6
10002cdc:	930b      	str	r3, [sp, #44]	@ 0x2c
10002cde:	e007      	b.n	10002cf0 <_vsnprintf+0x2e4>
10002ce0:	4623      	mov	r3, r4
10002ce2:	4651      	mov	r1, sl
10002ce4:	47d8      	blx	fp
10002ce6:	f819 0f01 	ldrb.w	r0, [r9, #1]!
10002cea:	3601      	adds	r6, #1
10002cec:	b110      	cbz	r0, 10002cf4 <_vsnprintf+0x2e8>
10002cee:	4632      	mov	r2, r6
10002cf0:	42b7      	cmp	r7, r6
10002cf2:	d1f5      	bne.n	10002ce0 <_vsnprintf+0x2d4>
10002cf4:	9b0b      	ldr	r3, [sp, #44]	@ 0x2c
10002cf6:	4641      	mov	r1, r8
10002cf8:	9c09      	ldr	r4, [sp, #36]	@ 0x24
10002cfa:	f8dd 8028 	ldr.w	r8, [sp, #40]	@ 0x28
10002cfe:	2b00      	cmp	r3, #0
10002d00:	f43f aea2 	beq.w	10002a48 <_vsnprintf+0x3c>
10002d04:	4637      	mov	r7, r6
10002d06:	428c      	cmp	r4, r1
10002d08:	f67f ae9e 	bls.w	10002a48 <_vsnprintf+0x3c>
10002d0c:	4426      	add	r6, r4
10002d0e:	9c08      	ldr	r4, [sp, #32]
10002d10:	1a76      	subs	r6, r6, r1
10002d12:	463a      	mov	r2, r7
10002d14:	4623      	mov	r3, r4
10002d16:	4651      	mov	r1, sl
10002d18:	2020      	movs	r0, #32
10002d1a:	3701      	adds	r7, #1
10002d1c:	47d8      	blx	fp
10002d1e:	42b7      	cmp	r7, r6
10002d20:	d1f7      	bne.n	10002d12 <_vsnprintf+0x306>
10002d22:	e691      	b.n	10002a48 <_vsnprintf+0x3c>
10002d24:	7869      	ldrb	r1, [r5, #1]
10002d26:	296c      	cmp	r1, #108	@ 0x6c
10002d28:	f47f aee4 	bne.w	10002af4 <_vsnprintf+0xe8>
10002d2c:	78a9      	ldrb	r1, [r5, #2]
10002d2e:	f442 7240 	orr.w	r2, r2, #768	@ 0x300
10002d32:	1ceb      	adds	r3, r5, #3
10002d34:	e6e1      	b.n	10002afa <_vsnprintf+0xee>
10002d36:	7869      	ldrb	r1, [r5, #1]
10002d38:	f442 7200 	orr.w	r2, r2, #512	@ 0x200
10002d3c:	3301      	adds	r3, #1
10002d3e:	e6dc      	b.n	10002afa <_vsnprintf+0xee>
10002d40:	7869      	ldrb	r1, [r5, #1]
10002d42:	2968      	cmp	r1, #104	@ 0x68
10002d44:	f000 80fb 	beq.w	10002f3e <_vsnprintf+0x532>
10002d48:	f042 0280 	orr.w	r2, r2, #128	@ 0x80
10002d4c:	3301      	adds	r3, #1
10002d4e:	e6d4      	b.n	10002afa <_vsnprintf+0xee>
10002d50:	2967      	cmp	r1, #103	@ 0x67
10002d52:	f000 80c9 	beq.w	10002ee8 <_vsnprintf+0x4dc>
10002d56:	2947      	cmp	r1, #71	@ 0x47
10002d58:	f000 80cd 	beq.w	10002ef6 <_vsnprintf+0x4ea>
10002d5c:	2945      	cmp	r1, #69	@ 0x45
10002d5e:	f000 80cc 	beq.w	10002efa <_vsnprintf+0x4ee>
10002d62:	e9cd 4203 	strd	r4, r2, [sp, #12]
10002d66:	f108 0807 	add.w	r8, r8, #7
10002d6a:	9702      	str	r7, [sp, #8]
10002d6c:	f028 0807 	bic.w	r8, r8, #7
10002d70:	4632      	mov	r2, r6
10002d72:	e8f8 6702 	ldrd	r6, r7, [r8], #8
10002d76:	4651      	mov	r1, sl
10002d78:	e9cd 6700 	strd	r6, r7, [sp]
10002d7c:	4658      	mov	r0, fp
10002d7e:	9b08      	ldr	r3, [sp, #32]
10002d80:	f7ff fb82 	bl	10002488 <_etoa>
10002d84:	4606      	mov	r6, r0
10002d86:	e65f      	b.n	10002a48 <_vsnprintf+0x3c>
10002d88:	2946      	cmp	r1, #70	@ 0x46
10002d8a:	bf08      	it	eq
10002d8c:	f042 0220 	orreq.w	r2, r2, #32
10002d90:	e9cd 4203 	strd	r4, r2, [sp, #12]
10002d94:	f108 0807 	add.w	r8, r8, #7
10002d98:	9702      	str	r7, [sp, #8]
10002d9a:	f028 0807 	bic.w	r8, r8, #7
10002d9e:	4632      	mov	r2, r6
10002da0:	e8f8 6702 	ldrd	r6, r7, [r8], #8
10002da4:	4651      	mov	r1, sl
10002da6:	e9cd 6700 	strd	r6, r7, [sp]
10002daa:	4658      	mov	r0, fp
10002dac:	9b08      	ldr	r3, [sp, #32]
10002dae:	f7ff f91f 	bl	10001ff0 <_ftoa>
10002db2:	4606      	mov	r6, r0
10002db4:	e648      	b.n	10002a48 <_vsnprintf+0x3c>
10002db6:	4632      	mov	r2, r6
10002db8:	4651      	mov	r1, sl
10002dba:	2025      	movs	r0, #37	@ 0x25
10002dbc:	9b08      	ldr	r3, [sp, #32]
10002dbe:	47d8      	blx	fp
10002dc0:	3601      	adds	r6, #1
10002dc2:	e641      	b.n	10002a48 <_vsnprintf+0x3c>
10002dc4:	f108 0304 	add.w	r3, r8, #4
10002dc8:	0792      	lsls	r2, r2, #30
10002dca:	9309      	str	r3, [sp, #36]	@ 0x24
10002dcc:	f106 0701 	add.w	r7, r6, #1
10002dd0:	f140 80c3 	bpl.w	10002f5a <_vsnprintf+0x54e>
10002dd4:	4632      	mov	r2, r6
10002dd6:	4651      	mov	r1, sl
10002dd8:	f898 0000 	ldrb.w	r0, [r8]
10002ddc:	9b08      	ldr	r3, [sp, #32]
10002dde:	47d8      	blx	fp
10002de0:	2c01      	cmp	r4, #1
10002de2:	f240 81b4 	bls.w	1000314e <_vsnprintf+0x742>
10002de6:	4426      	add	r6, r4
10002de8:	9c08      	ldr	r4, [sp, #32]
10002dea:	463a      	mov	r2, r7
10002dec:	4623      	mov	r3, r4
10002dee:	4651      	mov	r1, sl
10002df0:	2020      	movs	r0, #32
10002df2:	3701      	adds	r7, #1
10002df4:	47d8      	blx	fp
10002df6:	42b7      	cmp	r7, r6
10002df8:	d1f7      	bne.n	10002dea <_vsnprintf+0x3de>
10002dfa:	f8dd 8024 	ldr.w	r8, [sp, #36]	@ 0x24
10002dfe:	e623      	b.n	10002a48 <_vsnprintf+0x3c>
10002e00:	296f      	cmp	r1, #111	@ 0x6f
10002e02:	d074      	beq.n	10002eee <_vsnprintf+0x4e2>
10002e04:	f240 8241 	bls.w	1000328a <_vsnprintf+0x87e>
10002e08:	2978      	cmp	r1, #120	@ 0x78
10002e0a:	f000 8186 	beq.w	1000311a <_vsnprintf+0x70e>
10002e0e:	f04f 090a 	mov.w	r9, #10
10002e12:	f022 0210 	bic.w	r2, r2, #16
10002e16:	464b      	mov	r3, r9
10002e18:	e038      	b.n	10002e8c <_vsnprintf+0x480>
10002e1a:	2700      	movs	r7, #0
10002e1c:	eb07 0787 	add.w	r7, r7, r7, lsl #2
10002e20:	eb01 0147 	add.w	r1, r1, r7, lsl #1
10002e24:	f1a1 0730 	sub.w	r7, r1, #48	@ 0x30
10002e28:	f810 1f01 	ldrb.w	r1, [r0, #1]!
10002e2c:	f1a1 0330 	sub.w	r3, r1, #48	@ 0x30
10002e30:	2b09      	cmp	r3, #9
10002e32:	d9f3      	bls.n	10002e1c <_vsnprintf+0x410>
10002e34:	4605      	mov	r5, r0
10002e36:	1c43      	adds	r3, r0, #1
10002e38:	e62e      	b.n	10002a98 <_vsnprintf+0x8c>
10002e3a:	f858 7b04 	ldr.w	r7, [r8], #4
10002e3e:	78a9      	ldrb	r1, [r5, #2]
10002e40:	3502      	adds	r5, #2
10002e42:	1c6b      	adds	r3, r5, #1
10002e44:	ea27 77e7 	bic.w	r7, r7, r7, asr #31
10002e48:	e626      	b.n	10002a98 <_vsnprintf+0x8c>
10002e4a:	f042 0421 	orr.w	r4, r2, #33	@ 0x21
10002e4e:	aa12      	add	r2, sp, #72	@ 0x48
10002e50:	4694      	mov	ip, r2
10002e52:	e002      	b.n	10002e5a <_vsnprintf+0x44e>
10002e54:	2820      	cmp	r0, #32
10002e56:	f43f aef1 	beq.w	10002c3c <_vsnprintf+0x230>
10002e5a:	f001 030f 	and.w	r3, r1, #15
10002e5e:	2b09      	cmp	r3, #9
10002e60:	bf94      	ite	ls
10002e62:	3330      	addls	r3, #48	@ 0x30
10002e64:	3337      	addhi	r3, #55	@ 0x37
10002e66:	290f      	cmp	r1, #15
10002e68:	f88c 3000 	strb.w	r3, [ip]
10002e6c:	f100 0001 	add.w	r0, r0, #1
10002e70:	f10c 0c01 	add.w	ip, ip, #1
10002e74:	ea4f 1111 	mov.w	r1, r1, lsr #4
10002e78:	d8ec      	bhi.n	10002e54 <_vsnprintf+0x448>
10002e7a:	e6df      	b.n	10002c3c <_vsnprintf+0x230>
10002e7c:	2958      	cmp	r1, #88	@ 0x58
10002e7e:	d066      	beq.n	10002f4e <_vsnprintf+0x542>
10002e80:	2962      	cmp	r1, #98	@ 0x62
10002e82:	f040 8089 	bne.w	10002f98 <_vsnprintf+0x58c>
10002e86:	f04f 0902 	mov.w	r9, #2
10002e8a:	464b      	mov	r3, r9
10002e8c:	f412 6c80 	ands.w	ip, r2, #1024	@ 0x400
10002e90:	f000 80d4 	beq.w	1000303c <_vsnprintf+0x630>
10002e94:	f022 020d 	bic.w	r2, r2, #13
10002e98:	9209      	str	r2, [sp, #36]	@ 0x24
10002e9a:	f412 7100 	ands.w	r1, r2, #512	@ 0x200
10002e9e:	f040 817b 	bne.w	10003198 <_vsnprintf+0x78c>
10002ea2:	f412 7080 	ands.w	r0, r2, #256	@ 0x100
10002ea6:	f108 0904 	add.w	r9, r8, #4
10002eaa:	f040 8238 	bne.w	1000331e <_vsnprintf+0x912>
10002eae:	0651      	lsls	r1, r2, #25
10002eb0:	f140 813a 	bpl.w	10003128 <_vsnprintf+0x71c>
10002eb4:	f898 1000 	ldrb.w	r1, [r8]
10002eb8:	2900      	cmp	r1, #0
10002eba:	f040 814a 	bne.w	10003152 <_vsnprintf+0x746>
10002ebe:	9a09      	ldr	r2, [sp, #36]	@ 0x24
10002ec0:	f022 0210 	bic.w	r2, r2, #16
10002ec4:	9209      	str	r2, [sp, #36]	@ 0x24
10002ec6:	f1bc 0f00 	cmp.w	ip, #0
10002eca:	f000 8142 	beq.w	10003152 <_vsnprintf+0x746>
10002ece:	4608      	mov	r0, r1
10002ed0:	aa12      	add	r2, sp, #72	@ 0x48
10002ed2:	9909      	ldr	r1, [sp, #36]	@ 0x24
10002ed4:	e9cd 3703 	strd	r3, r7, [sp, #12]
10002ed8:	e9cd 4105 	strd	r4, r1, [sp, #20]
10002edc:	9001      	str	r0, [sp, #4]
10002ede:	2300      	movs	r3, #0
10002ee0:	9200      	str	r2, [sp, #0]
10002ee2:	9302      	str	r3, [sp, #8]
10002ee4:	4632      	mov	r2, r6
10002ee6:	e0a1      	b.n	1000302c <_vsnprintf+0x620>
10002ee8:	f442 6200 	orr.w	r2, r2, #2048	@ 0x800
10002eec:	e739      	b.n	10002d62 <_vsnprintf+0x356>
10002eee:	f04f 0908 	mov.w	r9, #8
10002ef2:	464b      	mov	r3, r9
10002ef4:	e7ca      	b.n	10002e8c <_vsnprintf+0x480>
10002ef6:	f442 6200 	orr.w	r2, r2, #2048	@ 0x800
10002efa:	f042 0220 	orr.w	r2, r2, #32
10002efe:	e730      	b.n	10002d62 <_vsnprintf+0x356>
10002f00:	f012 0302 	ands.w	r3, r2, #2
10002f04:	f000 818c 	beq.w	10003220 <_vsnprintf+0x814>
10002f08:	2302      	movs	r3, #2
10002f0a:	e9cd 4809 	strd	r4, r8, [sp, #36]	@ 0x24
10002f0e:	461f      	mov	r7, r3
10002f10:	4688      	mov	r8, r1
10002f12:	9c08      	ldr	r4, [sp, #32]
10002f14:	4632      	mov	r2, r6
10002f16:	4623      	mov	r3, r4
10002f18:	4651      	mov	r1, sl
10002f1a:	47d8      	blx	fp
10002f1c:	f819 0f01 	ldrb.w	r0, [r9, #1]!
10002f20:	3601      	adds	r6, #1
10002f22:	2800      	cmp	r0, #0
10002f24:	d1f6      	bne.n	10002f14 <_vsnprintf+0x508>
10002f26:	463b      	mov	r3, r7
10002f28:	4641      	mov	r1, r8
10002f2a:	9c09      	ldr	r4, [sp, #36]	@ 0x24
10002f2c:	f8dd 8028 	ldr.w	r8, [sp, #40]	@ 0x28
10002f30:	2b00      	cmp	r3, #0
10002f32:	f43f ad89 	beq.w	10002a48 <_vsnprintf+0x3c>
10002f36:	e6e5      	b.n	10002d04 <_vsnprintf+0x2f8>
10002f38:	eba1 0109 	sub.w	r1, r1, r9
10002f3c:	e6bd      	b.n	10002cba <_vsnprintf+0x2ae>
10002f3e:	78a9      	ldrb	r1, [r5, #2]
10002f40:	f042 02c0 	orr.w	r2, r2, #192	@ 0xc0
10002f44:	1ceb      	adds	r3, r5, #3
10002f46:	e5d8      	b.n	10002afa <_vsnprintf+0xee>
10002f48:	4604      	mov	r4, r0
10002f4a:	4606      	mov	r6, r0
10002f4c:	e64a      	b.n	10002be4 <_vsnprintf+0x1d8>
10002f4e:	f04f 0910 	mov.w	r9, #16
10002f52:	f042 0220 	orr.w	r2, r2, #32
10002f56:	464b      	mov	r3, r9
10002f58:	e798      	b.n	10002e8c <_vsnprintf+0x480>
10002f5a:	2c01      	cmp	r4, #1
10002f5c:	f240 80f1 	bls.w	10003142 <_vsnprintf+0x736>
10002f60:	4637      	mov	r7, r6
10002f62:	f106 39ff 	add.w	r9, r6, #4294967295	@ 0xffffffff
10002f66:	f8cd 8028 	str.w	r8, [sp, #40]	@ 0x28
10002f6a:	f8dd 8020 	ldr.w	r8, [sp, #32]
10002f6e:	44a1      	add	r9, r4
10002f70:	463a      	mov	r2, r7
10002f72:	4643      	mov	r3, r8
10002f74:	4651      	mov	r1, sl
10002f76:	2020      	movs	r0, #32
10002f78:	3701      	adds	r7, #1
10002f7a:	47d8      	blx	fp
10002f7c:	454f      	cmp	r7, r9
10002f7e:	d1f7      	bne.n	10002f70 <_vsnprintf+0x564>
10002f80:	f8dd 8028 	ldr.w	r8, [sp, #40]	@ 0x28
10002f84:	463a      	mov	r2, r7
10002f86:	f898 0000 	ldrb.w	r0, [r8]
10002f8a:	4651      	mov	r1, sl
10002f8c:	9b08      	ldr	r3, [sp, #32]
10002f8e:	47d8      	blx	fp
10002f90:	4426      	add	r6, r4
10002f92:	f8dd 8024 	ldr.w	r8, [sp, #36]	@ 0x24
10002f96:	e557      	b.n	10002a48 <_vsnprintf+0x3c>
10002f98:	f412 6380 	ands.w	r3, r2, #1024	@ 0x400
10002f9c:	f000 80c1 	beq.w	10003122 <_vsnprintf+0x716>
10002fa0:	f44f 6380 	mov.w	r3, #1024	@ 0x400
10002fa4:	f022 0011 	bic.w	r0, r2, #17
10002fa8:	f410 7e00 	ands.w	lr, r0, #512	@ 0x200
10002fac:	d14a      	bne.n	10003044 <_vsnprintf+0x638>
10002fae:	f410 7c80 	ands.w	ip, r0, #256	@ 0x100
10002fb2:	f108 0904 	add.w	r9, r8, #4
10002fb6:	f040 8137 	bne.w	10003228 <_vsnprintf+0x81c>
10002fba:	0641      	lsls	r1, r0, #25
10002fbc:	f100 80a9 	bmi.w	10003112 <_vsnprintf+0x706>
10002fc0:	0602      	lsls	r2, r0, #24
10002fc2:	f140 81e3 	bpl.w	1000338c <_vsnprintf+0x980>
10002fc6:	f9b8 2000 	ldrsh.w	r2, [r8]
10002fca:	ea82 71e2 	eor.w	r1, r2, r2, asr #31
10002fce:	eba1 71e2 	sub.w	r1, r1, r2, asr #31
10002fd2:	fa1f fe81 	uxth.w	lr, r1
10002fd6:	0fd1      	lsrs	r1, r2, #31
10002fd8:	9109      	str	r1, [sp, #36]	@ 0x24
10002fda:	2a00      	cmp	r2, #0
10002fdc:	f000 815f 	beq.w	1000329e <_vsnprintf+0x892>
10002fe0:	4673      	mov	r3, lr
10002fe2:	aa12      	add	r2, sp, #72	@ 0x48
10002fe4:	4696      	mov	lr, r2
10002fe6:	f8df 83a0 	ldr.w	r8, [pc, #928]	@ 10003388 <_vsnprintf+0x97c>
10002fea:	940a      	str	r4, [sp, #40]	@ 0x28
10002fec:	e003      	b.n	10002ff6 <_vsnprintf+0x5ea>
10002fee:	f1bc 0f20 	cmp.w	ip, #32
10002ff2:	4623      	mov	r3, r4
10002ff4:	d00f      	beq.n	10003016 <_vsnprintf+0x60a>
10002ff6:	fba8 1403 	umull	r1, r4, r8, r3
10002ffa:	08e4      	lsrs	r4, r4, #3
10002ffc:	eb04 0184 	add.w	r1, r4, r4, lsl #2
10003000:	eba3 0141 	sub.w	r1, r3, r1, lsl #1
10003004:	f10e 0e01 	add.w	lr, lr, #1
10003008:	3130      	adds	r1, #48	@ 0x30
1000300a:	2b09      	cmp	r3, #9
1000300c:	f10c 0c01 	add.w	ip, ip, #1
10003010:	f80e 1c01 	strb.w	r1, [lr, #-1]
10003014:	d8eb      	bhi.n	10002fee <_vsnprintf+0x5e2>
10003016:	9c0a      	ldr	r4, [sp, #40]	@ 0x28
10003018:	9b09      	ldr	r3, [sp, #36]	@ 0x24
1000301a:	9200      	str	r2, [sp, #0]
1000301c:	e9cd c301 	strd	ip, r3, [sp, #4]
10003020:	230a      	movs	r3, #10
10003022:	4632      	mov	r2, r6
10003024:	e9cd 4005 	strd	r4, r0, [sp, #20]
10003028:	9704      	str	r7, [sp, #16]
1000302a:	9303      	str	r3, [sp, #12]
1000302c:	4651      	mov	r1, sl
1000302e:	4658      	mov	r0, fp
10003030:	9b08      	ldr	r3, [sp, #32]
10003032:	f7fe fee3 	bl	10001dfc <_ntoa_format>
10003036:	46c8      	mov	r8, r9
10003038:	4606      	mov	r6, r0
1000303a:	e505      	b.n	10002a48 <_vsnprintf+0x3c>
1000303c:	f022 020c 	bic.w	r2, r2, #12
10003040:	9209      	str	r2, [sp, #36]	@ 0x24
10003042:	e72a      	b.n	10002e9a <_vsnprintf+0x48e>
10003044:	f108 0807 	add.w	r8, r8, #7
10003048:	f028 0807 	bic.w	r8, r8, #7
1000304c:	f8d8 2004 	ldr.w	r2, [r8, #4]
10003050:	f858 cb08 	ldr.w	ip, [r8], #8
10003054:	0fd1      	lsrs	r1, r2, #31
10003056:	ea5c 0e02 	orrs.w	lr, ip, r2
1000305a:	d06c      	beq.n	10003136 <_vsnprintf+0x72a>
1000305c:	2a00      	cmp	r2, #0
1000305e:	4663      	mov	r3, ip
10003060:	da02      	bge.n	10003068 <_vsnprintf+0x65c>
10003062:	425b      	negs	r3, r3
10003064:	eb62 0242 	sbc.w	r2, r2, r2, lsl #1
10003068:	4691      	mov	r9, r2
1000306a:	9309      	str	r3, [sp, #36]	@ 0x24
1000306c:	aa12      	add	r2, sp, #72	@ 0x48
1000306e:	4694      	mov	ip, r2
10003070:	f04f 0e00 	mov.w	lr, #0
10003074:	e9cd 180a 	strd	r1, r8, [sp, #40]	@ 0x28
10003078:	e9cd 470c 	strd	r4, r7, [sp, #48]	@ 0x30
1000307c:	960e      	str	r6, [sp, #56]	@ 0x38
1000307e:	920f      	str	r2, [sp, #60]	@ 0x3c
10003080:	e003      	b.n	1000308a <_vsnprintf+0x67e>
10003082:	f1be 0f20 	cmp.w	lr, #32
10003086:	463b      	mov	r3, r7
10003088:	d030      	beq.n	100030ec <_vsnprintf+0x6e0>
1000308a:	f04f 32cc 	mov.w	r2, #3435973836	@ 0xcccccccc
1000308e:	eb13 0109 	adds.w	r1, r3, r9
10003092:	4fbd      	ldr	r7, [pc, #756]	@ (10003388 <_vsnprintf+0x97c>)
10003094:	f141 0100 	adc.w	r1, r1, #0
10003098:	fba7 4601 	umull	r4, r6, r7, r1
1000309c:	f026 0403 	bic.w	r4, r6, #3
100030a0:	eb04 0496 	add.w	r4, r4, r6, lsr #2
100030a4:	1b09      	subs	r1, r1, r4
100030a6:	1a5c      	subs	r4, r3, r1
100030a8:	fb02 f604 	mul.w	r6, r2, r4
100030ac:	463a      	mov	r2, r7
100030ae:	f169 0800 	sbc.w	r8, r9, #0
100030b2:	fb02 6608 	mla	r6, r2, r8, r6
100030b6:	2205      	movs	r2, #5
100030b8:	fba4 7407 	umull	r7, r4, r4, r7
100030bc:	f007 0801 	and.w	r8, r7, #1
100030c0:	4426      	add	r6, r4
100030c2:	fba8 4802 	umull	r4, r8, r8, r2
100030c6:	1864      	adds	r4, r4, r1
100030c8:	2b0a      	cmp	r3, #10
100030ca:	f10c 0c01 	add.w	ip, ip, #1
100030ce:	ea4f 0757 	mov.w	r7, r7, lsr #1
100030d2:	f104 0430 	add.w	r4, r4, #48	@ 0x30
100030d6:	f179 0900 	sbcs.w	r9, r9, #0
100030da:	f10e 0e01 	add.w	lr, lr, #1
100030de:	f80c 4c01 	strb.w	r4, [ip, #-1]
100030e2:	ea47 77c6 	orr.w	r7, r7, r6, lsl #31
100030e6:	ea4f 0956 	mov.w	r9, r6, lsr #1
100030ea:	d2ca      	bcs.n	10003082 <_vsnprintf+0x676>
100030ec:	4673      	mov	r3, lr
100030ee:	e9dd 180a 	ldrd	r1, r8, [sp, #40]	@ 0x28
100030f2:	e9dd 470c 	ldrd	r4, r7, [sp, #48]	@ 0x30
100030f6:	9e0e      	ldr	r6, [sp, #56]	@ 0x38
100030f8:	9a0f      	ldr	r2, [sp, #60]	@ 0x3c
100030fa:	f8cd e024 	str.w	lr, [sp, #36]	@ 0x24
100030fe:	e9cd 3101 	strd	r3, r1, [sp, #4]
10003102:	230a      	movs	r3, #10
10003104:	9200      	str	r2, [sp, #0]
10003106:	e9cd 4005 	strd	r4, r0, [sp, #20]
1000310a:	4632      	mov	r2, r6
1000310c:	9704      	str	r7, [sp, #16]
1000310e:	9303      	str	r3, [sp, #12]
10003110:	e59f      	b.n	10002c52 <_vsnprintf+0x246>
10003112:	f898 2000 	ldrb.w	r2, [r8]
10003116:	4696      	mov	lr, r2
10003118:	e75d      	b.n	10002fd6 <_vsnprintf+0x5ca>
1000311a:	f04f 0910 	mov.w	r9, #16
1000311e:	464b      	mov	r3, r9
10003120:	e6b4      	b.n	10002e8c <_vsnprintf+0x480>
10003122:	f022 0010 	bic.w	r0, r2, #16
10003126:	e73f      	b.n	10002fa8 <_vsnprintf+0x59c>
10003128:	0611      	lsls	r1, r2, #24
1000312a:	bf4c      	ite	mi
1000312c:	f8b8 1000 	ldrhmi.w	r1, [r8]
10003130:	f8d8 1000 	ldrpl.w	r1, [r8]
10003134:	e6c0      	b.n	10002eb8 <_vsnprintf+0x4ac>
10003136:	2b00      	cmp	r3, #0
10003138:	f040 8142 	bne.w	100033c0 <_vsnprintf+0x9b4>
1000313c:	4699      	mov	r9, r3
1000313e:	9309      	str	r3, [sp, #36]	@ 0x24
10003140:	e794      	b.n	1000306c <_vsnprintf+0x660>
10003142:	4632      	mov	r2, r6
10003144:	4651      	mov	r1, sl
10003146:	f898 0000 	ldrb.w	r0, [r8]
1000314a:	9b08      	ldr	r3, [sp, #32]
1000314c:	47d8      	blx	fp
1000314e:	463e      	mov	r6, r7
10003150:	e653      	b.n	10002dfa <_vsnprintf+0x3ee>
10003152:	9a09      	ldr	r2, [sp, #36]	@ 0x24
10003154:	940a      	str	r4, [sp, #40]	@ 0x28
10003156:	f012 0f20 	tst.w	r2, #32
1000315a:	bf14      	ite	ne
1000315c:	f04f 0841 	movne.w	r8, #65	@ 0x41
10003160:	f04f 0861 	moveq.w	r8, #97	@ 0x61
10003164:	aa12      	add	r2, sp, #72	@ 0x48
10003166:	4694      	mov	ip, r2
10003168:	f1a8 080a 	sub.w	r8, r8, #10
1000316c:	e002      	b.n	10003174 <_vsnprintf+0x768>
1000316e:	2820      	cmp	r0, #32
10003170:	4671      	mov	r1, lr
10003172:	d00f      	beq.n	10003194 <_vsnprintf+0x788>
10003174:	fbb1 fef3 	udiv	lr, r1, r3
10003178:	fb03 141e 	mls	r4, r3, lr, r1
1000317c:	2c09      	cmp	r4, #9
1000317e:	bf94      	ite	ls
10003180:	3430      	addls	r4, #48	@ 0x30
10003182:	4444      	addhi	r4, r8
10003184:	4299      	cmp	r1, r3
10003186:	f88c 4000 	strb.w	r4, [ip]
1000318a:	f100 0001 	add.w	r0, r0, #1
1000318e:	f10c 0c01 	add.w	ip, ip, #1
10003192:	d2ec      	bcs.n	1000316e <_vsnprintf+0x762>
10003194:	9c0a      	ldr	r4, [sp, #40]	@ 0x28
10003196:	e69c      	b.n	10002ed2 <_vsnprintf+0x4c6>
10003198:	f108 0807 	add.w	r8, r8, #7
1000319c:	f028 0807 	bic.w	r8, r8, #7
100031a0:	f8d8 2004 	ldr.w	r2, [r8, #4]
100031a4:	f858 1b08 	ldr.w	r1, [r8], #8
100031a8:	920a      	str	r2, [sp, #40]	@ 0x28
100031aa:	430a      	orrs	r2, r1
100031ac:	468e      	mov	lr, r1
100031ae:	d17b      	bne.n	100032a8 <_vsnprintf+0x89c>
100031b0:	9a09      	ldr	r2, [sp, #36]	@ 0x24
100031b2:	f022 0210 	bic.w	r2, r2, #16
100031b6:	9209      	str	r2, [sp, #36]	@ 0x24
100031b8:	f1bc 0f00 	cmp.w	ip, #0
100031bc:	d074      	beq.n	100032a8 <_vsnprintf+0x89c>
100031be:	2000      	movs	r0, #0
100031c0:	aa12      	add	r2, sp, #72	@ 0x48
100031c2:	9909      	ldr	r1, [sp, #36]	@ 0x24
100031c4:	e9cd 2000 	strd	r2, r0, [sp]
100031c8:	e9cd 4105 	strd	r4, r1, [sp, #20]
100031cc:	4632      	mov	r2, r6
100031ce:	e9cd 3703 	strd	r3, r7, [sp, #12]
100031d2:	e53c      	b.n	10002c4e <_vsnprintf+0x242>
100031d4:	428c      	cmp	r4, r1
100031d6:	bf98      	it	ls
100031d8:	3101      	addls	r1, #1
100031da:	f67f ad79 	bls.w	10002cd0 <_vsnprintf+0x2c4>
100031de:	f44f 6380 	mov.w	r3, #1024	@ 0x400
100031e2:	e9cd 9409 	strd	r9, r4, [sp, #36]	@ 0x24
100031e6:	4699      	mov	r9, r3
100031e8:	19a2      	adds	r2, r4, r6
100031ea:	970b      	str	r7, [sp, #44]	@ 0x2c
100031ec:	9f08      	ldr	r7, [sp, #32]
100031ee:	1a54      	subs	r4, r2, r1
100031f0:	4632      	mov	r2, r6
100031f2:	463b      	mov	r3, r7
100031f4:	4651      	mov	r1, sl
100031f6:	2020      	movs	r0, #32
100031f8:	3601      	adds	r6, #1
100031fa:	47d8      	blx	fp
100031fc:	42a6      	cmp	r6, r4
100031fe:	d1f7      	bne.n	100031f0 <_vsnprintf+0x7e4>
10003200:	e9dd 470a 	ldrd	r4, r7, [sp, #40]	@ 0x28
10003204:	464b      	mov	r3, r9
10003206:	f8dd 9024 	ldr.w	r9, [sp, #36]	@ 0x24
1000320a:	f899 0000 	ldrb.w	r0, [r9]
1000320e:	2800      	cmp	r0, #0
10003210:	f43f ac1a 	beq.w	10002a48 <_vsnprintf+0x3c>
10003214:	1c61      	adds	r1, r4, #1
10003216:	2b00      	cmp	r3, #0
10003218:	f43f ae77 	beq.w	10002f0a <_vsnprintf+0x4fe>
1000321c:	2300      	movs	r3, #0
1000321e:	e557      	b.n	10002cd0 <_vsnprintf+0x2c4>
10003220:	428c      	cmp	r4, r1
10003222:	d8de      	bhi.n	100031e2 <_vsnprintf+0x7d6>
10003224:	3101      	adds	r1, #1
10003226:	e670      	b.n	10002f0a <_vsnprintf+0x4fe>
10003228:	f8d8 2000 	ldr.w	r2, [r8]
1000322c:	0fd1      	lsrs	r1, r2, #31
1000322e:	2a00      	cmp	r2, #0
10003230:	f000 80b3 	beq.w	1000339a <_vsnprintf+0x98e>
10003234:	ea82 73e2 	eor.w	r3, r2, r2, asr #31
10003238:	eba3 73e2 	sub.w	r3, r3, r2, asr #31
1000323c:	aa12      	add	r2, sp, #72	@ 0x48
1000323e:	4694      	mov	ip, r2
10003240:	e9cd 1409 	strd	r1, r4, [sp, #36]	@ 0x24
10003244:	f8df 8140 	ldr.w	r8, [pc, #320]	@ 10003388 <_vsnprintf+0x97c>
10003248:	e003      	b.n	10003252 <_vsnprintf+0x846>
1000324a:	f1be 0f20 	cmp.w	lr, #32
1000324e:	4623      	mov	r3, r4
10003250:	d00f      	beq.n	10003272 <_vsnprintf+0x866>
10003252:	fba8 1403 	umull	r1, r4, r8, r3
10003256:	08e4      	lsrs	r4, r4, #3
10003258:	eb04 0184 	add.w	r1, r4, r4, lsl #2
1000325c:	eba3 0141 	sub.w	r1, r3, r1, lsl #1
10003260:	f10c 0c01 	add.w	ip, ip, #1
10003264:	3130      	adds	r1, #48	@ 0x30
10003266:	2b09      	cmp	r3, #9
10003268:	f10e 0e01 	add.w	lr, lr, #1
1000326c:	f80c 1c01 	strb.w	r1, [ip, #-1]
10003270:	d8eb      	bhi.n	1000324a <_vsnprintf+0x83e>
10003272:	e9dd 1409 	ldrd	r1, r4, [sp, #36]	@ 0x24
10003276:	230a      	movs	r3, #10
10003278:	9200      	str	r2, [sp, #0]
1000327a:	e9cd 4005 	strd	r4, r0, [sp, #20]
1000327e:	4632      	mov	r2, r6
10003280:	e9cd e101 	strd	lr, r1, [sp, #4]
10003284:	9704      	str	r7, [sp, #16]
10003286:	9303      	str	r3, [sp, #12]
10003288:	e6d0      	b.n	1000302c <_vsnprintf+0x620>
1000328a:	2969      	cmp	r1, #105	@ 0x69
1000328c:	f022 0010 	bic.w	r0, r2, #16
10003290:	f040 8091 	bne.w	100033b6 <_vsnprintf+0x9aa>
10003294:	f412 6380 	ands.w	r3, r2, #1024	@ 0x400
10003298:	f43f ae86 	beq.w	10002fa8 <_vsnprintf+0x59c>
1000329c:	e680      	b.n	10002fa0 <_vsnprintf+0x594>
1000329e:	2b00      	cmp	r3, #0
100032a0:	f43f ae9f 	beq.w	10002fe2 <_vsnprintf+0x5d6>
100032a4:	aa12      	add	r2, sp, #72	@ 0x48
100032a6:	e6b7      	b.n	10003018 <_vsnprintf+0x60c>
100032a8:	9a09      	ldr	r2, [sp, #36]	@ 0x24
100032aa:	e9cd 840b 	strd	r8, r4, [sp, #44]	@ 0x2c
100032ae:	f012 0f20 	tst.w	r2, #32
100032b2:	bf14      	ite	ne
100032b4:	2141      	movne	r1, #65	@ 0x41
100032b6:	2161      	moveq	r1, #97	@ 0x61
100032b8:	e9cd 760d 	strd	r7, r6, [sp, #52]	@ 0x34
100032bc:	e9cd 3b0f 	strd	r3, fp, [sp, #60]	@ 0x3c
100032c0:	f8cd a044 	str.w	sl, [sp, #68]	@ 0x44
100032c4:	2700      	movs	r7, #0
100032c6:	46f0      	mov	r8, lr
100032c8:	9c0a      	ldr	r4, [sp, #40]	@ 0x28
100032ca:	ae12      	add	r6, sp, #72	@ 0x48
100032cc:	f10d 0b48 	add.w	fp, sp, #72	@ 0x48
100032d0:	f1a1 0a0a 	sub.w	sl, r1, #10
100032d4:	e003      	b.n	100032de <_vsnprintf+0x8d2>
100032d6:	2f20      	cmp	r7, #32
100032d8:	4680      	mov	r8, r0
100032da:	460c      	mov	r4, r1
100032dc:	d013      	beq.n	10003306 <_vsnprintf+0x8fa>
100032de:	4621      	mov	r1, r4
100032e0:	464a      	mov	r2, r9
100032e2:	2300      	movs	r3, #0
100032e4:	4640      	mov	r0, r8
100032e6:	f002 fe77 	bl	10005fd8 <____aeabi_uldivmod_veneer>
100032ea:	b2d2      	uxtb	r2, r2
100032ec:	2a09      	cmp	r2, #9
100032ee:	bf94      	ite	ls
100032f0:	3230      	addls	r2, #48	@ 0x30
100032f2:	4452      	addhi	r2, sl
100032f4:	45c8      	cmp	r8, r9
100032f6:	f174 0400 	sbcs.w	r4, r4, #0
100032fa:	7032      	strb	r2, [r6, #0]
100032fc:	f107 0701 	add.w	r7, r7, #1
10003300:	f106 0601 	add.w	r6, r6, #1
10003304:	d2e7      	bcs.n	100032d6 <_vsnprintf+0x8ca>
10003306:	4638      	mov	r0, r7
10003308:	e9dd 840b 	ldrd	r8, r4, [sp, #44]	@ 0x2c
1000330c:	465a      	mov	r2, fp
1000330e:	9e0e      	ldr	r6, [sp, #56]	@ 0x38
10003310:	9f0d      	ldr	r7, [sp, #52]	@ 0x34
10003312:	9b0f      	ldr	r3, [sp, #60]	@ 0x3c
10003314:	f8dd a044 	ldr.w	sl, [sp, #68]	@ 0x44
10003318:	f8dd b040 	ldr.w	fp, [sp, #64]	@ 0x40
1000331c:	e751      	b.n	100031c2 <_vsnprintf+0x7b6>
1000331e:	f8d8 e000 	ldr.w	lr, [r8]
10003322:	f1be 0f00 	cmp.w	lr, #0
10003326:	d10d      	bne.n	10003344 <_vsnprintf+0x938>
10003328:	f022 0210 	bic.w	r2, r2, #16
1000332c:	9209      	str	r2, [sp, #36]	@ 0x24
1000332e:	f1bc 0f00 	cmp.w	ip, #0
10003332:	d007      	beq.n	10003344 <_vsnprintf+0x938>
10003334:	aa12      	add	r2, sp, #72	@ 0x48
10003336:	9809      	ldr	r0, [sp, #36]	@ 0x24
10003338:	e9cd 3703 	strd	r3, r7, [sp, #12]
1000333c:	e9cd 4005 	strd	r4, r0, [sp, #20]
10003340:	9101      	str	r1, [sp, #4]
10003342:	e5cc      	b.n	10002ede <_vsnprintf+0x4d2>
10003344:	9a09      	ldr	r2, [sp, #36]	@ 0x24
10003346:	f012 0f20 	tst.w	r2, #32
1000334a:	bf14      	ite	ne
1000334c:	2041      	movne	r0, #65	@ 0x41
1000334e:	2061      	moveq	r0, #97	@ 0x61
10003350:	aa12      	add	r2, sp, #72	@ 0x48
10003352:	4694      	mov	ip, r2
10003354:	920a      	str	r2, [sp, #40]	@ 0x28
10003356:	f1a0 020a 	sub.w	r2, r0, #10
1000335a:	e002      	b.n	10003362 <_vsnprintf+0x956>
1000335c:	2920      	cmp	r1, #32
1000335e:	46c6      	mov	lr, r8
10003360:	d00f      	beq.n	10003382 <_vsnprintf+0x976>
10003362:	fbbe f8f3 	udiv	r8, lr, r3
10003366:	fb03 e018 	mls	r0, r3, r8, lr
1000336a:	2809      	cmp	r0, #9
1000336c:	bf94      	ite	ls
1000336e:	3030      	addls	r0, #48	@ 0x30
10003370:	1880      	addhi	r0, r0, r2
10003372:	459e      	cmp	lr, r3
10003374:	f88c 0000 	strb.w	r0, [ip]
10003378:	f101 0101 	add.w	r1, r1, #1
1000337c:	f10c 0c01 	add.w	ip, ip, #1
10003380:	d2ec      	bcs.n	1000335c <_vsnprintf+0x950>
10003382:	9a0a      	ldr	r2, [sp, #40]	@ 0x28
10003384:	e7d7      	b.n	10003336 <_vsnprintf+0x92a>
10003386:	bf00      	nop
10003388:	cccccccd 	.word	0xcccccccd
1000338c:	f8d8 2000 	ldr.w	r2, [r8]
10003390:	ea82 7ee2 	eor.w	lr, r2, r2, asr #31
10003394:	ebae 7ee2 	sub.w	lr, lr, r2, asr #31
10003398:	e61d      	b.n	10002fd6 <_vsnprintf+0x5ca>
1000339a:	2b00      	cmp	r3, #0
1000339c:	f43f af4e 	beq.w	1000323c <_vsnprintf+0x830>
100033a0:	aa12      	add	r2, sp, #72	@ 0x48
100033a2:	e768      	b.n	10003276 <_vsnprintf+0x86a>
100033a4:	f412 6180 	ands.w	r1, r2, #1024	@ 0x400
100033a8:	d00e      	beq.n	100033c8 <_vsnprintf+0x9bc>
100033aa:	f012 0102 	ands.w	r1, r2, #2
100033ae:	d014      	beq.n	100033da <_vsnprintf+0x9ce>
100033b0:	4601      	mov	r1, r0
100033b2:	4637      	mov	r7, r6
100033b4:	e4a7      	b.n	10002d06 <_vsnprintf+0x2fa>
100033b6:	f04f 090a 	mov.w	r9, #10
100033ba:	4602      	mov	r2, r0
100033bc:	464b      	mov	r3, r9
100033be:	e565      	b.n	10002e8c <_vsnprintf+0x480>
100033c0:	2300      	movs	r3, #0
100033c2:	aa12      	add	r2, sp, #72	@ 0x48
100033c4:	9309      	str	r3, [sp, #36]	@ 0x24
100033c6:	e69a      	b.n	100030fe <_vsnprintf+0x6f2>
100033c8:	f012 0302 	ands.w	r3, r2, #2
100033cc:	f47f ac9a 	bne.w	10002d04 <_vsnprintf+0x2f8>
100033d0:	2c00      	cmp	r4, #0
100033d2:	f47f af06 	bne.w	100031e2 <_vsnprintf+0x7d6>
100033d6:	f7ff bb37 	b.w	10002a48 <_vsnprintf+0x3c>
100033da:	2c00      	cmp	r4, #0
100033dc:	f47f aeff 	bne.w	100031de <_vsnprintf+0x7d2>
100033e0:	f7ff bb32 	b.w	10002a48 <_vsnprintf+0x3c>

100033e4 <vfctprintf>:
100033e4:	468c      	mov	ip, r1
100033e6:	b510      	push	{r4, lr}
100033e8:	b084      	sub	sp, #16
100033ea:	9300      	str	r3, [sp, #0]
100033ec:	9002      	str	r0, [sp, #8]
100033ee:	4613      	mov	r3, r2
100033f0:	a902      	add	r1, sp, #8
100033f2:	f04f 32ff 	mov.w	r2, #4294967295	@ 0xffffffff
100033f6:	4803      	ldr	r0, [pc, #12]	@ (10003404 <vfctprintf+0x20>)
100033f8:	f8cd c00c 	str.w	ip, [sp, #12]
100033fc:	f7ff fb06 	bl	10002a0c <_vsnprintf>
10003400:	b004      	add	sp, #16
10003402:	bd10      	pop	{r4, pc}
10003404:	10001fe1 	.word	0x10001fe1

10003408 <weak_raw_vprintf>:
10003408:	b510      	push	{r4, lr}
1000340a:	4a09      	ldr	r2, [pc, #36]	@ (10003430 <weak_raw_vprintf+0x28>)
1000340c:	b084      	sub	sp, #16
1000340e:	6814      	ldr	r4, [r2, #0]
10003410:	b14c      	cbz	r4, 10003426 <weak_raw_vprintf+0x1e>
10003412:	4603      	mov	r3, r0
10003414:	9100      	str	r1, [sp, #0]
10003416:	f04f 32ff 	mov.w	r2, #4294967295	@ 0xffffffff
1000341a:	a903      	add	r1, sp, #12
1000341c:	4805      	ldr	r0, [pc, #20]	@ (10003434 <weak_raw_vprintf+0x2c>)
1000341e:	47a0      	blx	r4
10003420:	2001      	movs	r0, #1
10003422:	b004      	add	sp, #16
10003424:	bd10      	pop	{r4, pc}
10003426:	f000 f97d 	bl	10003724 <__wrap_puts>
1000342a:	4620      	mov	r0, r4
1000342c:	b004      	add	sp, #16
1000342e:	bd10      	pop	{r4, pc}
10003430:	20001eb0 	.word	0x20001eb0
10003434:	10001fd9 	.word	0x10001fd9

10003438 <_exit>:
10003438:	be00      	bkpt	0x0000
1000343a:	e7fd      	b.n	10003438 <_exit>

1000343c <_fini>:
1000343c:	4770      	bx	lr
1000343e:	bf00      	nop

10003440 <exit>:
10003440:	b508      	push	{r3, lr}
10003442:	f7ff fff9 	bl	10003438 <_exit>
10003446:	bf00      	nop

10003448 <runtime_init>:
10003448:	b538      	push	{r3, r4, r5, lr}
1000344a:	4c06      	ldr	r4, [pc, #24]	@ (10003464 <runtime_init+0x1c>)
1000344c:	4d06      	ldr	r5, [pc, #24]	@ (10003468 <runtime_init+0x20>)
1000344e:	f7fe fa13 	bl	10001878 <runtime_run_initializers>
10003452:	42ac      	cmp	r4, r5
10003454:	d204      	bcs.n	10003460 <runtime_init+0x18>
10003456:	f854 3b04 	ldr.w	r3, [r4], #4
1000345a:	4798      	blx	r3
1000345c:	42ac      	cmp	r4, r5
1000345e:	d3fa      	bcc.n	10003456 <runtime_init+0xe>
10003460:	bd38      	pop	{r3, r4, r5, pc}
10003462:	bf00      	nop
10003464:	10006058 	.word	0x10006058
10003468:	1000605c 	.word	0x1000605c

1000346c <stdio_out_chars_no_crlf>:
1000346c:	6803      	ldr	r3, [r0, #0]
1000346e:	4608      	mov	r0, r1
10003470:	4611      	mov	r1, r2
10003472:	4718      	bx	r3

10003474 <stdio_out_chars_crlf>:
10003474:	b570      	push	{r4, r5, r6, lr}
10003476:	4605      	mov	r5, r0
10003478:	4608      	mov	r0, r1
1000347a:	7d69      	ldrb	r1, [r5, #21]
1000347c:	b082      	sub	sp, #8
1000347e:	2900      	cmp	r1, #0
10003480:	d04f      	beq.n	10003522 <stdio_out_chars_crlf+0xae>
10003482:	2a00      	cmp	r2, #0
10003484:	dd25      	ble.n	100034d2 <stdio_out_chars_crlf+0x5e>
10003486:	7803      	ldrb	r3, [r0, #0]
10003488:	4614      	mov	r4, r2
1000348a:	2b0a      	cmp	r3, #10
1000348c:	4606      	mov	r6, r0
1000348e:	d022      	beq.n	100034d6 <stdio_out_chars_crlf+0x62>
10003490:	2c01      	cmp	r4, #1
10003492:	f04f 0e00 	mov.w	lr, #0
10003496:	d00d      	beq.n	100034b4 <stdio_out_chars_crlf+0x40>
10003498:	4632      	mov	r2, r6
1000349a:	2301      	movs	r3, #1
1000349c:	f812 cf01 	ldrb.w	ip, [r2, #1]!
100034a0:	4619      	mov	r1, r3
100034a2:	f1bc 0f0a 	cmp.w	ip, #10
100034a6:	f103 0301 	add.w	r3, r3, #1
100034aa:	d020      	beq.n	100034ee <stdio_out_chars_crlf+0x7a>
100034ac:	429c      	cmp	r4, r3
100034ae:	d1f5      	bne.n	1000349c <stdio_out_chars_crlf+0x28>
100034b0:	4574      	cmp	r4, lr
100034b2:	dd05      	ble.n	100034c0 <stdio_out_chars_crlf+0x4c>
100034b4:	682b      	ldr	r3, [r5, #0]
100034b6:	eba4 010e 	sub.w	r1, r4, lr
100034ba:	eb06 000e 	add.w	r0, r6, lr
100034be:	4798      	blx	r3
100034c0:	1931      	adds	r1, r6, r4
100034c2:	f811 3c01 	ldrb.w	r3, [r1, #-1]
100034c6:	f1a3 030d 	sub.w	r3, r3, #13
100034ca:	fab3 f383 	clz	r3, r3
100034ce:	095b      	lsrs	r3, r3, #5
100034d0:	752b      	strb	r3, [r5, #20]
100034d2:	b002      	add	sp, #8
100034d4:	bd70      	pop	{r4, r5, r6, pc}
100034d6:	7d2b      	ldrb	r3, [r5, #20]
100034d8:	2b00      	cmp	r3, #0
100034da:	d1d9      	bne.n	10003490 <stdio_out_chars_crlf+0x1c>
100034dc:	2102      	movs	r1, #2
100034de:	682b      	ldr	r3, [r5, #0]
100034e0:	4813      	ldr	r0, [pc, #76]	@ (10003530 <stdio_out_chars_crlf+0xbc>)
100034e2:	4798      	blx	r3
100034e4:	2c01      	cmp	r4, #1
100034e6:	d0eb      	beq.n	100034c0 <stdio_out_chars_crlf+0x4c>
100034e8:	f04f 0e01 	mov.w	lr, #1
100034ec:	e7d4      	b.n	10003498 <stdio_out_chars_crlf+0x24>
100034ee:	f812 0c01 	ldrb.w	r0, [r2, #-1]
100034f2:	280d      	cmp	r0, #13
100034f4:	d0da      	beq.n	100034ac <stdio_out_chars_crlf+0x38>
100034f6:	458e      	cmp	lr, r1
100034f8:	eb06 000e 	add.w	r0, r6, lr
100034fc:	eba1 010e 	sub.w	r1, r1, lr
10003500:	da05      	bge.n	1000350e <stdio_out_chars_crlf+0x9a>
10003502:	e9cd 3200 	strd	r3, r2, [sp]
10003506:	682b      	ldr	r3, [r5, #0]
10003508:	4798      	blx	r3
1000350a:	e9dd 3200 	ldrd	r3, r2, [sp]
1000350e:	e9cd 3200 	strd	r3, r2, [sp]
10003512:	2102      	movs	r1, #2
10003514:	682b      	ldr	r3, [r5, #0]
10003516:	4806      	ldr	r0, [pc, #24]	@ (10003530 <stdio_out_chars_crlf+0xbc>)
10003518:	4798      	blx	r3
1000351a:	9b00      	ldr	r3, [sp, #0]
1000351c:	9a01      	ldr	r2, [sp, #4]
1000351e:	469e      	mov	lr, r3
10003520:	e7c4      	b.n	100034ac <stdio_out_chars_crlf+0x38>
10003522:	4611      	mov	r1, r2
10003524:	682b      	ldr	r3, [r5, #0]
10003526:	b002      	add	sp, #8
10003528:	e8bd 4070 	ldmia.w	sp!, {r4, r5, r6, lr}
1000352c:	4718      	bx	r3
1000352e:	bf00      	nop
10003530:	10006398 	.word	0x10006398

10003534 <stdio_buffered_printer>:
10003534:	680b      	ldr	r3, [r1, #0]
10003536:	1c5a      	adds	r2, r3, #1
10003538:	2a80      	cmp	r2, #128	@ 0x80
1000353a:	440b      	add	r3, r1
1000353c:	600a      	str	r2, [r1, #0]
1000353e:	7118      	strb	r0, [r3, #4]
10003540:	d000      	beq.n	10003544 <stdio_buffered_printer+0x10>
10003542:	4770      	bx	lr
10003544:	b530      	push	{r4, r5, lr}
10003546:	4b0e      	ldr	r3, [pc, #56]	@ (10003580 <stdio_buffered_printer+0x4c>)
10003548:	460c      	mov	r4, r1
1000354a:	6818      	ldr	r0, [r3, #0]
1000354c:	b083      	sub	sp, #12
1000354e:	b1a0      	cbz	r0, 1000357a <stdio_buffered_printer+0x46>
10003550:	1d0d      	adds	r5, r1, #4
10003552:	e001      	b.n	10003558 <stdio_buffered_printer+0x24>
10003554:	6900      	ldr	r0, [r0, #16]
10003556:	b180      	cbz	r0, 1000357a <stdio_buffered_printer+0x46>
10003558:	6803      	ldr	r3, [r0, #0]
1000355a:	2b00      	cmp	r3, #0
1000355c:	d0fa      	beq.n	10003554 <stdio_buffered_printer+0x20>
1000355e:	4b09      	ldr	r3, [pc, #36]	@ (10003584 <stdio_buffered_printer+0x50>)
10003560:	681b      	ldr	r3, [r3, #0]
10003562:	b10b      	cbz	r3, 10003568 <stdio_buffered_printer+0x34>
10003564:	4283      	cmp	r3, r0
10003566:	d1f5      	bne.n	10003554 <stdio_buffered_printer+0x20>
10003568:	4629      	mov	r1, r5
1000356a:	6822      	ldr	r2, [r4, #0]
1000356c:	9001      	str	r0, [sp, #4]
1000356e:	f7ff ff81 	bl	10003474 <stdio_out_chars_crlf>
10003572:	9801      	ldr	r0, [sp, #4]
10003574:	6900      	ldr	r0, [r0, #16]
10003576:	2800      	cmp	r0, #0
10003578:	d1ee      	bne.n	10003558 <stdio_buffered_printer+0x24>
1000357a:	6020      	str	r0, [r4, #0]
1000357c:	b003      	add	sp, #12
1000357e:	bd30      	pop	{r4, r5, pc}
10003580:	20001aa4 	.word	0x20001aa4
10003584:	20001aac 	.word	0x20001aac

10003588 <stdio_put_string>:
10003588:	e92d 47f0 	stmdb	sp!, {r4, r5, r6, r7, r8, r9, sl, lr}
1000358c:	b082      	sub	sp, #8
1000358e:	4690      	mov	r8, r2
10003590:	461c      	mov	r4, r3
10003592:	460d      	mov	r5, r1
10003594:	4607      	mov	r7, r0
10003596:	f7fd ffbb 	bl	10001510 <time_us_64>
1000359a:	f04f 3cff 	mov.w	ip, #4294967295	@ 0xffffffff
1000359e:	f06f 4600 	mvn.w	r6, #2147483648	@ 0x80000000
100035a2:	4a2e      	ldr	r2, [pc, #184]	@ (1000365c <stdio_put_string+0xd4>)
100035a4:	1882      	adds	r2, r0, r2
100035a6:	f141 0300 	adc.w	r3, r1, #0
100035aa:	4594      	cmp	ip, r2
100035ac:	eb76 0103 	sbcs.w	r1, r6, r3
100035b0:	bf3c      	itt	cc
100035b2:	4662      	movcc	r2, ip
100035b4:	4633      	movcc	r3, r6
100035b6:	482a      	ldr	r0, [pc, #168]	@ (10003660 <stdio_put_string+0xd8>)
100035b8:	f002 fd2a 	bl	10006010 <__mutex_try_enter_block_until_veneer>
100035bc:	1c6b      	adds	r3, r5, #1
100035be:	4682      	mov	sl, r0
100035c0:	d040      	beq.n	10003644 <stdio_put_string+0xbc>
100035c2:	b30c      	cbz	r4, 10003608 <stdio_put_string+0x80>
100035c4:	4e27      	ldr	r6, [pc, #156]	@ (10003664 <stdio_put_string+0xdc>)
100035c6:	4b28      	ldr	r3, [pc, #160]	@ (10003668 <stdio_put_string+0xe0>)
100035c8:	681c      	ldr	r4, [r3, #0]
100035ca:	b1b4      	cbz	r4, 100035fa <stdio_put_string+0x72>
100035cc:	f1b8 0f00 	cmp.w	r8, #0
100035d0:	d11c      	bne.n	1000360c <stdio_put_string+0x84>
100035d2:	f8df 809c 	ldr.w	r8, [pc, #156]	@ 10003670 <stdio_put_string+0xe8>
100035d6:	e001      	b.n	100035dc <stdio_put_string+0x54>
100035d8:	6924      	ldr	r4, [r4, #16]
100035da:	b174      	cbz	r4, 100035fa <stdio_put_string+0x72>
100035dc:	6823      	ldr	r3, [r4, #0]
100035de:	2b00      	cmp	r3, #0
100035e0:	d0fa      	beq.n	100035d8 <stdio_put_string+0x50>
100035e2:	f8d8 3000 	ldr.w	r3, [r8]
100035e6:	b10b      	cbz	r3, 100035ec <stdio_put_string+0x64>
100035e8:	429c      	cmp	r4, r3
100035ea:	d1f5      	bne.n	100035d8 <stdio_put_string+0x50>
100035ec:	4620      	mov	r0, r4
100035ee:	462a      	mov	r2, r5
100035f0:	4639      	mov	r1, r7
100035f2:	47b0      	blx	r6
100035f4:	6924      	ldr	r4, [r4, #16]
100035f6:	2c00      	cmp	r4, #0
100035f8:	d1f0      	bne.n	100035dc <stdio_put_string+0x54>
100035fa:	f1ba 0f00 	cmp.w	sl, #0
100035fe:	d126      	bne.n	1000364e <stdio_put_string+0xc6>
10003600:	4628      	mov	r0, r5
10003602:	b002      	add	sp, #8
10003604:	e8bd 87f0 	ldmia.w	sp!, {r4, r5, r6, r7, r8, r9, sl, pc}
10003608:	4e18      	ldr	r6, [pc, #96]	@ (1000366c <stdio_put_string+0xe4>)
1000360a:	e7dc      	b.n	100035c6 <stdio_put_string+0x3e>
1000360c:	f04f 090a 	mov.w	r9, #10
10003610:	f8df 805c 	ldr.w	r8, [pc, #92]	@ 10003670 <stdio_put_string+0xe8>
10003614:	e002      	b.n	1000361c <stdio_put_string+0x94>
10003616:	6924      	ldr	r4, [r4, #16]
10003618:	2c00      	cmp	r4, #0
1000361a:	d0ee      	beq.n	100035fa <stdio_put_string+0x72>
1000361c:	6823      	ldr	r3, [r4, #0]
1000361e:	2b00      	cmp	r3, #0
10003620:	d0f9      	beq.n	10003616 <stdio_put_string+0x8e>
10003622:	f8d8 3000 	ldr.w	r3, [r8]
10003626:	b10b      	cbz	r3, 1000362c <stdio_put_string+0xa4>
10003628:	42a3      	cmp	r3, r4
1000362a:	d1f4      	bne.n	10003616 <stdio_put_string+0x8e>
1000362c:	462a      	mov	r2, r5
1000362e:	4639      	mov	r1, r7
10003630:	4620      	mov	r0, r4
10003632:	47b0      	blx	r6
10003634:	2201      	movs	r2, #1
10003636:	4620      	mov	r0, r4
10003638:	f10d 0107 	add.w	r1, sp, #7
1000363c:	f88d 9007 	strb.w	r9, [sp, #7]
10003640:	47b0      	blx	r6
10003642:	e7e8      	b.n	10003616 <stdio_put_string+0x8e>
10003644:	4638      	mov	r0, r7
10003646:	f002 fc8b 	bl	10005f60 <strlen>
1000364a:	4605      	mov	r5, r0
1000364c:	e7b9      	b.n	100035c2 <stdio_put_string+0x3a>
1000364e:	4804      	ldr	r0, [pc, #16]	@ (10003660 <stdio_put_string+0xd8>)
10003650:	f002 fcca 	bl	10005fe8 <__mutex_exit_veneer>
10003654:	4628      	mov	r0, r5
10003656:	b002      	add	sp, #8
10003658:	e8bd 87f0 	ldmia.w	sp!, {r4, r5, r6, r7, r8, r9, sl, pc}
1000365c:	000f4240 	.word	0x000f4240
10003660:	200015c4 	.word	0x200015c4
10003664:	10003475 	.word	0x10003475
10003668:	20001aa4 	.word	0x20001aa4
1000366c:	1000346d 	.word	0x1000346d
10003670:	20001aac 	.word	0x20001aac

10003674 <stdio_set_driver_enabled>:
10003674:	4a08      	ldr	r2, [pc, #32]	@ (10003698 <stdio_set_driver_enabled+0x24>)
10003676:	6813      	ldr	r3, [r2, #0]
10003678:	b923      	cbnz	r3, 10003684 <stdio_set_driver_enabled+0x10>
1000367a:	e00a      	b.n	10003692 <stdio_set_driver_enabled+0x1e>
1000367c:	f103 0210 	add.w	r2, r3, #16
10003680:	691b      	ldr	r3, [r3, #16]
10003682:	b133      	cbz	r3, 10003692 <stdio_set_driver_enabled+0x1e>
10003684:	4283      	cmp	r3, r0
10003686:	d1f9      	bne.n	1000367c <stdio_set_driver_enabled+0x8>
10003688:	b929      	cbnz	r1, 10003696 <stdio_set_driver_enabled+0x22>
1000368a:	6918      	ldr	r0, [r3, #16]
1000368c:	6010      	str	r0, [r2, #0]
1000368e:	6119      	str	r1, [r3, #16]
10003690:	4770      	bx	lr
10003692:	b101      	cbz	r1, 10003696 <stdio_set_driver_enabled+0x22>
10003694:	6010      	str	r0, [r2, #0]
10003696:	4770      	bx	lr
10003698:	20001aa4 	.word	0x20001aa4

1000369c <stdio_init_all>:
1000369c:	f000 ba70 	b.w	10003b80 <stdio_usb_init>

100036a0 <__wrap_putchar>:
100036a0:	b5f0      	push	{r4, r5, r6, r7, lr}
100036a2:	b083      	sub	sp, #12
100036a4:	4606      	mov	r6, r0
100036a6:	f88d 0007 	strb.w	r0, [sp, #7]
100036aa:	f7fd ff31 	bl	10001510 <time_us_64>
100036ae:	f04f 35ff 	mov.w	r5, #4294967295	@ 0xffffffff
100036b2:	f06f 4400 	mvn.w	r4, #2147483648	@ 0x80000000
100036b6:	4a17      	ldr	r2, [pc, #92]	@ (10003714 <__wrap_putchar+0x74>)
100036b8:	1882      	adds	r2, r0, r2
100036ba:	f141 0300 	adc.w	r3, r1, #0
100036be:	4295      	cmp	r5, r2
100036c0:	eb74 0103 	sbcs.w	r1, r4, r3
100036c4:	bf3c      	itt	cc
100036c6:	4623      	movcc	r3, r4
100036c8:	462a      	movcc	r2, r5
100036ca:	4813      	ldr	r0, [pc, #76]	@ (10003718 <__wrap_putchar+0x78>)
100036cc:	f002 fca0 	bl	10006010 <__mutex_try_enter_block_until_veneer>
100036d0:	4b12      	ldr	r3, [pc, #72]	@ (1000371c <__wrap_putchar+0x7c>)
100036d2:	4607      	mov	r7, r0
100036d4:	681c      	ldr	r4, [r3, #0]
100036d6:	b19c      	cbz	r4, 10003700 <__wrap_putchar+0x60>
100036d8:	4d11      	ldr	r5, [pc, #68]	@ (10003720 <__wrap_putchar+0x80>)
100036da:	e001      	b.n	100036e0 <__wrap_putchar+0x40>
100036dc:	6924      	ldr	r4, [r4, #16]
100036de:	b17c      	cbz	r4, 10003700 <__wrap_putchar+0x60>
100036e0:	6823      	ldr	r3, [r4, #0]
100036e2:	2b00      	cmp	r3, #0
100036e4:	d0fa      	beq.n	100036dc <__wrap_putchar+0x3c>
100036e6:	682b      	ldr	r3, [r5, #0]
100036e8:	b10b      	cbz	r3, 100036ee <__wrap_putchar+0x4e>
100036ea:	429c      	cmp	r4, r3
100036ec:	d1f6      	bne.n	100036dc <__wrap_putchar+0x3c>
100036ee:	4620      	mov	r0, r4
100036f0:	2201      	movs	r2, #1
100036f2:	f10d 0107 	add.w	r1, sp, #7
100036f6:	f7ff febd 	bl	10003474 <stdio_out_chars_crlf>
100036fa:	6924      	ldr	r4, [r4, #16]
100036fc:	2c00      	cmp	r4, #0
100036fe:	d1ef      	bne.n	100036e0 <__wrap_putchar+0x40>
10003700:	b917      	cbnz	r7, 10003708 <__wrap_putchar+0x68>
10003702:	4630      	mov	r0, r6
10003704:	b003      	add	sp, #12
10003706:	bdf0      	pop	{r4, r5, r6, r7, pc}
10003708:	4803      	ldr	r0, [pc, #12]	@ (10003718 <__wrap_putchar+0x78>)
1000370a:	f002 fc6d 	bl	10005fe8 <__mutex_exit_veneer>
1000370e:	4630      	mov	r0, r6
10003710:	b003      	add	sp, #12
10003712:	bdf0      	pop	{r4, r5, r6, r7, pc}
10003714:	000f4240 	.word	0x000f4240
10003718:	200015c4 	.word	0x200015c4
1000371c:	20001aa4 	.word	0x20001aa4
10003720:	20001aac 	.word	0x20001aac

10003724 <__wrap_puts>:
10003724:	b538      	push	{r3, r4, r5, lr}
10003726:	4604      	mov	r4, r0
10003728:	f002 fc1a 	bl	10005f60 <strlen>
1000372c:	2301      	movs	r3, #1
1000372e:	4605      	mov	r5, r0
10003730:	461a      	mov	r2, r3
10003732:	4620      	mov	r0, r4
10003734:	4629      	mov	r1, r5
10003736:	f7ff ff27 	bl	10003588 <stdio_put_string>
1000373a:	4b08      	ldr	r3, [pc, #32]	@ (1000375c <__wrap_puts+0x38>)
1000373c:	681c      	ldr	r4, [r3, #0]
1000373e:	b12c      	cbz	r4, 1000374c <__wrap_puts+0x28>
10003740:	6863      	ldr	r3, [r4, #4]
10003742:	b12b      	cbz	r3, 10003750 <__wrap_puts+0x2c>
10003744:	4798      	blx	r3
10003746:	6924      	ldr	r4, [r4, #16]
10003748:	2c00      	cmp	r4, #0
1000374a:	d1f9      	bne.n	10003740 <__wrap_puts+0x1c>
1000374c:	4628      	mov	r0, r5
1000374e:	bd38      	pop	{r3, r4, r5, pc}
10003750:	6924      	ldr	r4, [r4, #16]
10003752:	2c00      	cmp	r4, #0
10003754:	d1f4      	bne.n	10003740 <__wrap_puts+0x1c>
10003756:	4628      	mov	r0, r5
10003758:	bd38      	pop	{r3, r4, r5, pc}
1000375a:	bf00      	nop
1000375c:	20001aa4 	.word	0x20001aa4

10003760 <__wrap_vprintf>:
10003760:	e92d 41f0 	stmdb	sp!, {r4, r5, r6, r7, r8, lr}
10003764:	b0a2      	sub	sp, #136	@ 0x88
10003766:	460e      	mov	r6, r1
10003768:	4605      	mov	r5, r0
1000376a:	f7fd fed1 	bl	10001510 <time_us_64>
1000376e:	f04f 3cff 	mov.w	ip, #4294967295	@ 0xffffffff
10003772:	f06f 4400 	mvn.w	r4, #2147483648	@ 0x80000000
10003776:	4a25      	ldr	r2, [pc, #148]	@ (1000380c <__wrap_vprintf+0xac>)
10003778:	1882      	adds	r2, r0, r2
1000377a:	f141 0300 	adc.w	r3, r1, #0
1000377e:	4594      	cmp	ip, r2
10003780:	eb74 0103 	sbcs.w	r1, r4, r3
10003784:	bf3c      	itt	cc
10003786:	4623      	movcc	r3, r4
10003788:	4662      	movcc	r2, ip
1000378a:	4821      	ldr	r0, [pc, #132]	@ (10003810 <__wrap_vprintf+0xb0>)
1000378c:	f002 fc40 	bl	10006010 <__mutex_try_enter_block_until_veneer>
10003790:	2400      	movs	r4, #0
10003792:	4633      	mov	r3, r6
10003794:	4607      	mov	r7, r0
10003796:	462a      	mov	r2, r5
10003798:	481e      	ldr	r0, [pc, #120]	@ (10003814 <__wrap_vprintf+0xb4>)
1000379a:	a901      	add	r1, sp, #4
1000379c:	9401      	str	r4, [sp, #4]
1000379e:	f7ff fe21 	bl	100033e4 <vfctprintf>
100037a2:	4e1d      	ldr	r6, [pc, #116]	@ (10003818 <__wrap_vprintf+0xb8>)
100037a4:	9b01      	ldr	r3, [sp, #4]
100037a6:	4680      	mov	r8, r0
100037a8:	6834      	ldr	r4, [r6, #0]
100037aa:	b1bb      	cbz	r3, 100037dc <__wrap_vprintf+0x7c>
100037ac:	2c00      	cmp	r4, #0
100037ae:	d02a      	beq.n	10003806 <__wrap_vprintf+0xa6>
100037b0:	4d1a      	ldr	r5, [pc, #104]	@ (1000381c <__wrap_vprintf+0xbc>)
100037b2:	e001      	b.n	100037b8 <__wrap_vprintf+0x58>
100037b4:	6924      	ldr	r4, [r4, #16]
100037b6:	b174      	cbz	r4, 100037d6 <__wrap_vprintf+0x76>
100037b8:	6823      	ldr	r3, [r4, #0]
100037ba:	2b00      	cmp	r3, #0
100037bc:	d0fa      	beq.n	100037b4 <__wrap_vprintf+0x54>
100037be:	682b      	ldr	r3, [r5, #0]
100037c0:	b10b      	cbz	r3, 100037c6 <__wrap_vprintf+0x66>
100037c2:	42a3      	cmp	r3, r4
100037c4:	d1f6      	bne.n	100037b4 <__wrap_vprintf+0x54>
100037c6:	4620      	mov	r0, r4
100037c8:	9a01      	ldr	r2, [sp, #4]
100037ca:	a902      	add	r1, sp, #8
100037cc:	f7ff fe52 	bl	10003474 <stdio_out_chars_crlf>
100037d0:	6924      	ldr	r4, [r4, #16]
100037d2:	2c00      	cmp	r4, #0
100037d4:	d1f0      	bne.n	100037b8 <__wrap_vprintf+0x58>
100037d6:	4623      	mov	r3, r4
100037d8:	6834      	ldr	r4, [r6, #0]
100037da:	9301      	str	r3, [sp, #4]
100037dc:	b12c      	cbz	r4, 100037ea <__wrap_vprintf+0x8a>
100037de:	6863      	ldr	r3, [r4, #4]
100037e0:	b143      	cbz	r3, 100037f4 <__wrap_vprintf+0x94>
100037e2:	4798      	blx	r3
100037e4:	6924      	ldr	r4, [r4, #16]
100037e6:	2c00      	cmp	r4, #0
100037e8:	d1f9      	bne.n	100037de <__wrap_vprintf+0x7e>
100037ea:	b92f      	cbnz	r7, 100037f8 <__wrap_vprintf+0x98>
100037ec:	4640      	mov	r0, r8
100037ee:	b022      	add	sp, #136	@ 0x88
100037f0:	e8bd 81f0 	ldmia.w	sp!, {r4, r5, r6, r7, r8, pc}
100037f4:	6924      	ldr	r4, [r4, #16]
100037f6:	e7f1      	b.n	100037dc <__wrap_vprintf+0x7c>
100037f8:	4805      	ldr	r0, [pc, #20]	@ (10003810 <__wrap_vprintf+0xb0>)
100037fa:	f002 fbf5 	bl	10005fe8 <__mutex_exit_veneer>
100037fe:	4640      	mov	r0, r8
10003800:	b022      	add	sp, #136	@ 0x88
10003802:	e8bd 81f0 	ldmia.w	sp!, {r4, r5, r6, r7, r8, pc}
10003806:	9401      	str	r4, [sp, #4]
10003808:	e7ef      	b.n	100037ea <__wrap_vprintf+0x8a>
1000380a:	bf00      	nop
1000380c:	000f4240 	.word	0x000f4240
10003810:	200015c4 	.word	0x200015c4
10003814:	10003535 	.word	0x10003535
10003818:	20001aa4 	.word	0x20001aa4
1000381c:	20001aac 	.word	0x20001aac

10003820 <__wrap_printf>:
10003820:	b40f      	push	{r0, r1, r2, r3}
10003822:	b500      	push	{lr}
10003824:	b083      	sub	sp, #12
10003826:	a904      	add	r1, sp, #16
10003828:	f851 0b04 	ldr.w	r0, [r1], #4
1000382c:	9101      	str	r1, [sp, #4]
1000382e:	f7ff ff97 	bl	10003760 <__wrap_vprintf>
10003832:	b003      	add	sp, #12
10003834:	f85d eb04 	ldr.w	lr, [sp], #4
10003838:	b004      	add	sp, #16
1000383a:	4770      	bx	lr

1000383c <stdio_usb_set_chars_available_callback>:
1000383c:	4a02      	ldr	r2, [pc, #8]	@ (10003848 <stdio_usb_set_chars_available_callback+0xc>)
1000383e:	4b03      	ldr	r3, [pc, #12]	@ (1000384c <stdio_usb_set_chars_available_callback+0x10>)
10003840:	6010      	str	r0, [r2, #0]
10003842:	6019      	str	r1, [r3, #0]
10003844:	4770      	bx	lr
10003846:	bf00      	nop
10003848:	20001a44 	.word	0x20001a44
1000384c:	20001a48 	.word	0x20001a48

10003850 <timer_task>:
10003850:	4b18      	ldr	r3, [pc, #96]	@ (100038b4 <timer_task+0x64>)
10003852:	b570      	push	{r4, r5, r6, lr}
10003854:	681a      	ldr	r2, [r3, #0]
10003856:	2a00      	cmp	r2, #0
10003858:	d028      	beq.n	100038ac <timer_task+0x5c>
1000385a:	f3ef 8110 	mrs	r1, PRIMASK
1000385e:	b672      	cpsid	i
10003860:	e8d2 4fcf 	ldaexb	r4, [r2]
10003864:	2001      	movs	r0, #1
10003866:	2c00      	cmp	r4, #0
10003868:	d1fa      	bne.n	10003860 <timer_task+0x10>
1000386a:	e8c2 0f44 	strexb	r4, r0, [r2]
1000386e:	2c00      	cmp	r4, #0
10003870:	d1f6      	bne.n	10003860 <timer_task+0x10>
10003872:	f3bf 8f5f 	dmb	sy
10003876:	2200      	movs	r2, #0
10003878:	4c0f      	ldr	r4, [pc, #60]	@ (100038b8 <timer_task+0x68>)
1000387a:	6818      	ldr	r0, [r3, #0]
1000387c:	6059      	str	r1, [r3, #4]
1000387e:	7022      	strb	r2, [r4, #0]
10003880:	e8c0 2f8f 	stlb	r2, [r0]
10003884:	f381 8810 	msr	PRIMASK, r1
10003888:	2400      	movs	r4, #0
1000388a:	2500      	movs	r5, #0
1000388c:	4e0b      	ldr	r6, [pc, #44]	@ (100038bc <timer_task+0x6c>)
1000388e:	7830      	ldrb	r0, [r6, #0]
10003890:	f7fd f806 	bl	100008a0 <irq_is_enabled>
10003894:	b920      	cbnz	r0, 100038a0 <timer_task+0x50>
10003896:	2400      	movs	r4, #0
10003898:	2500      	movs	r5, #0
1000389a:	4620      	mov	r0, r4
1000389c:	4629      	mov	r1, r5
1000389e:	bd70      	pop	{r4, r5, r6, pc}
100038a0:	7830      	ldrb	r0, [r6, #0]
100038a2:	f7fd f80d 	bl	100008c0 <irq_set_pending>
100038a6:	4620      	mov	r0, r4
100038a8:	4629      	mov	r1, r5
100038aa:	bd70      	pop	{r4, r5, r6, pc}
100038ac:	f44f 747a 	mov.w	r4, #1000	@ 0x3e8
100038b0:	2500      	movs	r5, #0
100038b2:	e7eb      	b.n	1000388c <timer_task+0x3c>
100038b4:	20001ebc 	.word	0x20001ebc
100038b8:	20001f14 	.word	0x20001f14
100038bc:	20001f13 	.word	0x20001f13

100038c0 <usb_irq>:
100038c0:	4b01      	ldr	r3, [pc, #4]	@ (100038c8 <usb_irq+0x8>)
100038c2:	7818      	ldrb	r0, [r3, #0]
100038c4:	f7fc bffc 	b.w	100008c0 <irq_set_pending>
100038c8:	20001f13 	.word	0x20001f13

100038cc <stdio_usb_in_chars>:
100038cc:	b538      	push	{r3, r4, r5, lr}
100038ce:	4604      	mov	r4, r0
100038d0:	2000      	movs	r0, #0
100038d2:	460d      	mov	r5, r1
100038d4:	f001 fbaa 	bl	1000502c <tud_cdc_n_connected>
100038d8:	b3a8      	cbz	r0, 10003946 <stdio_usb_in_chars+0x7a>
100038da:	2000      	movs	r0, #0
100038dc:	f001 fbbc 	bl	10005058 <tud_cdc_n_available>
100038e0:	b388      	cbz	r0, 10003946 <stdio_usb_in_chars+0x7a>
100038e2:	f7fd fe15 	bl	10001510 <time_us_64>
100038e6:	f04f 3eff 	mov.w	lr, #4294967295	@ 0xffffffff
100038ea:	f06f 4c00 	mvn.w	ip, #2147483648	@ 0x80000000
100038ee:	4a17      	ldr	r2, [pc, #92]	@ (1000394c <stdio_usb_in_chars+0x80>)
100038f0:	1882      	adds	r2, r0, r2
100038f2:	f141 0300 	adc.w	r3, r1, #0
100038f6:	4596      	cmp	lr, r2
100038f8:	eb7c 0103 	sbcs.w	r1, ip, r3
100038fc:	bf3c      	itt	cc
100038fe:	4672      	movcc	r2, lr
10003900:	4663      	movcc	r3, ip
10003902:	4813      	ldr	r0, [pc, #76]	@ (10003950 <stdio_usb_in_chars+0x84>)
10003904:	f002 fb84 	bl	10006010 <__mutex_try_enter_block_until_veneer>
10003908:	b1e8      	cbz	r0, 10003946 <stdio_usb_in_chars+0x7a>
1000390a:	2000      	movs	r0, #0
1000390c:	f001 fb8e 	bl	1000502c <tud_cdc_n_connected>
10003910:	b958      	cbnz	r0, 1000392a <stdio_usb_in_chars+0x5e>
10003912:	4601      	mov	r1, r0
10003914:	f04f 30ff 	mov.w	r0, #4294967295	@ 0xffffffff
10003918:	f000 fd92 	bl	10004440 <tud_task_ext>
1000391c:	f06f 0402 	mvn.w	r4, #2
10003920:	480b      	ldr	r0, [pc, #44]	@ (10003950 <stdio_usb_in_chars+0x84>)
10003922:	f002 fb61 	bl	10005fe8 <__mutex_exit_veneer>
10003926:	4620      	mov	r0, r4
10003928:	bd38      	pop	{r3, r4, r5, pc}
1000392a:	2000      	movs	r0, #0
1000392c:	f001 fb94 	bl	10005058 <tud_cdc_n_available>
10003930:	2800      	cmp	r0, #0
10003932:	d0ee      	beq.n	10003912 <stdio_usb_in_chars+0x46>
10003934:	4621      	mov	r1, r4
10003936:	462a      	mov	r2, r5
10003938:	2000      	movs	r0, #0
1000393a:	f001 fb97 	bl	1000506c <tud_cdc_n_read>
1000393e:	4604      	mov	r4, r0
10003940:	2800      	cmp	r0, #0
10003942:	d1ed      	bne.n	10003920 <stdio_usb_in_chars+0x54>
10003944:	e7ea      	b.n	1000391c <stdio_usb_in_chars+0x50>
10003946:	f06f 0402 	mvn.w	r4, #2
1000394a:	e7ec      	b.n	10003926 <stdio_usb_in_chars+0x5a>
1000394c:	000f4240 	.word	0x000f4240
10003950:	20001eec 	.word	0x20001eec

10003954 <stdio_usb_out_flush>:
10003954:	b508      	push	{r3, lr}
10003956:	f7fd fddb 	bl	10001510 <time_us_64>
1000395a:	f04f 3eff 	mov.w	lr, #4294967295	@ 0xffffffff
1000395e:	f06f 4c00 	mvn.w	ip, #2147483648	@ 0x80000000
10003962:	4a0f      	ldr	r2, [pc, #60]	@ (100039a0 <stdio_usb_out_flush+0x4c>)
10003964:	1882      	adds	r2, r0, r2
10003966:	f141 0300 	adc.w	r3, r1, #0
1000396a:	4596      	cmp	lr, r2
1000396c:	eb7c 0103 	sbcs.w	r1, ip, r3
10003970:	bf3c      	itt	cc
10003972:	4672      	movcc	r2, lr
10003974:	4663      	movcc	r3, ip
10003976:	480b      	ldr	r0, [pc, #44]	@ (100039a4 <stdio_usb_out_flush+0x50>)
10003978:	f002 fb4a 	bl	10006010 <__mutex_try_enter_block_until_veneer>
1000397c:	b170      	cbz	r0, 1000399c <stdio_usb_out_flush+0x48>
1000397e:	f04f 30ff 	mov.w	r0, #4294967295	@ 0xffffffff
10003982:	2100      	movs	r1, #0
10003984:	f000 fd5c 	bl	10004440 <tud_task_ext>
10003988:	2000      	movs	r0, #0
1000398a:	f001 fbb5 	bl	100050f8 <tud_cdc_n_write_flush>
1000398e:	2800      	cmp	r0, #0
10003990:	d1f5      	bne.n	1000397e <stdio_usb_out_flush+0x2a>
10003992:	e8bd 4008 	ldmia.w	sp!, {r3, lr}
10003996:	4803      	ldr	r0, [pc, #12]	@ (100039a4 <stdio_usb_out_flush+0x50>)
10003998:	f002 bb26 	b.w	10005fe8 <__mutex_exit_veneer>
1000399c:	bd08      	pop	{r3, pc}
1000399e:	bf00      	nop
100039a0:	000f4240 	.word	0x000f4240
100039a4:	20001eec 	.word	0x20001eec

100039a8 <stdio_usb_out_chars>:
100039a8:	e92d 41f0 	stmdb	sp!, {r4, r5, r6, r7, r8, lr}
100039ac:	4607      	mov	r7, r0
100039ae:	460e      	mov	r6, r1
100039b0:	f7fd fdae 	bl	10001510 <time_us_64>
100039b4:	f04f 35ff 	mov.w	r5, #4294967295	@ 0xffffffff
100039b8:	f06f 4400 	mvn.w	r4, #2147483648	@ 0x80000000
100039bc:	4a32      	ldr	r2, [pc, #200]	@ (10003a88 <stdio_usb_out_chars+0xe0>)
100039be:	1882      	adds	r2, r0, r2
100039c0:	f141 0300 	adc.w	r3, r1, #0
100039c4:	4295      	cmp	r5, r2
100039c6:	eb74 0103 	sbcs.w	r1, r4, r3
100039ca:	bf3c      	itt	cc
100039cc:	462a      	movcc	r2, r5
100039ce:	4623      	movcc	r3, r4
100039d0:	482e      	ldr	r0, [pc, #184]	@ (10003a8c <stdio_usb_out_chars+0xe4>)
100039d2:	f002 fb1d 	bl	10006010 <__mutex_try_enter_block_until_veneer>
100039d6:	b908      	cbnz	r0, 100039dc <stdio_usb_out_chars+0x34>
100039d8:	e8bd 81f0 	ldmia.w	sp!, {r4, r5, r6, r7, r8, pc}
100039dc:	2000      	movs	r0, #0
100039de:	f001 fb25 	bl	1000502c <tud_cdc_n_connected>
100039e2:	2800      	cmp	r0, #0
100039e4:	d045      	beq.n	10003a72 <stdio_usb_out_chars+0xca>
100039e6:	2e00      	cmp	r6, #0
100039e8:	dd3e      	ble.n	10003a68 <stdio_usb_out_chars+0xc0>
100039ea:	2500      	movs	r5, #0
100039ec:	f8df 80a4 	ldr.w	r8, [pc, #164]	@ 10003a94 <stdio_usb_out_chars+0xec>
100039f0:	e012      	b.n	10003a18 <stdio_usb_out_chars+0x70>
100039f2:	4622      	mov	r2, r4
100039f4:	2000      	movs	r0, #0
100039f6:	f001 fbc9 	bl	1000518c <tud_cdc_n_write>
100039fa:	2100      	movs	r1, #0
100039fc:	4405      	add	r5, r0
100039fe:	f04f 30ff 	mov.w	r0, #4294967295	@ 0xffffffff
10003a02:	f000 fd1d 	bl	10004440 <tud_task_ext>
10003a06:	2000      	movs	r0, #0
10003a08:	f001 fb76 	bl	100050f8 <tud_cdc_n_write_flush>
10003a0c:	f7fd fd80 	bl	10001510 <time_us_64>
10003a10:	e9c8 0100 	strd	r0, r1, [r8]
10003a14:	42ae      	cmp	r6, r5
10003a16:	dd27      	ble.n	10003a68 <stdio_usb_out_chars+0xc0>
10003a18:	2000      	movs	r0, #0
10003a1a:	f001 fbd5 	bl	100051c8 <tud_cdc_n_write_available>
10003a1e:	1b74      	subs	r4, r6, r5
10003a20:	4284      	cmp	r4, r0
10003a22:	bfa8      	it	ge
10003a24:	4604      	movge	r4, r0
10003a26:	1979      	adds	r1, r7, r5
10003a28:	2c00      	cmp	r4, #0
10003a2a:	d1e2      	bne.n	100039f2 <stdio_usb_out_chars+0x4a>
10003a2c:	4621      	mov	r1, r4
10003a2e:	f04f 30ff 	mov.w	r0, #4294967295	@ 0xffffffff
10003a32:	f000 fd05 	bl	10004440 <tud_task_ext>
10003a36:	4620      	mov	r0, r4
10003a38:	f001 fb5e 	bl	100050f8 <tud_cdc_n_write_flush>
10003a3c:	4620      	mov	r0, r4
10003a3e:	f001 faf5 	bl	1000502c <tud_cdc_n_connected>
10003a42:	b188      	cbz	r0, 10003a68 <stdio_usb_out_chars+0xc0>
10003a44:	4620      	mov	r0, r4
10003a46:	f001 fbbf 	bl	100051c8 <tud_cdc_n_write_available>
10003a4a:	2800      	cmp	r0, #0
10003a4c:	d1e2      	bne.n	10003a14 <stdio_usb_out_chars+0x6c>
10003a4e:	f7fd fd5f 	bl	10001510 <time_us_64>
10003a52:	4a0f      	ldr	r2, [pc, #60]	@ (10003a90 <stdio_usb_out_chars+0xe8>)
10003a54:	f8d8 3000 	ldr.w	r3, [r8]
10003a58:	189b      	adds	r3, r3, r2
10003a5a:	f8d8 2004 	ldr.w	r2, [r8, #4]
10003a5e:	f142 0200 	adc.w	r2, r2, #0
10003a62:	4283      	cmp	r3, r0
10003a64:	418a      	sbcs	r2, r1
10003a66:	d2d5      	bcs.n	10003a14 <stdio_usb_out_chars+0x6c>
10003a68:	4808      	ldr	r0, [pc, #32]	@ (10003a8c <stdio_usb_out_chars+0xe4>)
10003a6a:	e8bd 41f0 	ldmia.w	sp!, {r4, r5, r6, r7, r8, lr}
10003a6e:	f002 babb 	b.w	10005fe8 <__mutex_exit_veneer>
10003a72:	2000      	movs	r0, #0
10003a74:	e8bd 41f0 	ldmia.w	sp!, {r4, r5, r6, r7, r8, lr}
10003a78:	2100      	movs	r1, #0
10003a7a:	4b06      	ldr	r3, [pc, #24]	@ (10003a94 <stdio_usb_out_chars+0xec>)
10003a7c:	e9c3 0100 	strd	r0, r1, [r3]
10003a80:	4802      	ldr	r0, [pc, #8]	@ (10003a8c <stdio_usb_out_chars+0xe4>)
10003a82:	f002 bab1 	b.w	10005fe8 <__mutex_exit_veneer>
10003a86:	bf00      	nop
10003a88:	000f4240 	.word	0x000f4240
10003a8c:	20001eec 	.word	0x20001eec
10003a90:	0007a120 	.word	0x0007a120
10003a94:	20001818 	.word	0x20001818

10003a98 <low_priority_worker_irq>:
10003a98:	b510      	push	{r4, lr}
10003a9a:	2100      	movs	r1, #0
10003a9c:	b084      	sub	sp, #16
10003a9e:	4832      	ldr	r0, [pc, #200]	@ (10003b68 <low_priority_worker_irq+0xd0>)
10003aa0:	f002 fa96 	bl	10005fd0 <__mutex_try_enter_veneer>
10003aa4:	bb28      	cbnz	r0, 10003af2 <low_priority_worker_irq+0x5a>
10003aa6:	4b31      	ldr	r3, [pc, #196]	@ (10003b6c <low_priority_worker_irq+0xd4>)
10003aa8:	681a      	ldr	r2, [r3, #0]
10003aaa:	b302      	cbz	r2, 10003aee <low_priority_worker_irq+0x56>
10003aac:	f3ef 8110 	mrs	r1, PRIMASK
10003ab0:	b672      	cpsid	i
10003ab2:	e8d2 efcf 	ldaexb	lr, [r2]
10003ab6:	f05f 0c01 	movs.w	ip, #1
10003aba:	f1be 0f00 	cmp.w	lr, #0
10003abe:	d1f8      	bne.n	10003ab2 <low_priority_worker_irq+0x1a>
10003ac0:	e8c2 cf4e 	strexb	lr, ip, [r2]
10003ac4:	f1be 0f00 	cmp.w	lr, #0
10003ac8:	d1f3      	bne.n	10003ab2 <low_priority_worker_irq+0x1a>
10003aca:	f3bf 8f5f 	dmb	sy
10003ace:	f8df c0a8 	ldr.w	ip, [pc, #168]	@ 10003b78 <low_priority_worker_irq+0xe0>
10003ad2:	f8d3 e000 	ldr.w	lr, [r3]
10003ad6:	f89c 2000 	ldrb.w	r2, [ip]
10003ada:	6059      	str	r1, [r3, #4]
10003adc:	b2d3      	uxtb	r3, r2
10003ade:	2201      	movs	r2, #1
10003ae0:	f88c 2000 	strb.w	r2, [ip]
10003ae4:	e8ce 0f8f 	stlb	r0, [lr]
10003ae8:	f381 8810 	msr	PRIMASK, r1
10003aec:	b1cb      	cbz	r3, 10003b22 <low_priority_worker_irq+0x8a>
10003aee:	b004      	add	sp, #16
10003af0:	bd10      	pop	{r4, pc}
10003af2:	2100      	movs	r1, #0
10003af4:	f04f 30ff 	mov.w	r0, #4294967295	@ 0xffffffff
10003af8:	f000 fca2 	bl	10004440 <tud_task_ext>
10003afc:	2000      	movs	r0, #0
10003afe:	f001 faab 	bl	10005058 <tud_cdc_n_available>
10003b02:	4604      	mov	r4, r0
10003b04:	4818      	ldr	r0, [pc, #96]	@ (10003b68 <low_priority_worker_irq+0xd0>)
10003b06:	f002 fa6f 	bl	10005fe8 <__mutex_exit_veneer>
10003b0a:	2c00      	cmp	r4, #0
10003b0c:	d0ef      	beq.n	10003aee <low_priority_worker_irq+0x56>
10003b0e:	4b18      	ldr	r3, [pc, #96]	@ (10003b70 <low_priority_worker_irq+0xd8>)
10003b10:	681b      	ldr	r3, [r3, #0]
10003b12:	2b00      	cmp	r3, #0
10003b14:	d0eb      	beq.n	10003aee <low_priority_worker_irq+0x56>
10003b16:	4a17      	ldr	r2, [pc, #92]	@ (10003b74 <low_priority_worker_irq+0xdc>)
10003b18:	6810      	ldr	r0, [r2, #0]
10003b1a:	b004      	add	sp, #16
10003b1c:	e8bd 4010 	ldmia.w	sp!, {r4, lr}
10003b20:	4718      	bx	r3
10003b22:	f7fd fadf 	bl	100010e4 <alarm_pool_get_default>
10003b26:	4604      	mov	r4, r0
10003b28:	f7fd fcf2 	bl	10001510 <time_us_64>
10003b2c:	f04f 3eff 	mov.w	lr, #4294967295	@ 0xffffffff
10003b30:	f06f 4c00 	mvn.w	ip, #2147483648	@ 0x80000000
10003b34:	f510 727a 	adds.w	r2, r0, #1000	@ 0x3e8
10003b38:	f141 0300 	adc.w	r3, r1, #0
10003b3c:	4596      	cmp	lr, r2
10003b3e:	eb7c 0103 	sbcs.w	r1, ip, r3
10003b42:	bf38      	it	cc
10003b44:	4663      	movcc	r3, ip
10003b46:	f04f 0100 	mov.w	r1, #0
10003b4a:	f04f 0c01 	mov.w	ip, #1
10003b4e:	bf38      	it	cc
10003b50:	4672      	movcc	r2, lr
10003b52:	f8df e028 	ldr.w	lr, [pc, #40]	@ 10003b7c <low_priority_worker_irq+0xe4>
10003b56:	4620      	mov	r0, r4
10003b58:	e9cd 1c01 	strd	r1, ip, [sp, #4]
10003b5c:	f8cd e000 	str.w	lr, [sp]
10003b60:	f7fd fac4 	bl	100010ec <alarm_pool_add_alarm_at>
10003b64:	b004      	add	sp, #16
10003b66:	bd10      	pop	{r4, pc}
10003b68:	20001eec 	.word	0x20001eec
10003b6c:	20001ebc 	.word	0x20001ebc
10003b70:	20001a44 	.word	0x20001a44
10003b74:	20001a48 	.word	0x20001a48
10003b78:	20001f14 	.word	0x20001f14
10003b7c:	10003851 	.word	0x10003851

10003b80 <stdio_usb_init>:
10003b80:	f04f 4350 	mov.w	r3, #3489660928	@ 0xd0000000
10003b84:	b530      	push	{r4, r5, lr}
10003b86:	b085      	sub	sp, #20
10003b88:	681c      	ldr	r4, [r3, #0]
10003b8a:	f7fd faab 	bl	100010e4 <alarm_pool_get_default>
10003b8e:	f7fd fbc7 	bl	10001320 <alarm_pool_core_num>
10003b92:	42a0      	cmp	r0, r4
10003b94:	d002      	beq.n	10003b9c <stdio_usb_init+0x1c>
10003b96:	2000      	movs	r0, #0
10003b98:	b005      	add	sp, #20
10003b9a:	bd30      	pop	{r4, r5, pc}
10003b9c:	2100      	movs	r1, #0
10003b9e:	4b2c      	ldr	r3, [pc, #176]	@ (10003c50 <stdio_usb_init+0xd0>)
10003ba0:	4608      	mov	r0, r1
10003ba2:	781b      	ldrb	r3, [r3, #0]
10003ba4:	f001 fce0 	bl	10005568 <tusb_rhport_init>
10003ba8:	482a      	ldr	r0, [pc, #168]	@ (10003c54 <stdio_usb_init+0xd4>)
10003baa:	6803      	ldr	r3, [r0, #0]
10003bac:	2b00      	cmp	r3, #0
10003bae:	d04b      	beq.n	10003c48 <stdio_usb_init+0xc8>
10003bb0:	2001      	movs	r0, #1
10003bb2:	f7fd f827 	bl	10000c04 <user_irq_claim_unused>
10003bb6:	4603      	mov	r3, r0
10003bb8:	4c27      	ldr	r4, [pc, #156]	@ (10003c58 <stdio_usb_init+0xd8>)
10003bba:	4928      	ldr	r1, [pc, #160]	@ (10003c5c <stdio_usb_init+0xdc>)
10003bbc:	b2c0      	uxtb	r0, r0
10003bbe:	7023      	strb	r3, [r4, #0]
10003bc0:	f7fc fe9a 	bl	100008f8 <irq_set_exclusive_handler>
10003bc4:	7820      	ldrb	r0, [r4, #0]
10003bc6:	2101      	movs	r1, #1
10003bc8:	f7fc fe54 	bl	10000874 <irq_set_enabled>
10003bcc:	200e      	movs	r0, #14
10003bce:	f7fc fe83 	bl	100008d8 <irq_has_shared_handler>
10003bd2:	bb60      	cbnz	r0, 10003c2e <stdio_usb_init+0xae>
10003bd4:	4b22      	ldr	r3, [pc, #136]	@ (10003c60 <stdio_usb_init+0xe0>)
10003bd6:	f06f 4400 	mvn.w	r4, #2147483648	@ 0x80000000
10003bda:	e9c3 0000 	strd	r0, r0, [r3]
10003bde:	f7fd fa81 	bl	100010e4 <alarm_pool_get_default>
10003be2:	4605      	mov	r5, r0
10003be4:	f7fd fc94 	bl	10001510 <time_us_64>
10003be8:	f04f 3cff 	mov.w	ip, #4294967295	@ 0xffffffff
10003bec:	f510 727a 	adds.w	r2, r0, #1000	@ 0x3e8
10003bf0:	f141 0300 	adc.w	r3, r1, #0
10003bf4:	4594      	cmp	ip, r2
10003bf6:	eb74 0103 	sbcs.w	r1, r4, r3
10003bfa:	bf38      	it	cc
10003bfc:	4623      	movcc	r3, r4
10003bfe:	f04f 0100 	mov.w	r1, #0
10003c02:	f04f 0401 	mov.w	r4, #1
10003c06:	bf38      	it	cc
10003c08:	4662      	movcc	r2, ip
10003c0a:	f8df c060 	ldr.w	ip, [pc, #96]	@ 10003c6c <stdio_usb_init+0xec>
10003c0e:	4628      	mov	r0, r5
10003c10:	e9cd 1401 	strd	r1, r4, [sp, #4]
10003c14:	f8cd c000 	str.w	ip, [sp]
10003c18:	f7fd fa68 	bl	100010ec <alarm_pool_add_alarm_at>
10003c1c:	2800      	cmp	r0, #0
10003c1e:	dbba      	blt.n	10003b96 <stdio_usb_init+0x16>
10003c20:	2101      	movs	r1, #1
10003c22:	4810      	ldr	r0, [pc, #64]	@ (10003c64 <stdio_usb_init+0xe4>)
10003c24:	f7ff fd26 	bl	10003674 <stdio_set_driver_enabled>
10003c28:	2001      	movs	r0, #1
10003c2a:	b005      	add	sp, #20
10003c2c:	bd30      	pop	{r4, r5, pc}
10003c2e:	2001      	movs	r0, #1
10003c30:	f7fc fdda 	bl	100007e8 <spin_lock_claim_unused>
10003c34:	4601      	mov	r1, r0
10003c36:	480a      	ldr	r0, [pc, #40]	@ (10003c60 <stdio_usb_init+0xe0>)
10003c38:	f7fd f842 	bl	10000cc0 <critical_section_init_with_lock_num>
10003c3c:	2200      	movs	r2, #0
10003c3e:	200e      	movs	r0, #14
10003c40:	4909      	ldr	r1, [pc, #36]	@ (10003c68 <stdio_usb_init+0xe8>)
10003c42:	f7fc fe8b 	bl	1000095c <irq_add_shared_handler>
10003c46:	e7eb      	b.n	10003c20 <stdio_usb_init+0xa0>
10003c48:	f7fd f81e 	bl	10000c88 <mutex_init>
10003c4c:	e7b0      	b.n	10003bb0 <stdio_usb_init+0x30>
10003c4e:	bf00      	nop
10003c50:	10006558 	.word	0x10006558
10003c54:	20001eec 	.word	0x20001eec
10003c58:	20001f13 	.word	0x20001f13
10003c5c:	10003a99 	.word	0x10003a99
10003c60:	20001ebc 	.word	0x20001ebc
10003c64:	2000157c 	.word	0x2000157c
10003c68:	100038c1 	.word	0x100038c1
10003c6c:	10003851 	.word	0x10003851

10003c70 <stdio_usb_connected>:
10003c70:	2000      	movs	r0, #0
10003c72:	f001 b9db 	b.w	1000502c <tud_cdc_n_connected>
10003c76:	bf00      	nop

10003c78 <tud_descriptor_device_cb>:
10003c78:	4800      	ldr	r0, [pc, #0]	@ (10003c7c <tud_descriptor_device_cb+0x4>)
10003c7a:	4770      	bx	lr
10003c7c:	10006414 	.word	0x10006414

10003c80 <tud_descriptor_configuration_cb>:
10003c80:	4800      	ldr	r0, [pc, #0]	@ (10003c84 <tud_descriptor_configuration_cb+0x4>)
10003c82:	4770      	bx	lr
10003c84:	100063c0 	.word	0x100063c0

10003c88 <tud_descriptor_string_cb>:
10003c88:	b500      	push	{lr}
10003c8a:	4a1c      	ldr	r2, [pc, #112]	@ (10003cfc <tud_descriptor_string_cb+0x74>)
10003c8c:	4603      	mov	r3, r0
10003c8e:	7811      	ldrb	r1, [r2, #0]
10003c90:	b083      	sub	sp, #12
10003c92:	b331      	cbz	r1, 10003ce2 <tud_descriptor_string_cb+0x5a>
10003c94:	b963      	cbnz	r3, 10003cb0 <tud_descriptor_string_cb+0x28>
10003c96:	f240 4209 	movw	r2, #1033	@ 0x409
10003c9a:	f44f 7341 	mov.w	r3, #772	@ 0x304
10003c9e:	f8df c060 	ldr.w	ip, [pc, #96]	@ 10003d00 <tud_descriptor_string_cb+0x78>
10003ca2:	f8ac 2002 	strh.w	r2, [ip, #2]
10003ca6:	4816      	ldr	r0, [pc, #88]	@ (10003d00 <tud_descriptor_string_cb+0x78>)
10003ca8:	f8ac 3000 	strh.w	r3, [ip]
10003cac:	b003      	add	sp, #12
10003cae:	bd00      	pop	{pc}
10003cb0:	2b05      	cmp	r3, #5
10003cb2:	d820      	bhi.n	10003cf6 <tud_descriptor_string_cb+0x6e>
10003cb4:	4a13      	ldr	r2, [pc, #76]	@ (10003d04 <tud_descriptor_string_cb+0x7c>)
10003cb6:	f8df c048 	ldr.w	ip, [pc, #72]	@ 10003d00 <tud_descriptor_string_cb+0x78>
10003cba:	f852 1023 	ldr.w	r1, [r2, r3, lsl #2]
10003cbe:	4660      	mov	r0, ip
10003cc0:	2300      	movs	r3, #0
10003cc2:	3901      	subs	r1, #1
10003cc4:	e003      	b.n	10003cce <tud_descriptor_string_cb+0x46>
10003cc6:	2b13      	cmp	r3, #19
10003cc8:	f820 2f02 	strh.w	r2, [r0, #2]!
10003ccc:	d010      	beq.n	10003cf0 <tud_descriptor_string_cb+0x68>
10003cce:	f811 2f01 	ldrb.w	r2, [r1, #1]!
10003cd2:	3301      	adds	r3, #1
10003cd4:	b2db      	uxtb	r3, r3
10003cd6:	2a00      	cmp	r2, #0
10003cd8:	d1f5      	bne.n	10003cc6 <tud_descriptor_string_cb+0x3e>
10003cda:	005b      	lsls	r3, r3, #1
10003cdc:	f443 7340 	orr.w	r3, r3, #768	@ 0x300
10003ce0:	e7e1      	b.n	10003ca6 <tud_descriptor_string_cb+0x1e>
10003ce2:	9001      	str	r0, [sp, #4]
10003ce4:	2111      	movs	r1, #17
10003ce6:	4610      	mov	r0, r2
10003ce8:	f000 f824 	bl	10003d34 <pico_get_unique_board_id_string>
10003cec:	9b01      	ldr	r3, [sp, #4]
10003cee:	e7d1      	b.n	10003c94 <tud_descriptor_string_cb+0xc>
10003cf0:	f44f 734a 	mov.w	r3, #808	@ 0x328
10003cf4:	e7d7      	b.n	10003ca6 <tud_descriptor_string_cb+0x1e>
10003cf6:	2000      	movs	r0, #0
10003cf8:	e7d8      	b.n	10003cac <tud_descriptor_string_cb+0x24>
10003cfa:	bf00      	nop
10003cfc:	20001efc 	.word	0x20001efc
10003d00:	20001a7c 	.word	0x20001a7c
10003d04:	100063a8 	.word	0x100063a8

10003d08 <_retrieve_unique_id_on_boot>:
10003d08:	b500      	push	{lr}
10003d0a:	f245 3047 	movw	r0, #21319	@ 0x5347
10003d0e:	b08b      	sub	sp, #44	@ 0x2c
10003d10:	f7fd fd56 	bl	100017c0 <rom_func_lookup>
10003d14:	2201      	movs	r2, #1
10003d16:	4603      	mov	r3, r0
10003d18:	2109      	movs	r1, #9
10003d1a:	a801      	add	r0, sp, #4
10003d1c:	4798      	blx	r3
10003d1e:	e9dd 3203 	ldrd	r3, r2, [sp, #12]
10003d22:	4903      	ldr	r1, [pc, #12]	@ (10003d30 <_retrieve_unique_id_on_boot+0x28>)
10003d24:	ba12      	rev	r2, r2
10003d26:	ba1b      	rev	r3, r3
10003d28:	e9c1 2300 	strd	r2, r3, [r1]
10003d2c:	b00b      	add	sp, #44	@ 0x2c
10003d2e:	bd00      	pop	{pc}
10003d30:	20001ee4 	.word	0x20001ee4

10003d34 <pico_get_unique_board_id_string>:
10003d34:	2901      	cmp	r1, #1
10003d36:	f000 80bb 	beq.w	10003eb0 <pico_get_unique_board_id_string+0x17c>
10003d3a:	4a61      	ldr	r2, [pc, #388]	@ (10003ec0 <pico_get_unique_board_id_string+0x18c>)
10003d3c:	3901      	subs	r1, #1
10003d3e:	7813      	ldrb	r3, [r2, #0]
10003d40:	ea4f 1c23 	mov.w	ip, r3, asr #4
10003d44:	f1bc 0f09 	cmp.w	ip, #9
10003d48:	bfcc      	ite	gt
10003d4a:	f10c 0c37 	addgt.w	ip, ip, #55	@ 0x37
10003d4e:	f10c 0c30 	addle.w	ip, ip, #48	@ 0x30
10003d52:	2901      	cmp	r1, #1
10003d54:	f880 c000 	strb.w	ip, [r0]
10003d58:	f000 80ad 	beq.w	10003eb6 <pico_get_unique_board_id_string+0x182>
10003d5c:	f003 030f 	and.w	r3, r3, #15
10003d60:	2b09      	cmp	r3, #9
10003d62:	bf8c      	ite	hi
10003d64:	3337      	addhi	r3, #55	@ 0x37
10003d66:	3330      	addls	r3, #48	@ 0x30
10003d68:	2902      	cmp	r1, #2
10003d6a:	7043      	strb	r3, [r0, #1]
10003d6c:	f000 80a3 	beq.w	10003eb6 <pico_get_unique_board_id_string+0x182>
10003d70:	7853      	ldrb	r3, [r2, #1]
10003d72:	ea4f 1c23 	mov.w	ip, r3, asr #4
10003d76:	f1bc 0f09 	cmp.w	ip, #9
10003d7a:	bfcc      	ite	gt
10003d7c:	f10c 0c37 	addgt.w	ip, ip, #55	@ 0x37
10003d80:	f10c 0c30 	addle.w	ip, ip, #48	@ 0x30
10003d84:	2903      	cmp	r1, #3
10003d86:	f880 c002 	strb.w	ip, [r0, #2]
10003d8a:	f000 8094 	beq.w	10003eb6 <pico_get_unique_board_id_string+0x182>
10003d8e:	f003 030f 	and.w	r3, r3, #15
10003d92:	2b09      	cmp	r3, #9
10003d94:	bf8c      	ite	hi
10003d96:	3337      	addhi	r3, #55	@ 0x37
10003d98:	3330      	addls	r3, #48	@ 0x30
10003d9a:	2904      	cmp	r1, #4
10003d9c:	70c3      	strb	r3, [r0, #3]
10003d9e:	f000 808a 	beq.w	10003eb6 <pico_get_unique_board_id_string+0x182>
10003da2:	7893      	ldrb	r3, [r2, #2]
10003da4:	ea4f 1c23 	mov.w	ip, r3, asr #4
10003da8:	f1bc 0f09 	cmp.w	ip, #9
10003dac:	bfcc      	ite	gt
10003dae:	f10c 0c37 	addgt.w	ip, ip, #55	@ 0x37
10003db2:	f10c 0c30 	addle.w	ip, ip, #48	@ 0x30
10003db6:	2905      	cmp	r1, #5
10003db8:	f880 c004 	strb.w	ip, [r0, #4]
10003dbc:	d07b      	beq.n	10003eb6 <pico_get_unique_board_id_string+0x182>
10003dbe:	f003 030f 	and.w	r3, r3, #15
10003dc2:	2b09      	cmp	r3, #9
10003dc4:	bf8c      	ite	hi
10003dc6:	3337      	addhi	r3, #55	@ 0x37
10003dc8:	3330      	addls	r3, #48	@ 0x30
10003dca:	2906      	cmp	r1, #6
10003dcc:	7143      	strb	r3, [r0, #5]
10003dce:	d072      	beq.n	10003eb6 <pico_get_unique_board_id_string+0x182>
10003dd0:	78d3      	ldrb	r3, [r2, #3]
10003dd2:	ea4f 1c23 	mov.w	ip, r3, asr #4
10003dd6:	f1bc 0f09 	cmp.w	ip, #9
10003dda:	bfcc      	ite	gt
10003ddc:	f10c 0c37 	addgt.w	ip, ip, #55	@ 0x37
10003de0:	f10c 0c30 	addle.w	ip, ip, #48	@ 0x30
10003de4:	2907      	cmp	r1, #7
10003de6:	f880 c006 	strb.w	ip, [r0, #6]
10003dea:	d064      	beq.n	10003eb6 <pico_get_unique_board_id_string+0x182>
10003dec:	f003 030f 	and.w	r3, r3, #15
10003df0:	2b09      	cmp	r3, #9
10003df2:	bf8c      	ite	hi
10003df4:	3337      	addhi	r3, #55	@ 0x37
10003df6:	3330      	addls	r3, #48	@ 0x30
10003df8:	2908      	cmp	r1, #8
10003dfa:	71c3      	strb	r3, [r0, #7]
10003dfc:	d05b      	beq.n	10003eb6 <pico_get_unique_board_id_string+0x182>
10003dfe:	7913      	ldrb	r3, [r2, #4]
10003e00:	ea4f 1c23 	mov.w	ip, r3, asr #4
10003e04:	f1bc 0f09 	cmp.w	ip, #9
10003e08:	bfcc      	ite	gt
10003e0a:	f10c 0c37 	addgt.w	ip, ip, #55	@ 0x37
10003e0e:	f10c 0c30 	addle.w	ip, ip, #48	@ 0x30
10003e12:	2909      	cmp	r1, #9
10003e14:	f880 c008 	strb.w	ip, [r0, #8]
10003e18:	d04d      	beq.n	10003eb6 <pico_get_unique_board_id_string+0x182>
10003e1a:	f003 030f 	and.w	r3, r3, #15
10003e1e:	2b09      	cmp	r3, #9
10003e20:	bf8c      	ite	hi
10003e22:	3337      	addhi	r3, #55	@ 0x37
10003e24:	3330      	addls	r3, #48	@ 0x30
10003e26:	290a      	cmp	r1, #10
10003e28:	7243      	strb	r3, [r0, #9]
10003e2a:	d044      	beq.n	10003eb6 <pico_get_unique_board_id_string+0x182>
10003e2c:	7953      	ldrb	r3, [r2, #5]
10003e2e:	ea4f 1c23 	mov.w	ip, r3, asr #4
10003e32:	f1bc 0f09 	cmp.w	ip, #9
10003e36:	bfcc      	ite	gt
10003e38:	f10c 0c37 	addgt.w	ip, ip, #55	@ 0x37
10003e3c:	f10c 0c30 	addle.w	ip, ip, #48	@ 0x30
10003e40:	290b      	cmp	r1, #11
10003e42:	f880 c00a 	strb.w	ip, [r0, #10]
10003e46:	d036      	beq.n	10003eb6 <pico_get_unique_board_id_string+0x182>
10003e48:	f003 030f 	and.w	r3, r3, #15
10003e4c:	2b09      	cmp	r3, #9
10003e4e:	bf8c      	ite	hi
10003e50:	3337      	addhi	r3, #55	@ 0x37
10003e52:	3330      	addls	r3, #48	@ 0x30
10003e54:	290c      	cmp	r1, #12
10003e56:	72c3      	strb	r3, [r0, #11]
10003e58:	d02d      	beq.n	10003eb6 <pico_get_unique_board_id_string+0x182>
10003e5a:	7993      	ldrb	r3, [r2, #6]
10003e5c:	ea4f 1c23 	mov.w	ip, r3, asr #4
10003e60:	f1bc 0f09 	cmp.w	ip, #9
10003e64:	bfcc      	ite	gt
10003e66:	f10c 0c37 	addgt.w	ip, ip, #55	@ 0x37
10003e6a:	f10c 0c30 	addle.w	ip, ip, #48	@ 0x30
10003e6e:	290d      	cmp	r1, #13
10003e70:	f880 c00c 	strb.w	ip, [r0, #12]
10003e74:	d01f      	beq.n	10003eb6 <pico_get_unique_board_id_string+0x182>
10003e76:	f003 030f 	and.w	r3, r3, #15
10003e7a:	2b09      	cmp	r3, #9
10003e7c:	bf8c      	ite	hi
10003e7e:	3337      	addhi	r3, #55	@ 0x37
10003e80:	3330      	addls	r3, #48	@ 0x30
10003e82:	290e      	cmp	r1, #14
10003e84:	7343      	strb	r3, [r0, #13]
10003e86:	d016      	beq.n	10003eb6 <pico_get_unique_board_id_string+0x182>
10003e88:	79d3      	ldrb	r3, [r2, #7]
10003e8a:	111a      	asrs	r2, r3, #4
10003e8c:	2a09      	cmp	r2, #9
10003e8e:	bfcc      	ite	gt
10003e90:	3237      	addgt	r2, #55	@ 0x37
10003e92:	3230      	addle	r2, #48	@ 0x30
10003e94:	290f      	cmp	r1, #15
10003e96:	7382      	strb	r2, [r0, #14]
10003e98:	d00d      	beq.n	10003eb6 <pico_get_unique_board_id_string+0x182>
10003e9a:	f003 030f 	and.w	r3, r3, #15
10003e9e:	2b09      	cmp	r3, #9
10003ea0:	bf94      	ite	ls
10003ea2:	3330      	addls	r3, #48	@ 0x30
10003ea4:	3337      	addhi	r3, #55	@ 0x37
10003ea6:	2910      	cmp	r1, #16
10003ea8:	73c3      	strb	r3, [r0, #15]
10003eaa:	bf18      	it	ne
10003eac:	3010      	addne	r0, #16
10003eae:	d002      	beq.n	10003eb6 <pico_get_unique_board_id_string+0x182>
10003eb0:	2300      	movs	r3, #0
10003eb2:	7003      	strb	r3, [r0, #0]
10003eb4:	4770      	bx	lr
10003eb6:	2300      	movs	r3, #0
10003eb8:	4408      	add	r0, r1
10003eba:	7003      	strb	r3, [r0, #0]
10003ebc:	4770      	bx	lr
10003ebe:	bf00      	nop
10003ec0:	20001ee4 	.word	0x20001ee4

10003ec4 <usb_reset_interface_init>:
10003ec4:	4770      	bx	lr
10003ec6:	bf00      	nop

10003ec8 <usb_reset_interface_reset>:
10003ec8:	2200      	movs	r2, #0
10003eca:	4b01      	ldr	r3, [pc, #4]	@ (10003ed0 <usb_reset_interface_reset+0x8>)
10003ecc:	701a      	strb	r2, [r3, #0]
10003ece:	4770      	bx	lr
10003ed0:	20001f11 	.word	0x20001f11

10003ed4 <usb_reset_interface_open>:
10003ed4:	794b      	ldrb	r3, [r1, #5]
10003ed6:	2bff      	cmp	r3, #255	@ 0xff
10003ed8:	d10b      	bne.n	10003ef2 <usb_reset_interface_open+0x1e>
10003eda:	7988      	ldrb	r0, [r1, #6]
10003edc:	b948      	cbnz	r0, 10003ef2 <usb_reset_interface_open+0x1e>
10003ede:	79cb      	ldrb	r3, [r1, #7]
10003ee0:	2b01      	cmp	r3, #1
10003ee2:	d107      	bne.n	10003ef4 <usb_reset_interface_open+0x20>
10003ee4:	2a08      	cmp	r2, #8
10003ee6:	d905      	bls.n	10003ef4 <usb_reset_interface_open+0x20>
10003ee8:	4b03      	ldr	r3, [pc, #12]	@ (10003ef8 <usb_reset_interface_open+0x24>)
10003eea:	788a      	ldrb	r2, [r1, #2]
10003eec:	2009      	movs	r0, #9
10003eee:	701a      	strb	r2, [r3, #0]
10003ef0:	4770      	bx	lr
10003ef2:	2000      	movs	r0, #0
10003ef4:	4770      	bx	lr
10003ef6:	bf00      	nop
10003ef8:	20001f11 	.word	0x20001f11

10003efc <usb_reset_interface_xfer_cb>:
10003efc:	2001      	movs	r0, #1
10003efe:	4770      	bx	lr

10003f00 <usb_reset_interface_control_xfer_cb>:
10003f00:	2901      	cmp	r1, #1
10003f02:	d001      	beq.n	10003f08 <usb_reset_interface_control_xfer_cb+0x8>
10003f04:	2001      	movs	r0, #1
10003f06:	4770      	bx	lr
10003f08:	b508      	push	{r3, lr}
10003f0a:	4b10      	ldr	r3, [pc, #64]	@ (10003f4c <usb_reset_interface_control_xfer_cb+0x4c>)
10003f0c:	8891      	ldrh	r1, [r2, #4]
10003f0e:	781b      	ldrb	r3, [r3, #0]
10003f10:	4299      	cmp	r1, r3
10003f12:	d001      	beq.n	10003f18 <usb_reset_interface_control_xfer_cb+0x18>
10003f14:	2000      	movs	r0, #0
10003f16:	bd08      	pop	{r3, pc}
10003f18:	7853      	ldrb	r3, [r2, #1]
10003f1a:	2b01      	cmp	r3, #1
10003f1c:	d008      	beq.n	10003f30 <usb_reset_interface_control_xfer_cb+0x30>
10003f1e:	2b02      	cmp	r3, #2
10003f20:	d1f8      	bne.n	10003f14 <usb_reset_interface_control_xfer_cb+0x14>
10003f22:	2100      	movs	r1, #0
10003f24:	2264      	movs	r2, #100	@ 0x64
10003f26:	4608      	mov	r0, r1
10003f28:	f7fd fbca 	bl	100016c0 <watchdog_reboot>
10003f2c:	2001      	movs	r0, #1
10003f2e:	bd08      	pop	{r3, pc}
10003f30:	8851      	ldrh	r1, [r2, #2]
10003f32:	f411 7280 	ands.w	r2, r1, #256	@ 0x100
10003f36:	bf1a      	itte	ne
10003f38:	f3c1 12c0 	ubfxne	r2, r1, #7, #1
10003f3c:	0a48      	lsrne	r0, r1, #9
10003f3e:	f04f 30ff 	moveq.w	r0, #4294967295	@ 0xffffffff
10003f42:	f001 0103 	and.w	r1, r1, #3
10003f46:	f7fd fc47 	bl	100017d8 <rom_reset_usb_boot_extra>
10003f4a:	bf00      	nop
10003f4c:	20001f11 	.word	0x20001f11

10003f50 <tud_descriptor_bos_cb>:
10003f50:	4800      	ldr	r0, [pc, #0]	@ (10003f54 <tud_descriptor_bos_cb+0x4>)
10003f52:	4770      	bx	lr
10003f54:	100064d0 	.word	0x100064d0

10003f58 <tud_vendor_control_xfer_cb>:
10003f58:	2901      	cmp	r1, #1
10003f5a:	d107      	bne.n	10003f6c <tud_vendor_control_xfer_cb+0x14>
10003f5c:	7853      	ldrb	r3, [r2, #1]
10003f5e:	2b01      	cmp	r3, #1
10003f60:	d102      	bne.n	10003f68 <tud_vendor_control_xfer_cb+0x10>
10003f62:	8893      	ldrh	r3, [r2, #4]
10003f64:	2b07      	cmp	r3, #7
10003f66:	d003      	beq.n	10003f70 <tud_vendor_control_xfer_cb+0x18>
10003f68:	2000      	movs	r0, #0
10003f6a:	4770      	bx	lr
10003f6c:	2001      	movs	r0, #1
10003f6e:	4770      	bx	lr
10003f70:	4611      	mov	r1, r2
10003f72:	23a6      	movs	r3, #166	@ 0xa6
10003f74:	4a01      	ldr	r2, [pc, #4]	@ (10003f7c <tud_vendor_control_xfer_cb+0x24>)
10003f76:	f000 bf1f 	b.w	10004db8 <tud_control_xfer>
10003f7a:	bf00      	nop
10003f7c:	10006428 	.word	0x10006428

10003f80 <usbd_app_driver_get_cb>:
10003f80:	4603      	mov	r3, r0
10003f82:	2201      	movs	r2, #1
10003f84:	4801      	ldr	r0, [pc, #4]	@ (10003f8c <usbd_app_driver_get_cb+0xc>)
10003f86:	701a      	strb	r2, [r3, #0]
10003f88:	4770      	bx	lr
10003f8a:	bf00      	nop
10003f8c:	100064f4 	.word	0x100064f4

10003f90 <tud_cdc_line_coding_cb>:
10003f90:	b508      	push	{r3, lr}
10003f92:	680b      	ldr	r3, [r1, #0]
10003f94:	f5b3 6f96 	cmp.w	r3, #1200	@ 0x4b0
10003f98:	d000      	beq.n	10003f9c <tud_cdc_line_coding_cb+0xc>
10003f9a:	bd08      	pop	{r3, pc}
10003f9c:	2200      	movs	r2, #0
10003f9e:	f04f 30ff 	mov.w	r0, #4294967295	@ 0xffffffff
10003fa2:	4611      	mov	r1, r2
10003fa4:	f7fd fc18 	bl	100017d8 <rom_reset_usb_boot_extra>

10003fa8 <dcd_init>:
10003fa8:	b510      	push	{r4, lr}
10003faa:	f000 f92d 	bl	10004208 <rp2040_usb_init>
10003fae:	230c      	movs	r3, #12
10003fb0:	4c1c      	ldr	r4, [pc, #112]	@ (10004024 <dcd_init+0x7c>)
10003fb2:	22ff      	movs	r2, #255	@ 0xff
10003fb4:	67a3      	str	r3, [r4, #120]	@ 0x78
10003fb6:	200e      	movs	r0, #14
10003fb8:	491b      	ldr	r1, [pc, #108]	@ (10004028 <dcd_init+0x80>)
10003fba:	f7fc fccf 	bl	1000095c <irq_add_shared_handler>
10003fbe:	2240      	movs	r2, #64	@ 0x40
10003fc0:	2100      	movs	r1, #0
10003fc2:	481a      	ldr	r0, [pc, #104]	@ (1000402c <dcd_init+0x84>)
10003fc4:	f001 ff12 	bl	10005dec <memset>
10003fc8:	f04f 0c80 	mov.w	ip, #128	@ 0x80
10003fcc:	2001      	movs	r0, #1
10003fce:	4a17      	ldr	r2, [pc, #92]	@ (1000402c <dcd_init+0x84>)
10003fd0:	2300      	movs	r3, #0
10003fd2:	f8a2 c022 	strh.w	ip, [r2, #34]	@ 0x22
10003fd6:	7050      	strb	r0, [r2, #1]
10003fd8:	4610      	mov	r0, r2
10003fda:	2240      	movs	r2, #64	@ 0x40
10003fdc:	4914      	ldr	r1, [pc, #80]	@ (10004030 <dcd_init+0x88>)
10003fde:	8302      	strh	r2, [r0, #24]
10003fe0:	8702      	strh	r2, [r0, #56]	@ 0x38
10003fe2:	4a14      	ldr	r2, [pc, #80]	@ (10004034 <dcd_init+0x8c>)
10003fe4:	6081      	str	r1, [r0, #8]
10003fe6:	6043      	str	r3, [r0, #4]
10003fe8:	f8c2 3084 	str.w	r3, [r2, #132]	@ 0x84
10003fec:	f8c2 3080 	str.w	r3, [r2, #128]	@ 0x80
10003ff0:	f880 3021 	strb.w	r3, [r0, #33]	@ 0x21
10003ff4:	f880 303b 	strb.w	r3, [r0, #59]	@ 0x3b
10003ff8:	6243      	str	r3, [r0, #36]	@ 0x24
10003ffa:	4b0f      	ldr	r3, [pc, #60]	@ (10004038 <dcd_init+0x90>)
10003ffc:	60c3      	str	r3, [r0, #12]
10003ffe:	62c3      	str	r3, [r0, #44]	@ 0x2c
10004000:	3b80      	subs	r3, #128	@ 0x80
10004002:	6283      	str	r3, [r0, #40]	@ 0x28
10004004:	f001 fff8 	bl	10005ff8 <__reset_non_control_endpoints_veneer>
10004008:	f04f 5c00 	mov.w	ip, #536870912	@ 0x20000000
1000400c:	f44f 3280 	mov.w	r2, #65536	@ 0x10000
10004010:	2001      	movs	r0, #1
10004012:	490a      	ldr	r1, [pc, #40]	@ (1000403c <dcd_init+0x94>)
10004014:	4b0a      	ldr	r3, [pc, #40]	@ (10004040 <dcd_init+0x98>)
10004016:	6420      	str	r0, [r4, #64]	@ 0x40
10004018:	f8c4 c04c 	str.w	ip, [r4, #76]	@ 0x4c
1000401c:	f8c4 1090 	str.w	r1, [r4, #144]	@ 0x90
10004020:	64da      	str	r2, [r3, #76]	@ 0x4c
10004022:	bd10      	pop	{r4, pc}
10004024:	50110000 	.word	0x50110000
10004028:	200003d1 	.word	0x200003d1
1000402c:	20001ab0 	.word	0x20001ab0
10004030:	50100084 	.word	0x50100084
10004034:	50100000 	.word	0x50100000
10004038:	50100100 	.word	0x50100100
1000403c:	0001d010 	.word	0x0001d010
10004040:	50112000 	.word	0x50112000

10004044 <dcd_int_enable>:
10004044:	2101      	movs	r1, #1
10004046:	200e      	movs	r0, #14
10004048:	f7fc bc14 	b.w	10000874 <irq_set_enabled>

1000404c <dcd_set_address>:
1000404c:	2200      	movs	r2, #0
1000404e:	4802      	ldr	r0, [pc, #8]	@ (10004058 <dcd_set_address+0xc>)
10004050:	4611      	mov	r1, r2
10004052:	f000 b8f9 	b.w	10004248 <hw_endpoint_xfer_start>
10004056:	bf00      	nop
10004058:	20001ad0 	.word	0x20001ad0

1000405c <dcd_sof_enable>:
1000405c:	4b04      	ldr	r3, [pc, #16]	@ (10004070 <dcd_sof_enable+0x14>)
1000405e:	7019      	strb	r1, [r3, #0]
10004060:	b121      	cbz	r1, 1000406c <dcd_sof_enable+0x10>
10004062:	f44f 3200 	mov.w	r2, #131072	@ 0x20000
10004066:	4b03      	ldr	r3, [pc, #12]	@ (10004074 <dcd_sof_enable+0x18>)
10004068:	f8c3 2090 	str.w	r2, [r3, #144]	@ 0x90
1000406c:	4770      	bx	lr
1000406e:	bf00      	nop
10004070:	20001f0e 	.word	0x20001f0e
10004074:	50112000 	.word	0x50112000

10004078 <dcd_edpt0_status_complete>:
10004078:	780b      	ldrb	r3, [r1, #0]
1000407a:	065b      	lsls	r3, r3, #25
1000407c:	d000      	beq.n	10004080 <dcd_edpt0_status_complete+0x8>
1000407e:	4770      	bx	lr
10004080:	784b      	ldrb	r3, [r1, #1]
10004082:	2b05      	cmp	r3, #5
10004084:	d1fb      	bne.n	1000407e <dcd_edpt0_status_complete+0x6>
10004086:	884b      	ldrh	r3, [r1, #2]
10004088:	4a01      	ldr	r2, [pc, #4]	@ (10004090 <dcd_edpt0_status_complete+0x18>)
1000408a:	b2db      	uxtb	r3, r3
1000408c:	6013      	str	r3, [r2, #0]
1000408e:	e7f6      	b.n	1000407e <dcd_edpt0_status_complete+0x6>
10004090:	50110000 	.word	0x50110000

10004094 <dcd_edpt_open>:
10004094:	78cb      	ldrb	r3, [r1, #3]
10004096:	e92d 41f0 	stmdb	sp!, {r4, r5, r6, r7, r8, lr}
1000409a:	f003 0e03 	and.w	lr, r3, #3
1000409e:	f1be 0f01 	cmp.w	lr, #1
100040a2:	f3c3 0001 	ubfx	r0, r3, #0, #2
100040a6:	d057      	beq.n	10004158 <dcd_edpt_open+0xc4>
100040a8:	2600      	movs	r6, #0
100040aa:	788c      	ldrb	r4, [r1, #2]
100040ac:	f8df c0d4 	ldr.w	ip, [pc, #212]	@ 10004184 <dcd_edpt_open+0xf0>
100040b0:	f004 027f 	and.w	r2, r4, #127	@ 0x7f
100040b4:	0053      	lsls	r3, r2, #1
100040b6:	8889      	ldrh	r1, [r1, #4]
100040b8:	4698      	mov	r8, r3
100040ba:	eb03 13d4 	add.w	r3, r3, r4, lsr #7
100040be:	eb0c 1343 	add.w	r3, ip, r3, lsl #5
100040c2:	09e5      	lsrs	r5, r4, #7
100040c4:	76d8      	strb	r0, [r3, #27]
100040c6:	f3c1 010a 	ubfx	r1, r1, #0, #11
100040ca:	f085 0001 	eor.w	r0, r5, #1
100040ce:	709c      	strb	r4, [r3, #2]
100040d0:	8319      	strh	r1, [r3, #24]
100040d2:	7058      	strb	r0, [r3, #1]
100040d4:	70de      	strb	r6, [r3, #3]
100040d6:	00d3      	lsls	r3, r2, #3
100040d8:	bb6d      	cbnz	r5, 10004136 <dcd_edpt_open+0xa2>
100040da:	4825      	ldr	r0, [pc, #148]	@ (10004170 <dcd_edpt_open+0xdc>)
100040dc:	3304      	adds	r3, #4
100040de:	eb0c 1482 	add.w	r4, ip, r2, lsl #6
100040e2:	181f      	adds	r7, r3, r0
100040e4:	60a7      	str	r7, [r4, #8]
100040e6:	501e      	str	r6, [r3, r0]
100040e8:	b36a      	cbz	r2, 10004146 <dcd_edpt_open+0xb2>
100040ea:	4b22      	ldr	r3, [pc, #136]	@ (10004174 <dcd_edpt_open+0xe0>)
100040ec:	eb03 03c2 	add.w	r3, r3, r2, lsl #3
100040f0:	6063      	str	r3, [r4, #4]
100040f2:	313f      	adds	r1, #63	@ 0x3f
100040f4:	0989      	lsrs	r1, r1, #6
100040f6:	f1be 0f02 	cmp.w	lr, #2
100040fa:	bf14      	ite	ne
100040fc:	018b      	lslne	r3, r1, #6
100040fe:	01cb      	lsleq	r3, r1, #7
10004100:	491d      	ldr	r1, [pc, #116]	@ (10004178 <dcd_edpt_open+0xe4>)
10004102:	eb08 0205 	add.w	r2, r8, r5
10004106:	eb0c 1c42 	add.w	ip, ip, r2, lsl #5
1000410a:	680a      	ldr	r2, [r1, #0]
1000410c:	481b      	ldr	r0, [pc, #108]	@ (1000417c <dcd_edpt_open+0xe8>)
1000410e:	4413      	add	r3, r2
10004110:	4283      	cmp	r3, r0
10004112:	600b      	str	r3, [r1, #0]
10004114:	f8cc 200c 	str.w	r2, [ip, #12]
10004118:	d828      	bhi.n	1000416c <dcd_edpt_open+0xd8>
1000411a:	f082 43a0 	eor.w	r3, r2, #1342177280	@ 0x50000000
1000411e:	f483 1380 	eor.w	r3, r3, #1048576	@ 0x100000
10004122:	f8dc 2004 	ldr.w	r2, [ip, #4]
10004126:	ea43 638e 	orr.w	r3, r3, lr, lsl #26
1000412a:	f043 4300 	orr.w	r3, r3, #2147483648	@ 0x80000000
1000412e:	6013      	str	r3, [r2, #0]
10004130:	2001      	movs	r0, #1
10004132:	e8bd 81f0 	ldmia.w	sp!, {r4, r5, r6, r7, r8, pc}
10004136:	480e      	ldr	r0, [pc, #56]	@ (10004170 <dcd_edpt_open+0xdc>)
10004138:	eb0c 1482 	add.w	r4, ip, r2, lsl #6
1000413c:	4403      	add	r3, r0
1000413e:	62a3      	str	r3, [r4, #40]	@ 0x28
10004140:	f840 6032 	str.w	r6, [r0, r2, lsl #3]
10004144:	b95a      	cbnz	r2, 1000415e <dcd_edpt_open+0xca>
10004146:	4613      	mov	r3, r2
10004148:	4a0d      	ldr	r2, [pc, #52]	@ (10004180 <dcd_edpt_open+0xec>)
1000414a:	eb0c 1c45 	add.w	ip, ip, r5, lsl #5
1000414e:	f8cc 200c 	str.w	r2, [ip, #12]
10004152:	f8cc 3004 	str.w	r3, [ip, #4]
10004156:	e7eb      	b.n	10004130 <dcd_edpt_open+0x9c>
10004158:	2000      	movs	r0, #0
1000415a:	e8bd 81f0 	ldmia.w	sp!, {r4, r5, r6, r7, r8, pc}
1000415e:	00d2      	lsls	r2, r2, #3
10004160:	f102 42a0 	add.w	r2, r2, #1342177280	@ 0x50000000
10004164:	f502 1280 	add.w	r2, r2, #1048576	@ 0x100000
10004168:	6262      	str	r2, [r4, #36]	@ 0x24
1000416a:	e7c2      	b.n	100040f2 <dcd_edpt_open+0x5e>
1000416c:	f7fd fb7e 	bl	1000186c <hard_assertion_failure>
10004170:	50100080 	.word	0x50100080
10004174:	50100004 	.word	0x50100004
10004178:	20001eb8 	.word	0x20001eb8
1000417c:	50100fff 	.word	0x50100fff
10004180:	50100100 	.word	0x50100100
10004184:	20001ab0 	.word	0x20001ab0

10004188 <dcd_edpt_close_all>:
10004188:	f001 bf36 	b.w	10005ff8 <__reset_non_control_endpoints_veneer>

1000418c <dcd_edpt_xfer>:
1000418c:	b508      	push	{r3, lr}
1000418e:	4696      	mov	lr, r2
10004190:	f8df c01c 	ldr.w	ip, [pc, #28]	@ 100041b0 <dcd_edpt_xfer+0x24>
10004194:	f001 027f 	and.w	r2, r1, #127	@ 0x7f
10004198:	09c8      	lsrs	r0, r1, #7
1000419a:	eb00 0042 	add.w	r0, r0, r2, lsl #1
1000419e:	eb0c 1040 	add.w	r0, ip, r0, lsl #5
100041a2:	461a      	mov	r2, r3
100041a4:	4671      	mov	r1, lr
100041a6:	f000 f84f 	bl	10004248 <hw_endpoint_xfer_start>
100041aa:	2001      	movs	r0, #1
100041ac:	bd08      	pop	{r3, pc}
100041ae:	bf00      	nop
100041b0:	20001ab0 	.word	0x20001ab0

100041b4 <dcd_edpt_stall>:
100041b4:	f011 027f 	ands.w	r2, r1, #127	@ 0x7f
100041b8:	d105      	bne.n	100041c6 <dcd_edpt_stall+0x12>
100041ba:	2900      	cmp	r1, #0
100041bc:	bf0c      	ite	eq
100041be:	2002      	moveq	r0, #2
100041c0:	2001      	movne	r0, #1
100041c2:	4b06      	ldr	r3, [pc, #24]	@ (100041dc <dcd_edpt_stall+0x28>)
100041c4:	6698      	str	r0, [r3, #104]	@ 0x68
100041c6:	09c9      	lsrs	r1, r1, #7
100041c8:	4b05      	ldr	r3, [pc, #20]	@ (100041e0 <dcd_edpt_stall+0x2c>)
100041ca:	eb01 0042 	add.w	r0, r1, r2, lsl #1
100041ce:	eb03 1040 	add.w	r0, r3, r0, lsl #5
100041d2:	f44f 6200 	mov.w	r2, #2048	@ 0x800
100041d6:	2100      	movs	r1, #0
100041d8:	f001 bf16 	b.w	10006008 <___hw_endpoint_buffer_control_update32_veneer>
100041dc:	50112000 	.word	0x50112000
100041e0:	20001ab0 	.word	0x20001ab0

100041e4 <dcd_edpt_clear_stall>:
100041e4:	f011 037f 	ands.w	r3, r1, #127	@ 0x7f
100041e8:	d100      	bne.n	100041ec <dcd_edpt_clear_stall+0x8>
100041ea:	4770      	bx	lr
100041ec:	2200      	movs	r2, #0
100041ee:	4805      	ldr	r0, [pc, #20]	@ (10004204 <dcd_edpt_clear_stall+0x20>)
100041f0:	005b      	lsls	r3, r3, #1
100041f2:	eb03 13d1 	add.w	r3, r3, r1, lsr #7
100041f6:	eb00 1043 	add.w	r0, r0, r3, lsl #5
100041fa:	f46f 6100 	mvn.w	r1, #2048	@ 0x800
100041fe:	70c2      	strb	r2, [r0, #3]
10004200:	f001 bf02 	b.w	10006008 <___hw_endpoint_buffer_control_update32_veneer>
10004204:	20001ab0 	.word	0x20001ab0

10004208 <rp2040_usb_init>:
10004208:	f04f 5280 	mov.w	r2, #268435456	@ 0x10000000
1000420c:	4809      	ldr	r0, [pc, #36]	@ (10004234 <rp2040_usb_init+0x2c>)
1000420e:	490a      	ldr	r1, [pc, #40]	@ (10004238 <rp2040_usb_init+0x30>)
10004210:	b508      	push	{r3, lr}
10004212:	4b0a      	ldr	r3, [pc, #40]	@ (1000423c <rp2040_usb_init+0x34>)
10004214:	6002      	str	r2, [r0, #0]
10004216:	600a      	str	r2, [r1, #0]
10004218:	6899      	ldr	r1, [r3, #8]
1000421a:	43c9      	mvns	r1, r1
1000421c:	f011 5180 	ands.w	r1, r1, #268435456	@ 0x10000000
10004220:	d1fa      	bne.n	10004218 <rp2040_usb_init+0x10>
10004222:	f44f 5280 	mov.w	r2, #4096	@ 0x1000
10004226:	4806      	ldr	r0, [pc, #24]	@ (10004240 <rp2040_usb_init+0x38>)
10004228:	f001 fde0 	bl	10005dec <memset>
1000422c:	2209      	movs	r2, #9
1000422e:	4b05      	ldr	r3, [pc, #20]	@ (10004244 <rp2040_usb_init+0x3c>)
10004230:	675a      	str	r2, [r3, #116]	@ 0x74
10004232:	bd08      	pop	{r3, pc}
10004234:	40022000 	.word	0x40022000
10004238:	40023000 	.word	0x40023000
1000423c:	40020000 	.word	0x40020000
10004240:	50100000 	.word	0x50100000
10004244:	50110000 	.word	0x50110000

10004248 <hw_endpoint_xfer_start>:
10004248:	2300      	movs	r3, #0
1000424a:	f04f 0c01 	mov.w	ip, #1
1000424e:	b510      	push	{r4, lr}
10004250:	6101      	str	r1, [r0, #16]
10004252:	f880 c01a 	strb.w	ip, [r0, #26]
10004256:	8282      	strh	r2, [r0, #20]
10004258:	82c3      	strh	r3, [r0, #22]
1000425a:	4604      	mov	r4, r0
1000425c:	f001 fec8 	bl	10005ff0 <__e15_is_bulkin_ep_veneer>
10004260:	b120      	cbz	r0, 1000426c <hw_endpoint_xfer_start+0x24>
10004262:	f44f 3200 	mov.w	r2, #131072	@ 0x20000
10004266:	4b07      	ldr	r3, [pc, #28]	@ (10004284 <hw_endpoint_xfer_start+0x3c>)
10004268:	f8c3 2090 	str.w	r2, [r3, #144]	@ 0x90
1000426c:	4620      	mov	r0, r4
1000426e:	f001 fec7 	bl	10006000 <__e15_is_critical_frame_period_veneer>
10004272:	b110      	cbz	r0, 1000427a <hw_endpoint_xfer_start+0x32>
10004274:	2301      	movs	r3, #1
10004276:	7723      	strb	r3, [r4, #28]
10004278:	bd10      	pop	{r4, pc}
1000427a:	4620      	mov	r0, r4
1000427c:	e8bd 4010 	ldmia.w	sp!, {r4, lr}
10004280:	f001 bea2 	b.w	10005fc8 <__hw_endpoint_start_next_buffer_veneer>
10004284:	50112000 	.word	0x50112000

10004288 <configuration_reset>:
10004288:	e92d 41f0 	stmdb	sp!, {r4, r5, r6, r7, r8, lr}
1000428c:	f04f 0800 	mov.w	r8, #0
10004290:	4c1b      	ldr	r4, [pc, #108]	@ (10004300 <configuration_reset+0x78>)
10004292:	4605      	mov	r5, r0
10004294:	4642      	mov	r2, r8
10004296:	7823      	ldrb	r3, [r4, #0]
10004298:	4f1a      	ldr	r7, [pc, #104]	@ (10004304 <configuration_reset+0x7c>)
1000429a:	4e1b      	ldr	r6, [pc, #108]	@ (10004308 <configuration_reset+0x80>)
1000429c:	e00d      	b.n	100042ba <configuration_reset+0x32>
1000429e:	6833      	ldr	r3, [r6, #0]
100042a0:	eb13 1342 	adds.w	r3, r3, r2, lsl #5
100042a4:	d023      	beq.n	100042ee <configuration_reset+0x66>
100042a6:	68db      	ldr	r3, [r3, #12]
100042a8:	4628      	mov	r0, r5
100042aa:	4798      	blx	r3
100042ac:	f108 0801 	add.w	r8, r8, #1
100042b0:	7823      	ldrb	r3, [r4, #0]
100042b2:	fa5f f288 	uxtb.w	r2, r8
100042b6:	4293      	cmp	r3, r2
100042b8:	d306      	bcc.n	100042c8 <configuration_reset+0x40>
100042ba:	4293      	cmp	r3, r2
100042bc:	eba2 0303 	sub.w	r3, r2, r3
100042c0:	d8ed      	bhi.n	1000429e <configuration_reset+0x16>
100042c2:	eb07 1343 	add.w	r3, r7, r3, lsl #5
100042c6:	e7ee      	b.n	100042a6 <configuration_reset+0x1e>
100042c8:	2254      	movs	r2, #84	@ 0x54
100042ca:	2100      	movs	r1, #0
100042cc:	480f      	ldr	r0, [pc, #60]	@ (1000430c <configuration_reset+0x84>)
100042ce:	f001 fd8d 	bl	10005dec <memset>
100042d2:	f04f 33ff 	mov.w	r3, #4294967295	@ 0xffffffff
100042d6:	4c0d      	ldr	r4, [pc, #52]	@ (1000430c <configuration_reset+0x84>)
100042d8:	2220      	movs	r2, #32
100042da:	e9c4 3301 	strd	r3, r3, [r4, #4]
100042de:	e9c4 3303 	strd	r3, r3, [r4, #12]
100042e2:	21ff      	movs	r1, #255	@ 0xff
100042e4:	e8bd 41f0 	ldmia.w	sp!, {r4, r5, r6, r7, r8, lr}
100042e8:	4809      	ldr	r0, [pc, #36]	@ (10004310 <configuration_reset+0x88>)
100042ea:	f001 bd7f 	b.w	10005dec <memset>
100042ee:	f04f 23e0 	mov.w	r3, #3758153728	@ 0xe000e000
100042f2:	f8d3 3df0 	ldr.w	r3, [r3, #3568]	@ 0xdf0
100042f6:	07db      	lsls	r3, r3, #31
100042f8:	d500      	bpl.n	100042fc <configuration_reset+0x74>
100042fa:	be00      	bkpt	0x0000
100042fc:	e8bd 81f0 	ldmia.w	sp!, {r4, r5, r6, r7, r8, pc}
10004300:	20001f0d 	.word	0x20001f0d
10004304:	10006514 	.word	0x10006514
10004308:	20001820 	.word	0x20001820
1000430c:	20001928 	.word	0x20001928
10004310:	2000193c 	.word	0x2000193c

10004314 <tud_event_hook_cb>:
10004314:	4770      	bx	lr
10004316:	bf00      	nop

10004318 <tud_sof_cb>:
10004318:	4770      	bx	lr
1000431a:	bf00      	nop

1000431c <tud_descriptor_device_qualifier_cb>:
1000431c:	2000      	movs	r0, #0
1000431e:	4770      	bx	lr

10004320 <tud_descriptor_other_speed_configuration_cb>:
10004320:	2000      	movs	r0, #0
10004322:	4770      	bx	lr

10004324 <tud_mount_cb>:
10004324:	4770      	bx	lr
10004326:	bf00      	nop

10004328 <tud_umount_cb>:
10004328:	4770      	bx	lr
1000432a:	bf00      	nop

1000432c <tud_suspend_cb>:
1000432c:	4770      	bx	lr
1000432e:	bf00      	nop

10004330 <tud_resume_cb>:
10004330:	4770      	bx	lr
10004332:	bf00      	nop

10004334 <tud_mounted>:
10004334:	4b02      	ldr	r3, [pc, #8]	@ (10004340 <tud_mounted+0xc>)
10004336:	7858      	ldrb	r0, [r3, #1]
10004338:	3800      	subs	r0, #0
1000433a:	bf18      	it	ne
1000433c:	2001      	movne	r0, #1
1000433e:	4770      	bx	lr
10004340:	20001928 	.word	0x20001928

10004344 <tud_suspended>:
10004344:	4b02      	ldr	r3, [pc, #8]	@ (10004350 <tud_suspended+0xc>)
10004346:	7818      	ldrb	r0, [r3, #0]
10004348:	f3c0 0080 	ubfx	r0, r0, #2, #1
1000434c:	4770      	bx	lr
1000434e:	bf00      	nop
10004350:	20001928 	.word	0x20001928

10004354 <tud_rhport_init>:
10004354:	e92d 47f0 	stmdb	sp!, {r4, r5, r6, r7, r8, r9, sl, lr}
10004358:	4f2d      	ldr	r7, [pc, #180]	@ (10004410 <tud_rhport_init+0xbc>)
1000435a:	783b      	ldrb	r3, [r7, #0]
1000435c:	2bff      	cmp	r3, #255	@ 0xff
1000435e:	d154      	bne.n	1000440a <tud_rhport_init+0xb6>
10004360:	2900      	cmp	r1, #0
10004362:	d03d      	beq.n	100043e0 <tud_rhport_init+0x8c>
10004364:	2254      	movs	r2, #84	@ 0x54
10004366:	468a      	mov	sl, r1
10004368:	4681      	mov	r9, r0
1000436a:	2100      	movs	r1, #0
1000436c:	4829      	ldr	r0, [pc, #164]	@ (10004414 <tud_rhport_init+0xc0>)
1000436e:	f001 fd3d 	bl	10005dec <memset>
10004372:	2200      	movs	r2, #0
10004374:	4c28      	ldr	r4, [pc, #160]	@ (10004418 <tud_rhport_init+0xc4>)
10004376:	4b29      	ldr	r3, [pc, #164]	@ (1000441c <tud_rhport_init+0xc8>)
10004378:	4620      	mov	r0, r4
1000437a:	701a      	strb	r2, [r3, #0]
1000437c:	f7fc fc84 	bl	10000c88 <mutex_init>
10004380:	4b27      	ldr	r3, [pc, #156]	@ (10004420 <tud_rhport_init+0xcc>)
10004382:	4828      	ldr	r0, [pc, #160]	@ (10004424 <tud_rhport_init+0xd0>)
10004384:	601c      	str	r4, [r3, #0]
10004386:	4c28      	ldr	r4, [pc, #160]	@ (10004428 <tud_rhport_init+0xd4>)
10004388:	f7fc fc8c 	bl	10000ca4 <critical_section_init>
1000438c:	4620      	mov	r0, r4
1000438e:	f001 fbdd 	bl	10005b4c <tu_fifo_clear>
10004392:	4a26      	ldr	r2, [pc, #152]	@ (1000442c <tud_rhport_init+0xd8>)
10004394:	4b26      	ldr	r3, [pc, #152]	@ (10004430 <tud_rhport_init+0xdc>)
10004396:	6014      	str	r4, [r2, #0]
10004398:	b123      	cbz	r3, 100043a4 <tud_rhport_init+0x50>
1000439a:	4826      	ldr	r0, [pc, #152]	@ (10004434 <tud_rhport_init+0xe0>)
1000439c:	f7ff fdf0 	bl	10003f80 <usbd_app_driver_get_cb>
100043a0:	4b25      	ldr	r3, [pc, #148]	@ (10004438 <tud_rhport_init+0xe4>)
100043a2:	6018      	str	r0, [r3, #0]
100043a4:	f04f 0800 	mov.w	r8, #0
100043a8:	4c22      	ldr	r4, [pc, #136]	@ (10004434 <tud_rhport_init+0xe0>)
100043aa:	4643      	mov	r3, r8
100043ac:	7822      	ldrb	r2, [r4, #0]
100043ae:	4e23      	ldr	r6, [pc, #140]	@ (1000443c <tud_rhport_init+0xe8>)
100043b0:	4d21      	ldr	r5, [pc, #132]	@ (10004438 <tud_rhport_init+0xe4>)
100043b2:	e00d      	b.n	100043d0 <tud_rhport_init+0x7c>
100043b4:	682a      	ldr	r2, [r5, #0]
100043b6:	eb12 1343 	adds.w	r3, r2, r3, lsl #5
100043ba:	d011      	beq.n	100043e0 <tud_rhport_init+0x8c>
100043bc:	685b      	ldr	r3, [r3, #4]
100043be:	b17b      	cbz	r3, 100043e0 <tud_rhport_init+0x8c>
100043c0:	4798      	blx	r3
100043c2:	f108 0801 	add.w	r8, r8, #1
100043c6:	7822      	ldrb	r2, [r4, #0]
100043c8:	fa5f f388 	uxtb.w	r3, r8
100043cc:	4293      	cmp	r3, r2
100043ce:	d811      	bhi.n	100043f4 <tud_rhport_init+0xa0>
100043d0:	4293      	cmp	r3, r2
100043d2:	d3ef      	bcc.n	100043b4 <tud_rhport_init+0x60>
100043d4:	1a9b      	subs	r3, r3, r2
100043d6:	eb06 1343 	add.w	r3, r6, r3, lsl #5
100043da:	685b      	ldr	r3, [r3, #4]
100043dc:	2b00      	cmp	r3, #0
100043de:	d1ef      	bne.n	100043c0 <tud_rhport_init+0x6c>
100043e0:	f04f 23e0 	mov.w	r3, #3758153728	@ 0xe000e000
100043e4:	f8d3 3df0 	ldr.w	r3, [r3, #3568]	@ 0xdf0
100043e8:	07db      	lsls	r3, r3, #31
100043ea:	d500      	bpl.n	100043ee <tud_rhport_init+0x9a>
100043ec:	be00      	bkpt	0x0000
100043ee:	2000      	movs	r0, #0
100043f0:	e8bd 87f0 	ldmia.w	sp!, {r4, r5, r6, r7, r8, r9, sl, pc}
100043f4:	4651      	mov	r1, sl
100043f6:	4648      	mov	r0, r9
100043f8:	f887 9000 	strb.w	r9, [r7]
100043fc:	f7ff fdd4 	bl	10003fa8 <dcd_init>
10004400:	2800      	cmp	r0, #0
10004402:	d0ed      	beq.n	100043e0 <tud_rhport_init+0x8c>
10004404:	4648      	mov	r0, r9
10004406:	f7ff fe1d 	bl	10004044 <dcd_int_enable>
1000440a:	2001      	movs	r0, #1
1000440c:	e8bd 87f0 	ldmia.w	sp!, {r4, r5, r6, r7, r8, r9, sl, pc}
10004410:	200015b0 	.word	0x200015b0
10004414:	20001928 	.word	0x20001928
10004418:	20001920 	.word	0x20001920
1000441c:	20001f0f 	.word	0x20001f0f
10004420:	2000197c 	.word	0x2000197c
10004424:	200015a8 	.word	0x200015a8
10004428:	20001594 	.word	0x20001594
1000442c:	20001980 	.word	0x20001980
10004430:	10003f81 	.word	0x10003f81
10004434:	20001f0d 	.word	0x20001f0d
10004438:	20001820 	.word	0x20001820
1000443c:	10006514 	.word	0x10006514

10004440 <tud_task_ext>:
10004440:	4ba4      	ldr	r3, [pc, #656]	@ (100046d4 <tud_task_ext+0x294>)
10004442:	781b      	ldrb	r3, [r3, #0]
10004444:	2bff      	cmp	r3, #255	@ 0xff
10004446:	f000 8112 	beq.w	1000466e <tud_task_ext+0x22e>
1000444a:	e92d 4ff0 	stmdb	sp!, {r4, r5, r6, r7, r8, r9, sl, fp, lr}
1000444e:	4ca2      	ldr	r4, [pc, #648]	@ (100046d8 <tud_task_ext+0x298>)
10004450:	4da2      	ldr	r5, [pc, #648]	@ (100046dc <tud_task_ext+0x29c>)
10004452:	f8df 829c 	ldr.w	r8, [pc, #668]	@ 100046f0 <tud_task_ext+0x2b0>
10004456:	4ea2      	ldr	r6, [pc, #648]	@ (100046e0 <tud_task_ext+0x2a0>)
10004458:	b08b      	sub	sp, #44	@ 0x2c
1000445a:	6827      	ldr	r7, [r4, #0]
1000445c:	697b      	ldr	r3, [r7, #20]
1000445e:	f3ef 8210 	mrs	r2, PRIMASK
10004462:	b672      	cpsid	i
10004464:	e8d3 0fcf 	ldaexb	r0, [r3]
10004468:	2101      	movs	r1, #1
1000446a:	2800      	cmp	r0, #0
1000446c:	d1fa      	bne.n	10004464 <tud_task_ext+0x24>
1000446e:	e8c3 1f40 	strexb	r0, r1, [r3]
10004472:	2800      	cmp	r0, #0
10004474:	d1f6      	bne.n	10004464 <tud_task_ext+0x24>
10004476:	f3bf 8f5f 	dmb	sy
1000447a:	61ba      	str	r2, [r7, #24]
1000447c:	4638      	mov	r0, r7
1000447e:	a907      	add	r1, sp, #28
10004480:	f001 f9aa 	bl	100057d8 <tu_fifo_read>
10004484:	2300      	movs	r3, #0
10004486:	697a      	ldr	r2, [r7, #20]
10004488:	e8c2 3f8f 	stlb	r3, [r2]
1000448c:	69bb      	ldr	r3, [r7, #24]
1000448e:	f383 8810 	msr	PRIMASK, r3
10004492:	2800      	cmp	r0, #0
10004494:	f000 80c6 	beq.w	10004624 <tud_task_ext+0x1e4>
10004498:	f89d 301d 	ldrb.w	r3, [sp, #29]
1000449c:	3b01      	subs	r3, #1
1000449e:	2b07      	cmp	r3, #7
100044a0:	f200 8383 	bhi.w	10004baa <tud_task_ext+0x76a>
100044a4:	e8df f003 	tbb	[pc, r3]
100044a8:	9991ada3 	.word	0x9991ada3
100044ac:	040a358a 	.word	0x040a358a
100044b0:	9b08      	ldr	r3, [sp, #32]
100044b2:	2b00      	cmp	r3, #0
100044b4:	d0d1      	beq.n	1000445a <tud_task_ext+0x1a>
100044b6:	9809      	ldr	r0, [sp, #36]	@ 0x24
100044b8:	4798      	blx	r3
100044ba:	e7ce      	b.n	1000445a <tud_task_ext+0x1a>
100044bc:	f89d 1020 	ldrb.w	r1, [sp, #32]
100044c0:	f001 077f 	and.w	r7, r1, #127	@ 0x7f
100044c4:	eb05 0047 	add.w	r0, r5, r7, lsl #1
100044c8:	eb00 10d1 	add.w	r0, r0, r1, lsr #7
100044cc:	f890 3034 	ldrb.w	r3, [r0, #52]	@ 0x34
100044d0:	f023 0301 	bic.w	r3, r3, #1
100044d4:	f880 3034 	strb.w	r3, [r0, #52]	@ 0x34
100044d8:	f890 3034 	ldrb.w	r3, [r0, #52]	@ 0x34
100044dc:	f023 0304 	bic.w	r3, r3, #4
100044e0:	f880 3034 	strb.w	r3, [r0, #52]	@ 0x34
100044e4:	2f00      	cmp	r7, #0
100044e6:	f000 80a0 	beq.w	1000462a <tud_task_ext+0x1ea>
100044ea:	7d02      	ldrb	r2, [r0, #20]
100044ec:	f898 3000 	ldrb.w	r3, [r8]
100044f0:	429a      	cmp	r2, r3
100044f2:	f080 808f 	bcs.w	10004614 <tud_task_ext+0x1d4>
100044f6:	4b7b      	ldr	r3, [pc, #492]	@ (100046e4 <tud_task_ext+0x2a4>)
100044f8:	681b      	ldr	r3, [r3, #0]
100044fa:	eb13 1342 	adds.w	r3, r3, r2, lsl #5
100044fe:	f000 808a 	beq.w	10004616 <tud_task_ext+0x1d6>
10004502:	699f      	ldr	r7, [r3, #24]
10004504:	f89d 2021 	ldrb.w	r2, [sp, #33]	@ 0x21
10004508:	9b09      	ldr	r3, [sp, #36]	@ 0x24
1000450a:	f89d 001c 	ldrb.w	r0, [sp, #28]
1000450e:	47b8      	blx	r7
10004510:	e7a3      	b.n	1000445a <tud_task_ext+0x1a>
10004512:	7833      	ldrb	r3, [r6, #0]
10004514:	2b00      	cmp	r3, #0
10004516:	d07e      	beq.n	10004616 <tud_task_ext+0x1d6>
10004518:	7833      	ldrb	r3, [r6, #0]
1000451a:	3b01      	subs	r3, #1
1000451c:	7033      	strb	r3, [r6, #0]
1000451e:	7833      	ldrb	r3, [r6, #0]
10004520:	f003 00ff 	and.w	r0, r3, #255	@ 0xff
10004524:	2b00      	cmp	r3, #0
10004526:	d198      	bne.n	1000445a <tud_task_ext+0x1a>
10004528:	f8df a1b0 	ldr.w	sl, [pc, #432]	@ 100046dc <tud_task_ext+0x29c>
1000452c:	f89d b01c 	ldrb.w	fp, [sp, #28]
10004530:	f89a 3000 	ldrb.w	r3, [sl]
10004534:	f043 0301 	orr.w	r3, r3, #1
10004538:	f88a 3000 	strb.w	r3, [sl]
1000453c:	f89a 3034 	ldrb.w	r3, [sl, #52]	@ 0x34
10004540:	f360 0300 	bfi	r3, r0, #0, #1
10004544:	f88a 3034 	strb.w	r3, [sl, #52]	@ 0x34
10004548:	f89a 3034 	ldrb.w	r3, [sl, #52]	@ 0x34
1000454c:	f360 0382 	bfi	r3, r0, #2, #1
10004550:	f88a 3034 	strb.w	r3, [sl, #52]	@ 0x34
10004554:	f89a 3035 	ldrb.w	r3, [sl, #53]	@ 0x35
10004558:	f360 0300 	bfi	r3, r0, #0, #1
1000455c:	f88a 3035 	strb.w	r3, [sl, #53]	@ 0x35
10004560:	f89a 3035 	ldrb.w	r3, [sl, #53]	@ 0x35
10004564:	f360 0382 	bfi	r3, r0, #2, #1
10004568:	f88a 3035 	strb.w	r3, [sl, #53]	@ 0x35
1000456c:	f000 fc88 	bl	10004e80 <usbd_control_set_complete_callback>
10004570:	f89d 3020 	ldrb.w	r3, [sp, #32]
10004574:	f003 0260 	and.w	r2, r3, #96	@ 0x60
10004578:	2a60      	cmp	r2, #96	@ 0x60
1000457a:	d066      	beq.n	1000464a <tud_task_ext+0x20a>
1000457c:	2a40      	cmp	r2, #64	@ 0x40
1000457e:	d077      	beq.n	10004670 <tud_task_ext+0x230>
10004580:	f003 031f 	and.w	r3, r3, #31
10004584:	2b01      	cmp	r3, #1
10004586:	f000 80b5 	beq.w	100046f4 <tud_task_ext+0x2b4>
1000458a:	2b02      	cmp	r3, #2
1000458c:	d07c      	beq.n	10004688 <tud_task_ext+0x248>
1000458e:	2b00      	cmp	r3, #0
10004590:	d15b      	bne.n	1000464a <tud_task_ext+0x20a>
10004592:	2a20      	cmp	r2, #32
10004594:	f000 81e7 	beq.w	10004966 <tud_task_ext+0x526>
10004598:	2a00      	cmp	r2, #0
1000459a:	d156      	bne.n	1000464a <tud_task_ext+0x20a>
1000459c:	f89d 3021 	ldrb.w	r3, [sp, #33]	@ 0x21
100045a0:	2b09      	cmp	r3, #9
100045a2:	d852      	bhi.n	1000464a <tud_task_ext+0x20a>
100045a4:	e8df f013 	tbh	[pc, r3, lsl #1]
100045a8:	019b01ab 	.word	0x019b01ab
100045ac:	01bd0051 	.word	0x01bd0051
100045b0:	018c0051 	.word	0x018c0051
100045b4:	00510162 	.word	0x00510162
100045b8:	00e70156 	.word	0x00e70156
100045bc:	782b      	ldrb	r3, [r5, #0]
100045be:	07d9      	lsls	r1, r3, #31
100045c0:	f57f af4b 	bpl.w	1000445a <tud_task_ext+0x1a>
100045c4:	f7ff feb4 	bl	10004330 <tud_resume_cb>
100045c8:	e747      	b.n	1000445a <tud_task_ext+0x1a>
100045ca:	78eb      	ldrb	r3, [r5, #3]
100045cc:	07da      	lsls	r2, r3, #31
100045ce:	f57f af44 	bpl.w	1000445a <tud_task_ext+0x1a>
100045d2:	9808      	ldr	r0, [sp, #32]
100045d4:	f7ff fea0 	bl	10004318 <tud_sof_cb>
100045d8:	e73f      	b.n	1000445a <tud_task_ext+0x1a>
100045da:	782b      	ldrb	r3, [r5, #0]
100045dc:	07d8      	lsls	r0, r3, #31
100045de:	f57f af3c 	bpl.w	1000445a <tud_task_ext+0x1a>
100045e2:	7828      	ldrb	r0, [r5, #0]
100045e4:	f3c0 00c0 	ubfx	r0, r0, #3, #1
100045e8:	f7ff fea0 	bl	1000432c <tud_suspend_cb>
100045ec:	e735      	b.n	1000445a <tud_task_ext+0x1a>
100045ee:	f89d 001c 	ldrb.w	r0, [sp, #28]
100045f2:	f7ff fe49 	bl	10004288 <configuration_reset>
100045f6:	f000 fc39 	bl	10004e6c <usbd_control_reset>
100045fa:	f89d 3020 	ldrb.w	r3, [sp, #32]
100045fe:	70ab      	strb	r3, [r5, #2]
10004600:	e72b      	b.n	1000445a <tud_task_ext+0x1a>
10004602:	f89d 001c 	ldrb.w	r0, [sp, #28]
10004606:	f7ff fe3f 	bl	10004288 <configuration_reset>
1000460a:	f000 fc2f 	bl	10004e6c <usbd_control_reset>
1000460e:	f7ff fe8b 	bl	10004328 <tud_umount_cb>
10004612:	e722      	b.n	1000445a <tud_task_ext+0x1a>
10004614:	d011      	beq.n	1000463a <tud_task_ext+0x1fa>
10004616:	f04f 23e0 	mov.w	r3, #3758153728	@ 0xe000e000
1000461a:	f8d3 3df0 	ldr.w	r3, [r3, #3568]	@ 0xdf0
1000461e:	07dc      	lsls	r4, r3, #31
10004620:	d500      	bpl.n	10004624 <tud_task_ext+0x1e4>
10004622:	be00      	bkpt	0x0000
10004624:	b00b      	add	sp, #44	@ 0x2c
10004626:	e8bd 8ff0 	ldmia.w	sp!, {r4, r5, r6, r7, r8, r9, sl, fp, pc}
1000462a:	9b09      	ldr	r3, [sp, #36]	@ 0x24
1000462c:	f89d 2021 	ldrb.w	r2, [sp, #33]	@ 0x21
10004630:	f89d 001c 	ldrb.w	r0, [sp, #28]
10004634:	f000 fc38 	bl	10004ea8 <usbd_control_xfer_cb>
10004638:	e70f      	b.n	1000445a <tud_task_ext+0x1a>
1000463a:	4b2b      	ldr	r3, [pc, #172]	@ (100046e8 <tud_task_ext+0x2a8>)
1000463c:	e761      	b.n	10004502 <tud_task_ext+0xc2>
1000463e:	f7ff fb1f 	bl	10003c80 <tud_descriptor_configuration_cb>
10004642:	4602      	mov	r2, r0
10004644:	2800      	cmp	r0, #0
10004646:	f040 8185 	bne.w	10004954 <tud_task_ext+0x514>
1000464a:	f04f 23e0 	mov.w	r3, #3758153728	@ 0xe000e000
1000464e:	f8d3 3df0 	ldr.w	r3, [r3, #3568]	@ 0xdf0
10004652:	07df      	lsls	r7, r3, #31
10004654:	d500      	bpl.n	10004658 <tud_task_ext+0x218>
10004656:	be00      	bkpt	0x0000
10004658:	f89d 001c 	ldrb.w	r0, [sp, #28]
1000465c:	2100      	movs	r1, #0
1000465e:	f7ff fda9 	bl	100041b4 <dcd_edpt_stall>
10004662:	2180      	movs	r1, #128	@ 0x80
10004664:	f89d 001c 	ldrb.w	r0, [sp, #28]
10004668:	f7ff fda4 	bl	100041b4 <dcd_edpt_stall>
1000466c:	e6f5      	b.n	1000445a <tud_task_ext+0x1a>
1000466e:	4770      	bx	lr
10004670:	481e      	ldr	r0, [pc, #120]	@ (100046ec <tud_task_ext+0x2ac>)
10004672:	f000 fc05 	bl	10004e80 <usbd_control_set_complete_callback>
10004676:	2101      	movs	r1, #1
10004678:	4658      	mov	r0, fp
1000467a:	aa08      	add	r2, sp, #32
1000467c:	f7ff fc6c 	bl	10003f58 <tud_vendor_control_xfer_cb>
10004680:	2800      	cmp	r0, #0
10004682:	f47f aeea 	bne.w	1000445a <tud_task_ext+0x1a>
10004686:	e7e7      	b.n	10004658 <tud_task_ext+0x218>
10004688:	f89d 1024 	ldrb.w	r1, [sp, #36]	@ 0x24
1000468c:	f011 0f70 	tst.w	r1, #112	@ 0x70
10004690:	d1db      	bne.n	1000464a <tud_task_ext+0x20a>
10004692:	4817      	ldr	r0, [pc, #92]	@ (100046f0 <tud_task_ext+0x2b0>)
10004694:	f001 037f 	and.w	r3, r1, #127	@ 0x7f
10004698:	f890 c000 	ldrb.w	ip, [r0]
1000469c:	eb0a 0043 	add.w	r0, sl, r3, lsl #1
100046a0:	eb00 10d1 	add.w	r0, r0, r1, lsr #7
100046a4:	7d00      	ldrb	r0, [r0, #20]
100046a6:	4560      	cmp	r0, ip
100046a8:	d351      	bcc.n	1000474e <tud_task_ext+0x30e>
100046aa:	f040 816e 	bne.w	1000498a <tud_task_ext+0x54a>
100046ae:	480e      	ldr	r0, [pc, #56]	@ (100046e8 <tud_task_ext+0x2a8>)
100046b0:	9000      	str	r0, [sp, #0]
100046b2:	2a00      	cmp	r2, #0
100046b4:	f000 816d 	beq.w	10004992 <tud_task_ext+0x552>
100046b8:	9f00      	ldr	r7, [sp, #0]
100046ba:	6978      	ldr	r0, [r7, #20]
100046bc:	f000 fbe0 	bl	10004e80 <usbd_control_set_complete_callback>
100046c0:	2101      	movs	r1, #1
100046c2:	4658      	mov	r0, fp
100046c4:	697b      	ldr	r3, [r7, #20]
100046c6:	aa08      	add	r2, sp, #32
100046c8:	4798      	blx	r3
100046ca:	2800      	cmp	r0, #0
100046cc:	f47f aec5 	bne.w	1000445a <tud_task_ext+0x1a>
100046d0:	e7c2      	b.n	10004658 <tud_task_ext+0x218>
100046d2:	bf00      	nop
100046d4:	200015b0 	.word	0x200015b0
100046d8:	20001980 	.word	0x20001980
100046dc:	20001928 	.word	0x20001928
100046e0:	20001f0f 	.word	0x20001f0f
100046e4:	20001820 	.word	0x20001820
100046e8:	10006514 	.word	0x10006514
100046ec:	10003f59 	.word	0x10003f59
100046f0:	20001f0d 	.word	0x20001f0d
100046f4:	f89d 3024 	ldrb.w	r3, [sp, #36]	@ 0x24
100046f8:	2b0f      	cmp	r3, #15
100046fa:	d8ad      	bhi.n	10004658 <tud_task_ext+0x218>
100046fc:	4ab1      	ldr	r2, [pc, #708]	@ (100049c4 <tud_task_ext+0x584>)
100046fe:	4453      	add	r3, sl
10004700:	791b      	ldrb	r3, [r3, #4]
10004702:	7812      	ldrb	r2, [r2, #0]
10004704:	4293      	cmp	r3, r2
10004706:	d330      	bcc.n	1000476a <tud_task_ext+0x32a>
10004708:	d1a6      	bne.n	10004658 <tud_task_ext+0x218>
1000470a:	4faf      	ldr	r7, [pc, #700]	@ (100049c8 <tud_task_ext+0x588>)
1000470c:	6978      	ldr	r0, [r7, #20]
1000470e:	f000 fbb7 	bl	10004e80 <usbd_control_set_complete_callback>
10004712:	2101      	movs	r1, #1
10004714:	4658      	mov	r0, fp
10004716:	697b      	ldr	r3, [r7, #20]
10004718:	aa08      	add	r2, sp, #32
1000471a:	4798      	blx	r3
1000471c:	2800      	cmp	r0, #0
1000471e:	f47f ae9c 	bne.w	1000445a <tud_task_ext+0x1a>
10004722:	f89d 3020 	ldrb.w	r3, [sp, #32]
10004726:	f013 0760 	ands.w	r7, r3, #96	@ 0x60
1000472a:	d195      	bne.n	10004658 <tud_task_ext+0x218>
1000472c:	f89d 3021 	ldrb.w	r3, [sp, #33]	@ 0x21
10004730:	3b0a      	subs	r3, #10
10004732:	2b01      	cmp	r3, #1
10004734:	d890      	bhi.n	10004658 <tud_task_ext+0x218>
10004736:	f000 fba3 	bl	10004e80 <usbd_control_set_complete_callback>
1000473a:	f89d 3021 	ldrb.w	r3, [sp, #33]	@ 0x21
1000473e:	2b0a      	cmp	r3, #10
10004740:	f000 820d 	beq.w	10004b5e <tud_task_ext+0x71e>
10004744:	4658      	mov	r0, fp
10004746:	a908      	add	r1, sp, #32
10004748:	f000 fb1a 	bl	10004d80 <tud_control_status>
1000474c:	e685      	b.n	1000445a <tud_task_ext+0x1a>
1000474e:	f8df c27c 	ldr.w	ip, [pc, #636]	@ 100049cc <tud_task_ext+0x58c>
10004752:	f8dc c000 	ldr.w	ip, [ip]
10004756:	eb0c 1040 	add.w	r0, ip, r0, lsl #5
1000475a:	9000      	str	r0, [sp, #0]
1000475c:	2a00      	cmp	r2, #0
1000475e:	f000 8118 	beq.w	10004992 <tud_task_ext+0x552>
10004762:	2800      	cmp	r0, #0
10004764:	f43f af78 	beq.w	10004658 <tud_task_ext+0x218>
10004768:	e7a6      	b.n	100046b8 <tud_task_ext+0x278>
1000476a:	4a98      	ldr	r2, [pc, #608]	@ (100049cc <tud_task_ext+0x58c>)
1000476c:	6817      	ldr	r7, [r2, #0]
1000476e:	eb17 1743 	adds.w	r7, r7, r3, lsl #5
10004772:	d1cb      	bne.n	1000470c <tud_task_ext+0x2cc>
10004774:	e770      	b.n	10004658 <tud_task_ext+0x218>
10004776:	f89a 2001 	ldrb.w	r2, [sl, #1]
1000477a:	f89d 3022 	ldrb.w	r3, [sp, #34]	@ 0x22
1000477e:	4293      	cmp	r3, r2
10004780:	f000 815d 	beq.w	10004a3e <tud_task_ext+0x5fe>
10004784:	f89a 2001 	ldrb.w	r2, [sl, #1]
10004788:	2a00      	cmp	r2, #0
1000478a:	f040 81d2 	bne.w	10004b32 <tud_task_ext+0x6f2>
1000478e:	f88a 3001 	strb.w	r3, [sl, #1]
10004792:	2b00      	cmp	r3, #0
10004794:	f000 8151 	beq.w	10004a3a <tud_task_ext+0x5fa>
10004798:	3b01      	subs	r3, #1
1000479a:	b2d8      	uxtb	r0, r3
1000479c:	f7ff fa70 	bl	10003c80 <tud_descriptor_configuration_cb>
100047a0:	2800      	cmp	r0, #0
100047a2:	f000 816e 	beq.w	10004a82 <tud_task_ext+0x642>
100047a6:	7843      	ldrb	r3, [r0, #1]
100047a8:	2b02      	cmp	r3, #2
100047aa:	f040 816a 	bne.w	10004a82 <tud_task_ext+0x642>
100047ae:	79c2      	ldrb	r2, [r0, #7]
100047b0:	f89a 1000 	ldrb.w	r1, [sl]
100047b4:	f3c2 1340 	ubfx	r3, r2, #5, #1
100047b8:	011b      	lsls	r3, r3, #4
100047ba:	f3c2 1280 	ubfx	r2, r2, #6, #1
100047be:	f021 0130 	bic.w	r1, r1, #48	@ 0x30
100047c2:	ea43 1342 	orr.w	r3, r3, r2, lsl #5
100047c6:	430b      	orrs	r3, r1
100047c8:	f88a 3000 	strb.w	r3, [sl]
100047cc:	8843      	ldrh	r3, [r0, #2]
100047ce:	f100 0109 	add.w	r1, r0, #9
100047d2:	18c3      	adds	r3, r0, r3
100047d4:	9302      	str	r3, [sp, #8]
100047d6:	9b02      	ldr	r3, [sp, #8]
100047d8:	428b      	cmp	r3, r1
100047da:	f240 81bd 	bls.w	10004b58 <tud_task_ext+0x718>
100047de:	784b      	ldrb	r3, [r1, #1]
100047e0:	2b0b      	cmp	r3, #11
100047e2:	f000 81c6 	beq.w	10004b72 <tud_task_ext+0x732>
100047e6:	2001      	movs	r0, #1
100047e8:	2b04      	cmp	r3, #4
100047ea:	f040 814a 	bne.w	10004a82 <tud_task_ext+0x642>
100047ee:	2200      	movs	r2, #0
100047f0:	9b02      	ldr	r3, [sp, #8]
100047f2:	9201      	str	r2, [sp, #4]
100047f4:	1a5b      	subs	r3, r3, r1
100047f6:	fa1f f983 	uxth.w	r9, r3
100047fa:	4b72      	ldr	r3, [pc, #456]	@ (100049c4 <tud_task_ext+0x584>)
100047fc:	9200      	str	r2, [sp, #0]
100047fe:	781b      	ldrb	r3, [r3, #0]
10004800:	9003      	str	r0, [sp, #12]
10004802:	e01e      	b.n	10004842 <tud_task_ext+0x402>
10004804:	4b71      	ldr	r3, [pc, #452]	@ (100049cc <tud_task_ext+0x58c>)
10004806:	681b      	ldr	r3, [r3, #0]
10004808:	eb13 1342 	adds.w	r3, r3, r2, lsl #5
1000480c:	f000 8139 	beq.w	10004a82 <tud_task_ext+0x642>
10004810:	691f      	ldr	r7, [r3, #16]
10004812:	464a      	mov	r2, r9
10004814:	4658      	mov	r0, fp
10004816:	9105      	str	r1, [sp, #20]
10004818:	9304      	str	r3, [sp, #16]
1000481a:	47b8      	blx	r7
1000481c:	9b01      	ldr	r3, [sp, #4]
1000481e:	2808      	cmp	r0, #8
10004820:	f103 0301 	add.w	r3, r3, #1
10004824:	9905      	ldr	r1, [sp, #20]
10004826:	9301      	str	r3, [sp, #4]
10004828:	d903      	bls.n	10004832 <tud_task_ext+0x3f2>
1000482a:	4581      	cmp	r9, r0
1000482c:	9b04      	ldr	r3, [sp, #16]
1000482e:	f080 810b 	bcs.w	10004a48 <tud_task_ext+0x608>
10004832:	4b64      	ldr	r3, [pc, #400]	@ (100049c4 <tud_task_ext+0x584>)
10004834:	f89d 2004 	ldrb.w	r2, [sp, #4]
10004838:	781b      	ldrb	r3, [r3, #0]
1000483a:	9200      	str	r2, [sp, #0]
1000483c:	4293      	cmp	r3, r2
1000483e:	f0c0 8120 	bcc.w	10004a82 <tud_task_ext+0x642>
10004842:	9a00      	ldr	r2, [sp, #0]
10004844:	4293      	cmp	r3, r2
10004846:	eba2 0303 	sub.w	r3, r2, r3
1000484a:	d8db      	bhi.n	10004804 <tud_task_ext+0x3c4>
1000484c:	4a5e      	ldr	r2, [pc, #376]	@ (100049c8 <tud_task_ext+0x588>)
1000484e:	eb02 1343 	add.w	r3, r2, r3, lsl #5
10004852:	e7dd      	b.n	10004810 <tud_task_ext+0x3d0>
10004854:	f89a 3001 	ldrb.w	r3, [sl, #1]
10004858:	4658      	mov	r0, fp
1000485a:	f88d 301a 	strb.w	r3, [sp, #26]
1000485e:	f10d 021a 	add.w	r2, sp, #26
10004862:	2301      	movs	r3, #1
10004864:	a908      	add	r1, sp, #32
10004866:	f000 faa7 	bl	10004db8 <tud_control_xfer>
1000486a:	e5f6      	b.n	1000445a <tud_task_ext+0x1a>
1000486c:	f8bd 0022 	ldrh.w	r0, [sp, #34]	@ 0x22
10004870:	0a03      	lsrs	r3, r0, #8
10004872:	1e5a      	subs	r2, r3, #1
10004874:	b2c0      	uxtb	r0, r0
10004876:	2a0e      	cmp	r2, #14
10004878:	f63f aeee 	bhi.w	10004658 <tud_task_ext+0x218>
1000487c:	a101      	add	r1, pc, #4	@ (adr r1, 10004884 <tud_task_ext+0x444>)
1000487e:	f851 f022 	ldr.w	pc, [r1, r2, lsl #2]
10004882:	bf00      	nop
10004884:	10004ab5 	.word	0x10004ab5
10004888:	10004943 	.word	0x10004943
1000488c:	10004af1 	.word	0x10004af1
10004890:	10004659 	.word	0x10004659
10004894:	10004659 	.word	0x10004659
10004898:	10004ad3 	.word	0x10004ad3
1000489c:	10004943 	.word	0x10004943
100048a0:	10004659 	.word	0x10004659
100048a4:	10004659 	.word	0x10004659
100048a8:	10004659 	.word	0x10004659
100048ac:	10004659 	.word	0x10004659
100048b0:	10004659 	.word	0x10004659
100048b4:	10004659 	.word	0x10004659
100048b8:	10004659 	.word	0x10004659
100048bc:	10004aa7 	.word	0x10004aa7
100048c0:	a808      	add	r0, sp, #32
100048c2:	f000 fae3 	bl	10004e8c <usbd_control_set_request>
100048c6:	4658      	mov	r0, fp
100048c8:	f89d 1022 	ldrb.w	r1, [sp, #34]	@ 0x22
100048cc:	f7ff fbbe 	bl	1000404c <dcd_set_address>
100048d0:	f89a 3000 	ldrb.w	r3, [sl]
100048d4:	f043 0302 	orr.w	r3, r3, #2
100048d8:	f88a 3000 	strb.w	r3, [sl]
100048dc:	e5bd      	b.n	1000445a <tud_task_ext+0x1a>
100048de:	f8bd 3022 	ldrh.w	r3, [sp, #34]	@ 0x22
100048e2:	2b01      	cmp	r3, #1
100048e4:	f47f aeb8 	bne.w	10004658 <tud_task_ext+0x218>
100048e8:	f89a 3000 	ldrb.w	r3, [sl]
100048ec:	4658      	mov	r0, fp
100048ee:	f023 0308 	bic.w	r3, r3, #8
100048f2:	a908      	add	r1, sp, #32
100048f4:	f88a 3000 	strb.w	r3, [sl]
100048f8:	f000 fa42 	bl	10004d80 <tud_control_status>
100048fc:	e5ad      	b.n	1000445a <tud_task_ext+0x1a>
100048fe:	4658      	mov	r0, fp
10004900:	f89a 3000 	ldrb.w	r3, [sl]
10004904:	089a      	lsrs	r2, r3, #2
10004906:	f002 0202 	and.w	r2, r2, #2
1000490a:	f3c3 1340 	ubfx	r3, r3, #5, #1
1000490e:	4313      	orrs	r3, r2
10004910:	f8ad 301a 	strh.w	r3, [sp, #26]
10004914:	f10d 021a 	add.w	r2, sp, #26
10004918:	2302      	movs	r3, #2
1000491a:	a908      	add	r1, sp, #32
1000491c:	f000 fa4c 	bl	10004db8 <tud_control_xfer>
10004920:	e59b      	b.n	1000445a <tud_task_ext+0x1a>
10004922:	f8bd 3022 	ldrh.w	r3, [sp, #34]	@ 0x22
10004926:	2b01      	cmp	r3, #1
10004928:	f47f ae96 	bne.w	10004658 <tud_task_ext+0x218>
1000492c:	f89a 3000 	ldrb.w	r3, [sl]
10004930:	4658      	mov	r0, fp
10004932:	f043 0308 	orr.w	r3, r3, #8
10004936:	a908      	add	r1, sp, #32
10004938:	f88a 3000 	strb.w	r3, [sl]
1000493c:	f000 fa20 	bl	10004d80 <tud_control_status>
10004940:	e58b      	b.n	1000445a <tud_task_ext+0x1a>
10004942:	2b02      	cmp	r3, #2
10004944:	f43f ae7b 	beq.w	1000463e <tud_task_ext+0x1fe>
10004948:	f7ff fcea 	bl	10004320 <tud_descriptor_other_speed_configuration_cb>
1000494c:	4602      	mov	r2, r0
1000494e:	2800      	cmp	r0, #0
10004950:	f43f ae82 	beq.w	10004658 <tud_task_ext+0x218>
10004954:	4658      	mov	r0, fp
10004956:	8853      	ldrh	r3, [r2, #2]
10004958:	a908      	add	r1, sp, #32
1000495a:	f000 fa2d 	bl	10004db8 <tud_control_xfer>
1000495e:	2800      	cmp	r0, #0
10004960:	f47f ad7b 	bne.w	1000445a <tud_task_ext+0x1a>
10004964:	e678      	b.n	10004658 <tud_task_ext+0x218>
10004966:	f89d 3024 	ldrb.w	r3, [sp, #36]	@ 0x24
1000496a:	2b0f      	cmp	r3, #15
1000496c:	f63f ae74 	bhi.w	10004658 <tud_task_ext+0x218>
10004970:	4a14      	ldr	r2, [pc, #80]	@ (100049c4 <tud_task_ext+0x584>)
10004972:	4453      	add	r3, sl
10004974:	791b      	ldrb	r3, [r3, #4]
10004976:	7812      	ldrb	r2, [r2, #0]
10004978:	4293      	cmp	r3, r2
1000497a:	d21e      	bcs.n	100049ba <tud_task_ext+0x57a>
1000497c:	4a13      	ldr	r2, [pc, #76]	@ (100049cc <tud_task_ext+0x58c>)
1000497e:	6817      	ldr	r7, [r2, #0]
10004980:	eb17 1743 	adds.w	r7, r7, r3, lsl #5
10004984:	f47f ae99 	bne.w	100046ba <tud_task_ext+0x27a>
10004988:	e666      	b.n	10004658 <tud_task_ext+0x218>
1000498a:	2a00      	cmp	r2, #0
1000498c:	f47f ae64 	bne.w	10004658 <tud_task_ext+0x218>
10004990:	9200      	str	r2, [sp, #0]
10004992:	f89d c021 	ldrb.w	ip, [sp, #33]	@ 0x21
10004996:	f00c 02fd 	and.w	r2, ip, #253	@ 0xfd
1000499a:	2a01      	cmp	r2, #1
1000499c:	d018      	beq.n	100049d0 <tud_task_ext+0x590>
1000499e:	f1bc 0f00 	cmp.w	ip, #0
100049a2:	f47f ae52 	bne.w	1000464a <tud_task_ext+0x20a>
100049a6:	eb0a 0343 	add.w	r3, sl, r3, lsl #1
100049aa:	eb03 13d1 	add.w	r3, r3, r1, lsr #7
100049ae:	f893 3034 	ldrb.w	r3, [r3, #52]	@ 0x34
100049b2:	4658      	mov	r0, fp
100049b4:	f3c3 0340 	ubfx	r3, r3, #1, #1
100049b8:	e7aa      	b.n	10004910 <tud_task_ext+0x4d0>
100049ba:	f47f ae4d 	bne.w	10004658 <tud_task_ext+0x218>
100049be:	4f02      	ldr	r7, [pc, #8]	@ (100049c8 <tud_task_ext+0x588>)
100049c0:	e67b      	b.n	100046ba <tud_task_ext+0x27a>
100049c2:	bf00      	nop
100049c4:	20001f0d 	.word	0x20001f0d
100049c8:	10006514 	.word	0x10006514
100049cc:	20001820 	.word	0x20001820
100049d0:	f8bd 2022 	ldrh.w	r2, [sp, #34]	@ 0x22
100049d4:	b9da      	cbnz	r2, 10004a0e <tud_task_ext+0x5ce>
100049d6:	4879      	ldr	r0, [pc, #484]	@ (10004bbc <tud_task_ext+0x77c>)
100049d8:	f1bc 0f01 	cmp.w	ip, #1
100049dc:	7800      	ldrb	r0, [r0, #0]
100049de:	f000 808f 	beq.w	10004b00 <tud_task_ext+0x6c0>
100049e2:	e9cd 1301 	strd	r1, r3, [sp, #4]
100049e6:	f7ff fbe5 	bl	100041b4 <dcd_edpt_stall>
100049ea:	9b02      	ldr	r3, [sp, #8]
100049ec:	9901      	ldr	r1, [sp, #4]
100049ee:	eb0a 0343 	add.w	r3, sl, r3, lsl #1
100049f2:	eb03 13d1 	add.w	r3, r3, r1, lsr #7
100049f6:	f893 2034 	ldrb.w	r2, [r3, #52]	@ 0x34
100049fa:	f042 0202 	orr.w	r2, r2, #2
100049fe:	f883 2034 	strb.w	r2, [r3, #52]	@ 0x34
10004a02:	f893 2034 	ldrb.w	r2, [r3, #52]	@ 0x34
10004a06:	f042 0201 	orr.w	r2, r2, #1
10004a0a:	f883 2034 	strb.w	r2, [r3, #52]	@ 0x34
10004a0e:	9b00      	ldr	r3, [sp, #0]
10004a10:	2b00      	cmp	r3, #0
10004a12:	f43f ad22 	beq.w	1000445a <tud_task_ext+0x1a>
10004a16:	461f      	mov	r7, r3
10004a18:	6958      	ldr	r0, [r3, #20]
10004a1a:	f000 fa31 	bl	10004e80 <usbd_control_set_complete_callback>
10004a1e:	697b      	ldr	r3, [r7, #20]
10004a20:	2101      	movs	r1, #1
10004a22:	aa08      	add	r2, sp, #32
10004a24:	4658      	mov	r0, fp
10004a26:	4798      	blx	r3
10004a28:	2000      	movs	r0, #0
10004a2a:	f000 fa29 	bl	10004e80 <usbd_control_set_complete_callback>
10004a2e:	f89a 3035 	ldrb.w	r3, [sl, #53]	@ 0x35
10004a32:	07db      	lsls	r3, r3, #31
10004a34:	f53f ad11 	bmi.w	1000445a <tud_task_ext+0x1a>
10004a38:	e684      	b.n	10004744 <tud_task_ext+0x304>
10004a3a:	f7ff fc75 	bl	10004328 <tud_umount_cb>
10004a3e:	4658      	mov	r0, fp
10004a40:	a908      	add	r1, sp, #32
10004a42:	f000 f99d 	bl	10004d80 <tud_control_status>
10004a46:	e508      	b.n	1000445a <tud_task_ext+0x1a>
10004a48:	4602      	mov	r2, r0
10004a4a:	9803      	ldr	r0, [sp, #12]
10004a4c:	2801      	cmp	r0, #1
10004a4e:	f000 80a5 	beq.w	10004b9c <tud_task_ext+0x75c>
10004a52:	2800      	cmp	r0, #0
10004a54:	f000 8092 	beq.w	10004b7c <tud_task_ext+0x73c>
10004a58:	2300      	movs	r3, #0
10004a5a:	f891 e002 	ldrb.w	lr, [r1, #2]
10004a5e:	e007      	b.n	10004a70 <tud_task_ext+0x630>
10004a60:	9f00      	ldr	r7, [sp, #0]
10004a62:	f88c 7004 	strb.w	r7, [ip, #4]
10004a66:	fa5f fc83 	uxtb.w	ip, r3
10004a6a:	4560      	cmp	r0, ip
10004a6c:	f240 8086 	bls.w	10004b7c <tud_task_ext+0x73c>
10004a70:	eb0e 0c03 	add.w	ip, lr, r3
10004a74:	fa5a fc8c 	uxtab	ip, sl, ip
10004a78:	f89c 7004 	ldrb.w	r7, [ip, #4]
10004a7c:	3301      	adds	r3, #1
10004a7e:	2fff      	cmp	r7, #255	@ 0xff
10004a80:	d0ee      	beq.n	10004a60 <tud_task_ext+0x620>
10004a82:	f04f 23e0 	mov.w	r3, #3758153728	@ 0xe000e000
10004a86:	f8d3 3df0 	ldr.w	r3, [r3, #3568]	@ 0xdf0
10004a8a:	07d9      	lsls	r1, r3, #31
10004a8c:	d500      	bpl.n	10004a90 <tud_task_ext+0x650>
10004a8e:	be00      	bkpt	0x0000
10004a90:	f04f 23e0 	mov.w	r3, #3758153728	@ 0xe000e000
10004a94:	f8d3 3df0 	ldr.w	r3, [r3, #3568]	@ 0xdf0
10004a98:	07da      	lsls	r2, r3, #31
10004a9a:	d500      	bpl.n	10004a9e <tud_task_ext+0x65e>
10004a9c:	be00      	bkpt	0x0000
10004a9e:	2300      	movs	r3, #0
10004aa0:	f88a 3001 	strb.w	r3, [sl, #1]
10004aa4:	e5d8      	b.n	10004658 <tud_task_ext+0x218>
10004aa6:	f7ff fa53 	bl	10003f50 <tud_descriptor_bos_cb>
10004aaa:	4602      	mov	r2, r0
10004aac:	2800      	cmp	r0, #0
10004aae:	f47f af51 	bne.w	10004954 <tud_task_ext+0x514>
10004ab2:	e5d1      	b.n	10004658 <tud_task_ext+0x218>
10004ab4:	f7ff f8e0 	bl	10003c78 <tud_descriptor_device_cb>
10004ab8:	4602      	mov	r2, r0
10004aba:	2800      	cmp	r0, #0
10004abc:	f43f adc5 	beq.w	1000464a <tud_task_ext+0x20a>
10004ac0:	4658      	mov	r0, fp
10004ac2:	2312      	movs	r3, #18
10004ac4:	a908      	add	r1, sp, #32
10004ac6:	f000 f977 	bl	10004db8 <tud_control_xfer>
10004aca:	2800      	cmp	r0, #0
10004acc:	f47f acc5 	bne.w	1000445a <tud_task_ext+0x1a>
10004ad0:	e5c2      	b.n	10004658 <tud_task_ext+0x218>
10004ad2:	f7ff fc23 	bl	1000431c <tud_descriptor_device_qualifier_cb>
10004ad6:	4602      	mov	r2, r0
10004ad8:	2800      	cmp	r0, #0
10004ada:	f43f adbd 	beq.w	10004658 <tud_task_ext+0x218>
10004ade:	4658      	mov	r0, fp
10004ae0:	7813      	ldrb	r3, [r2, #0]
10004ae2:	a908      	add	r1, sp, #32
10004ae4:	f000 f968 	bl	10004db8 <tud_control_xfer>
10004ae8:	2800      	cmp	r0, #0
10004aea:	f47f acb6 	bne.w	1000445a <tud_task_ext+0x1a>
10004aee:	e5b3      	b.n	10004658 <tud_task_ext+0x218>
10004af0:	f8bd 1024 	ldrh.w	r1, [sp, #36]	@ 0x24
10004af4:	f7ff f8c8 	bl	10003c88 <tud_descriptor_string_cb>
10004af8:	4602      	mov	r2, r0
10004afa:	2800      	cmp	r0, #0
10004afc:	d1ef      	bne.n	10004ade <tud_task_ext+0x69e>
10004afe:	e5ab      	b.n	10004658 <tud_task_ext+0x218>
10004b00:	e9cd 3202 	strd	r3, r2, [sp, #8]
10004b04:	9101      	str	r1, [sp, #4]
10004b06:	f7ff fb6d 	bl	100041e4 <dcd_edpt_clear_stall>
10004b0a:	9b02      	ldr	r3, [sp, #8]
10004b0c:	9901      	ldr	r1, [sp, #4]
10004b0e:	eb0a 0343 	add.w	r3, sl, r3, lsl #1
10004b12:	eb03 13d1 	add.w	r3, r3, r1, lsr #7
10004b16:	f893 1034 	ldrb.w	r1, [r3, #52]	@ 0x34
10004b1a:	9a03      	ldr	r2, [sp, #12]
10004b1c:	f362 0141 	bfi	r1, r2, #1, #1
10004b20:	f883 1034 	strb.w	r1, [r3, #52]	@ 0x34
10004b24:	f893 1034 	ldrb.w	r1, [r3, #52]	@ 0x34
10004b28:	f362 0100 	bfi	r1, r2, #0, #1
10004b2c:	f883 1034 	strb.w	r1, [r3, #52]	@ 0x34
10004b30:	e76d      	b.n	10004a0e <tud_task_ext+0x5ce>
10004b32:	2100      	movs	r1, #0
10004b34:	4658      	mov	r0, fp
10004b36:	9301      	str	r3, [sp, #4]
10004b38:	f7ff fa90 	bl	1000405c <dcd_sof_enable>
10004b3c:	4658      	mov	r0, fp
10004b3e:	f7ff fb23 	bl	10004188 <dcd_edpt_close_all>
10004b42:	f89a 2002 	ldrb.w	r2, [sl, #2]
10004b46:	4658      	mov	r0, fp
10004b48:	9200      	str	r2, [sp, #0]
10004b4a:	f7ff fb9d 	bl	10004288 <configuration_reset>
10004b4e:	9a00      	ldr	r2, [sp, #0]
10004b50:	9b01      	ldr	r3, [sp, #4]
10004b52:	f88a 2002 	strb.w	r2, [sl, #2]
10004b56:	e61a      	b.n	1000478e <tud_task_ext+0x34e>
10004b58:	f7ff fbe4 	bl	10004324 <tud_mount_cb>
10004b5c:	e76f      	b.n	10004a3e <tud_task_ext+0x5fe>
10004b5e:	4658      	mov	r0, fp
10004b60:	2301      	movs	r3, #1
10004b62:	a908      	add	r1, sp, #32
10004b64:	f10d 021a 	add.w	r2, sp, #26
10004b68:	f88d 701a 	strb.w	r7, [sp, #26]
10004b6c:	f000 f924 	bl	10004db8 <tud_control_xfer>
10004b70:	e473      	b.n	1000445a <tud_task_ext+0x1a>
10004b72:	780b      	ldrb	r3, [r1, #0]
10004b74:	78c8      	ldrb	r0, [r1, #3]
10004b76:	4419      	add	r1, r3
10004b78:	784b      	ldrb	r3, [r1, #1]
10004b7a:	e635      	b.n	100047e8 <tud_task_ext+0x3a8>
10004b7c:	9f00      	ldr	r7, [sp, #0]
10004b7e:	4810      	ldr	r0, [pc, #64]	@ (10004bc0 <tud_task_ext+0x780>)
10004b80:	463b      	mov	r3, r7
10004b82:	e9cd 1200 	strd	r1, r2, [sp]
10004b86:	f000 fda1 	bl	100056cc <tu_edpt_bind_driver>
10004b8a:	e9dd 1200 	ldrd	r1, r2, [sp]
10004b8e:	4411      	add	r1, r2
10004b90:	4a0c      	ldr	r2, [pc, #48]	@ (10004bc4 <tud_task_ext+0x784>)
10004b92:	7813      	ldrb	r3, [r2, #0]
10004b94:	42bb      	cmp	r3, r7
10004b96:	f4bf ae1e 	bcs.w	100047d6 <tud_task_ext+0x396>
10004b9a:	e772      	b.n	10004a82 <tud_task_ext+0x642>
10004b9c:	f8d3 c010 	ldr.w	ip, [r3, #16]
10004ba0:	4b09      	ldr	r3, [pc, #36]	@ (10004bc8 <tud_task_ext+0x788>)
10004ba2:	459c      	cmp	ip, r3
10004ba4:	bf08      	it	eq
10004ba6:	2002      	moveq	r0, #2
10004ba8:	e756      	b.n	10004a58 <tud_task_ext+0x618>
10004baa:	f04f 23e0 	mov.w	r3, #3758153728	@ 0xe000e000
10004bae:	f8d3 3df0 	ldr.w	r3, [r3, #3568]	@ 0xdf0
10004bb2:	07db      	lsls	r3, r3, #31
10004bb4:	f57f ac51 	bpl.w	1000445a <tud_task_ext+0x1a>
10004bb8:	be00      	bkpt	0x0000
10004bba:	e44e      	b.n	1000445a <tud_task_ext+0x1a>
10004bbc:	200015b0 	.word	0x200015b0
10004bc0:	2000193c 	.word	0x2000193c
10004bc4:	20001f0d 	.word	0x20001f0d
10004bc8:	100052d1 	.word	0x100052d1

10004bcc <usbd_open_edpt_pair>:
10004bcc:	e92d 4ff8 	stmdb	sp!, {r3, r4, r5, r6, r7, r8, r9, sl, fp, lr}
10004bd0:	9f0a      	ldr	r7, [sp, #40]	@ 0x28
10004bd2:	2a00      	cmp	r2, #0
10004bd4:	d040      	beq.n	10004c58 <usbd_open_edpt_pair+0x8c>
10004bd6:	460c      	mov	r4, r1
10004bd8:	461e      	mov	r6, r3
10004bda:	4615      	mov	r5, r2
10004bdc:	f04f 0b00 	mov.w	fp, #0
10004be0:	f8df 9080 	ldr.w	r9, [pc, #128]	@ 10004c64 <usbd_open_edpt_pair+0x98>
10004be4:	f8df 8080 	ldr.w	r8, [pc, #128]	@ 10004c68 <usbd_open_edpt_pair+0x9c>
10004be8:	e016      	b.n	10004c18 <usbd_open_edpt_pair+0x4c>
10004bea:	4620      	mov	r0, r4
10004bec:	f898 1002 	ldrb.w	r1, [r8, #2]
10004bf0:	f899 a000 	ldrb.w	sl, [r9]
10004bf4:	f000 fd3a 	bl	1000566c <tu_edpt_validate>
10004bf8:	b1d0      	cbz	r0, 10004c30 <usbd_open_edpt_pair+0x64>
10004bfa:	4621      	mov	r1, r4
10004bfc:	4650      	mov	r0, sl
10004bfe:	f7ff fa49 	bl	10004094 <dcd_edpt_open>
10004c02:	b1e0      	cbz	r0, 10004c3e <usbd_open_edpt_pair+0x72>
10004c04:	78a3      	ldrb	r3, [r4, #2]
10004c06:	f10b 0b01 	add.w	fp, fp, #1
10004c0a:	09da      	lsrs	r2, r3, #7
10004c0c:	d120      	bne.n	10004c50 <usbd_open_edpt_pair+0x84>
10004c0e:	45ab      	cmp	fp, r5
10004c10:	703b      	strb	r3, [r7, #0]
10004c12:	d021      	beq.n	10004c58 <usbd_open_edpt_pair+0x8c>
10004c14:	7823      	ldrb	r3, [r4, #0]
10004c16:	441c      	add	r4, r3
10004c18:	7863      	ldrb	r3, [r4, #1]
10004c1a:	2b05      	cmp	r3, #5
10004c1c:	d10f      	bne.n	10004c3e <usbd_open_edpt_pair+0x72>
10004c1e:	78e1      	ldrb	r1, [r4, #3]
10004c20:	f001 0103 	and.w	r1, r1, #3
10004c24:	42b1      	cmp	r1, r6
10004c26:	d10a      	bne.n	10004c3e <usbd_open_edpt_pair+0x72>
10004c28:	78a3      	ldrb	r3, [r4, #2]
10004c2a:	f013 0f70 	tst.w	r3, #112	@ 0x70
10004c2e:	d0dc      	beq.n	10004bea <usbd_open_edpt_pair+0x1e>
10004c30:	f04f 23e0 	mov.w	r3, #3758153728	@ 0xe000e000
10004c34:	f8d3 3df0 	ldr.w	r3, [r3, #3568]	@ 0xdf0
10004c38:	07da      	lsls	r2, r3, #31
10004c3a:	d500      	bpl.n	10004c3e <usbd_open_edpt_pair+0x72>
10004c3c:	be00      	bkpt	0x0000
10004c3e:	f04f 23e0 	mov.w	r3, #3758153728	@ 0xe000e000
10004c42:	f8d3 3df0 	ldr.w	r3, [r3, #3568]	@ 0xdf0
10004c46:	07db      	lsls	r3, r3, #31
10004c48:	d409      	bmi.n	10004c5e <usbd_open_edpt_pair+0x92>
10004c4a:	2000      	movs	r0, #0
10004c4c:	e8bd 8ff8 	ldmia.w	sp!, {r3, r4, r5, r6, r7, r8, r9, sl, fp, pc}
10004c50:	9a0b      	ldr	r2, [sp, #44]	@ 0x2c
10004c52:	45ab      	cmp	fp, r5
10004c54:	7013      	strb	r3, [r2, #0]
10004c56:	d1dd      	bne.n	10004c14 <usbd_open_edpt_pair+0x48>
10004c58:	2001      	movs	r0, #1
10004c5a:	e8bd 8ff8 	ldmia.w	sp!, {r3, r4, r5, r6, r7, r8, r9, sl, fp, pc}
10004c5e:	be00      	bkpt	0x0000
10004c60:	e7f3      	b.n	10004c4a <usbd_open_edpt_pair+0x7e>
10004c62:	bf00      	nop
10004c64:	200015b0 	.word	0x200015b0
10004c68:	20001928 	.word	0x20001928

10004c6c <usbd_edpt_open>:
10004c6c:	788b      	ldrb	r3, [r1, #2]
10004c6e:	f013 0f70 	tst.w	r3, #112	@ 0x70
10004c72:	d008      	beq.n	10004c86 <usbd_edpt_open+0x1a>
10004c74:	f04f 23e0 	mov.w	r3, #3758153728	@ 0xe000e000
10004c78:	f8d3 3df0 	ldr.w	r3, [r3, #3568]	@ 0xdf0
10004c7c:	07da      	lsls	r2, r3, #31
10004c7e:	d500      	bpl.n	10004c82 <usbd_edpt_open+0x16>
10004c80:	be00      	bkpt	0x0000
10004c82:	2000      	movs	r0, #0
10004c84:	4770      	bx	lr
10004c86:	b510      	push	{r4, lr}
10004c88:	b082      	sub	sp, #8
10004c8a:	4608      	mov	r0, r1
10004c8c:	9101      	str	r1, [sp, #4]
10004c8e:	490c      	ldr	r1, [pc, #48]	@ (10004cc0 <usbd_edpt_open+0x54>)
10004c90:	4a0c      	ldr	r2, [pc, #48]	@ (10004cc4 <usbd_edpt_open+0x58>)
10004c92:	7889      	ldrb	r1, [r1, #2]
10004c94:	7814      	ldrb	r4, [r2, #0]
10004c96:	f000 fce9 	bl	1000566c <tu_edpt_validate>
10004c9a:	b948      	cbnz	r0, 10004cb0 <usbd_edpt_open+0x44>
10004c9c:	f04f 23e0 	mov.w	r3, #3758153728	@ 0xe000e000
10004ca0:	f8d3 3df0 	ldr.w	r3, [r3, #3568]	@ 0xdf0
10004ca4:	07db      	lsls	r3, r3, #31
10004ca6:	d500      	bpl.n	10004caa <usbd_edpt_open+0x3e>
10004ca8:	be00      	bkpt	0x0000
10004caa:	2000      	movs	r0, #0
10004cac:	b002      	add	sp, #8
10004cae:	bd10      	pop	{r4, pc}
10004cb0:	4620      	mov	r0, r4
10004cb2:	9901      	ldr	r1, [sp, #4]
10004cb4:	b002      	add	sp, #8
10004cb6:	e8bd 4010 	ldmia.w	sp!, {r4, lr}
10004cba:	f7ff b9eb 	b.w	10004094 <dcd_edpt_open>
10004cbe:	bf00      	nop
10004cc0:	20001928 	.word	0x20001928
10004cc4:	200015b0 	.word	0x200015b0

10004cc8 <usbd_edpt_claim>:
10004cc8:	460a      	mov	r2, r1
10004cca:	4b06      	ldr	r3, [pc, #24]	@ (10004ce4 <usbd_edpt_claim+0x1c>)
10004ccc:	4806      	ldr	r0, [pc, #24]	@ (10004ce8 <usbd_edpt_claim+0x20>)
10004cce:	6819      	ldr	r1, [r3, #0]
10004cd0:	09d3      	lsrs	r3, r2, #7
10004cd2:	3334      	adds	r3, #52	@ 0x34
10004cd4:	f002 027f 	and.w	r2, r2, #127	@ 0x7f
10004cd8:	eb03 0342 	add.w	r3, r3, r2, lsl #1
10004cdc:	4418      	add	r0, r3
10004cde:	f000 bc79 	b.w	100055d4 <tu_edpt_claim>
10004ce2:	bf00      	nop
10004ce4:	2000197c 	.word	0x2000197c
10004ce8:	20001928 	.word	0x20001928

10004cec <usbd_edpt_release>:
10004cec:	460a      	mov	r2, r1
10004cee:	4b06      	ldr	r3, [pc, #24]	@ (10004d08 <usbd_edpt_release+0x1c>)
10004cf0:	4806      	ldr	r0, [pc, #24]	@ (10004d0c <usbd_edpt_release+0x20>)
10004cf2:	6819      	ldr	r1, [r3, #0]
10004cf4:	09d3      	lsrs	r3, r2, #7
10004cf6:	3334      	adds	r3, #52	@ 0x34
10004cf8:	f002 027f 	and.w	r2, r2, #127	@ 0x7f
10004cfc:	eb03 0342 	add.w	r3, r3, r2, lsl #1
10004d00:	4418      	add	r0, r3
10004d02:	f000 bc97 	b.w	10005634 <tu_edpt_release>
10004d06:	bf00      	nop
10004d08:	2000197c 	.word	0x2000197c
10004d0c:	20001928 	.word	0x20001928

10004d10 <usbd_edpt_xfer>:
10004d10:	b510      	push	{r4, lr}
10004d12:	4819      	ldr	r0, [pc, #100]	@ (10004d78 <usbd_edpt_xfer+0x68>)
10004d14:	f001 047f 	and.w	r4, r1, #127	@ 0x7f
10004d18:	eb00 0044 	add.w	r0, r0, r4, lsl #1
10004d1c:	eb00 10d1 	add.w	r0, r0, r1, lsr #7
10004d20:	f890 c034 	ldrb.w	ip, [r0, #52]	@ 0x34
10004d24:	f01c 0f01 	tst.w	ip, #1
10004d28:	d008      	beq.n	10004d3c <usbd_edpt_xfer+0x2c>
10004d2a:	f04f 23e0 	mov.w	r3, #3758153728	@ 0xe000e000
10004d2e:	f8d3 3df0 	ldr.w	r3, [r3, #3568]	@ 0xdf0
10004d32:	07da      	lsls	r2, r3, #31
10004d34:	d500      	bpl.n	10004d38 <usbd_edpt_xfer+0x28>
10004d36:	be00      	bkpt	0x0000
10004d38:	2000      	movs	r0, #0
10004d3a:	bd10      	pop	{r4, pc}
10004d3c:	f100 0430 	add.w	r4, r0, #48	@ 0x30
10004d40:	f894 c004 	ldrb.w	ip, [r4, #4]
10004d44:	480d      	ldr	r0, [pc, #52]	@ (10004d7c <usbd_edpt_xfer+0x6c>)
10004d46:	f04c 0c01 	orr.w	ip, ip, #1
10004d4a:	7800      	ldrb	r0, [r0, #0]
10004d4c:	f884 c004 	strb.w	ip, [r4, #4]
10004d50:	f7ff fa1c 	bl	1000418c <dcd_edpt_xfer>
10004d54:	2800      	cmp	r0, #0
10004d56:	d1f0      	bne.n	10004d3a <usbd_edpt_xfer+0x2a>
10004d58:	f04f 21e0 	mov.w	r1, #3758153728	@ 0xe000e000
10004d5c:	7922      	ldrb	r2, [r4, #4]
10004d5e:	f360 0200 	bfi	r2, r0, #0, #1
10004d62:	7122      	strb	r2, [r4, #4]
10004d64:	7922      	ldrb	r2, [r4, #4]
10004d66:	f360 0282 	bfi	r2, r0, #2, #1
10004d6a:	7122      	strb	r2, [r4, #4]
10004d6c:	f8d1 3df0 	ldr.w	r3, [r1, #3568]	@ 0xdf0
10004d70:	07db      	lsls	r3, r3, #31
10004d72:	d5e1      	bpl.n	10004d38 <usbd_edpt_xfer+0x28>
10004d74:	be00      	bkpt	0x0000
10004d76:	e7df      	b.n	10004d38 <usbd_edpt_xfer+0x28>
10004d78:	20001928 	.word	0x20001928
10004d7c:	200015b0 	.word	0x200015b0

10004d80 <tud_control_status>:
10004d80:	f8df c030 	ldr.w	ip, [pc, #48]	@ 10004db4 <tud_control_status+0x34>
10004d84:	2300      	movs	r3, #0
10004d86:	4662      	mov	r2, ip
10004d88:	b510      	push	{r4, lr}
10004d8a:	468e      	mov	lr, r1
10004d8c:	4604      	mov	r4, r0
10004d8e:	6808      	ldr	r0, [r1, #0]
10004d90:	6849      	ldr	r1, [r1, #4]
10004d92:	f8cc 300c 	str.w	r3, [ip, #12]
10004d96:	c203      	stmia	r2!, {r0, r1}
10004d98:	f89e 1000 	ldrb.w	r1, [lr]
10004d9c:	4620      	mov	r0, r4
10004d9e:	e8bd 4010 	ldmia.w	sp!, {r4, lr}
10004da2:	f081 01ff 	eor.w	r1, r1, #255	@ 0xff
10004da6:	461a      	mov	r2, r3
10004da8:	f001 0180 	and.w	r1, r1, #128	@ 0x80
10004dac:	f8cc 3008 	str.w	r3, [ip, #8]
10004db0:	f7ff bfae 	b.w	10004d10 <usbd_edpt_xfer>
10004db4:	200018e8 	.word	0x200018e8

10004db8 <tud_control_xfer>:
10004db8:	f8df c0ac 	ldr.w	ip, [pc, #172]	@ 10004e68 <tud_control_xfer+0xb0>
10004dbc:	b570      	push	{r4, r5, r6, lr}
10004dbe:	4615      	mov	r5, r2
10004dc0:	4662      	mov	r2, ip
10004dc2:	2400      	movs	r4, #0
10004dc4:	468e      	mov	lr, r1
10004dc6:	4606      	mov	r6, r0
10004dc8:	6808      	ldr	r0, [r1, #0]
10004dca:	6849      	ldr	r1, [r1, #4]
10004dcc:	b082      	sub	sp, #8
10004dce:	c203      	stmia	r2!, {r0, r1}
10004dd0:	f8cc 5008 	str.w	r5, [ip, #8]
10004dd4:	f8ac 400e 	strh.w	r4, [ip, #14]
10004dd8:	f8be 2006 	ldrh.w	r2, [lr, #6]
10004ddc:	4293      	cmp	r3, r2
10004dde:	bf28      	it	cs
10004de0:	4613      	movcs	r3, r2
10004de2:	f8ac 300c 	strh.w	r3, [ip, #12]
10004de6:	b18a      	cbz	r2, 10004e0c <tud_control_xfer+0x54>
10004de8:	b333      	cbz	r3, 10004e38 <tud_control_xfer+0x80>
10004dea:	b1dd      	cbz	r5, 10004e24 <tud_control_xfer+0x6c>
10004dec:	f99c 2000 	ldrsb.w	r2, [ip]
10004df0:	2b40      	cmp	r3, #64	@ 0x40
10004df2:	bf28      	it	cs
10004df4:	2340      	movcs	r3, #64	@ 0x40
10004df6:	2a00      	cmp	r2, #0
10004df8:	db29      	blt.n	10004e4e <tud_control_xfer+0x96>
10004dfa:	4621      	mov	r1, r4
10004dfc:	4630      	mov	r0, r6
10004dfe:	4a19      	ldr	r2, [pc, #100]	@ (10004e64 <tud_control_xfer+0xac>)
10004e00:	f7ff ff86 	bl	10004d10 <usbd_edpt_xfer>
10004e04:	b170      	cbz	r0, 10004e24 <tud_control_xfer+0x6c>
10004e06:	2001      	movs	r0, #1
10004e08:	b002      	add	sp, #8
10004e0a:	bd70      	pop	{r4, r5, r6, pc}
10004e0c:	f89e 1000 	ldrb.w	r1, [lr]
10004e10:	4613      	mov	r3, r2
10004e12:	f081 01ff 	eor.w	r1, r1, #255	@ 0xff
10004e16:	4630      	mov	r0, r6
10004e18:	f001 0180 	and.w	r1, r1, #128	@ 0x80
10004e1c:	f7ff ff78 	bl	10004d10 <usbd_edpt_xfer>
10004e20:	2800      	cmp	r0, #0
10004e22:	d1f0      	bne.n	10004e06 <tud_control_xfer+0x4e>
10004e24:	f04f 23e0 	mov.w	r3, #3758153728	@ 0xe000e000
10004e28:	f8d3 3df0 	ldr.w	r3, [r3, #3568]	@ 0xdf0
10004e2c:	07db      	lsls	r3, r3, #31
10004e2e:	d500      	bpl.n	10004e32 <tud_control_xfer+0x7a>
10004e30:	be00      	bkpt	0x0000
10004e32:	2000      	movs	r0, #0
10004e34:	b002      	add	sp, #8
10004e36:	bd70      	pop	{r4, r5, r6, pc}
10004e38:	461a      	mov	r2, r3
10004e3a:	f89c 1000 	ldrb.w	r1, [ip]
10004e3e:	f001 0180 	and.w	r1, r1, #128	@ 0x80
10004e42:	4630      	mov	r0, r6
10004e44:	f7ff ff64 	bl	10004d10 <usbd_edpt_xfer>
10004e48:	2800      	cmp	r0, #0
10004e4a:	d1dc      	bne.n	10004e06 <tud_control_xfer+0x4e>
10004e4c:	e7ea      	b.n	10004e24 <tud_control_xfer+0x6c>
10004e4e:	461a      	mov	r2, r3
10004e50:	4629      	mov	r1, r5
10004e52:	4804      	ldr	r0, [pc, #16]	@ (10004e64 <tud_control_xfer+0xac>)
10004e54:	9301      	str	r3, [sp, #4]
10004e56:	f001 f80d 	bl	10005e74 <memcpy>
10004e5a:	2180      	movs	r1, #128	@ 0x80
10004e5c:	4a01      	ldr	r2, [pc, #4]	@ (10004e64 <tud_control_xfer+0xac>)
10004e5e:	9b01      	ldr	r3, [sp, #4]
10004e60:	e7ef      	b.n	10004e42 <tud_control_xfer+0x8a>
10004e62:	bf00      	nop
10004e64:	200018a8 	.word	0x200018a8
10004e68:	200018e8 	.word	0x200018e8

10004e6c <usbd_control_reset>:
10004e6c:	2200      	movs	r2, #0
10004e6e:	4b03      	ldr	r3, [pc, #12]	@ (10004e7c <usbd_control_reset+0x10>)
10004e70:	e9c3 2200 	strd	r2, r2, [r3]
10004e74:	e9c3 2202 	strd	r2, r2, [r3, #8]
10004e78:	611a      	str	r2, [r3, #16]
10004e7a:	4770      	bx	lr
10004e7c:	200018e8 	.word	0x200018e8

10004e80 <usbd_control_set_complete_callback>:
10004e80:	4b01      	ldr	r3, [pc, #4]	@ (10004e88 <usbd_control_set_complete_callback+0x8>)
10004e82:	6118      	str	r0, [r3, #16]
10004e84:	4770      	bx	lr
10004e86:	bf00      	nop
10004e88:	200018e8 	.word	0x200018e8

10004e8c <usbd_control_set_request>:
10004e8c:	4601      	mov	r1, r0
10004e8e:	4a05      	ldr	r2, [pc, #20]	@ (10004ea4 <usbd_control_set_request+0x18>)
10004e90:	f04f 0c00 	mov.w	ip, #0
10004e94:	4613      	mov	r3, r2
10004e96:	6800      	ldr	r0, [r0, #0]
10004e98:	6849      	ldr	r1, [r1, #4]
10004e9a:	e9c2 cc02 	strd	ip, ip, [r2, #8]
10004e9e:	c303      	stmia	r3!, {r0, r1}
10004ea0:	4770      	bx	lr
10004ea2:	bf00      	nop
10004ea4:	200018e8 	.word	0x200018e8

10004ea8 <usbd_control_xfer_cb>:
10004ea8:	b530      	push	{r4, r5, lr}
10004eaa:	4c3e      	ldr	r4, [pc, #248]	@ (10004fa4 <usbd_control_xfer_cb+0xfc>)
10004eac:	09c9      	lsrs	r1, r1, #7
10004eae:	7822      	ldrb	r2, [r4, #0]
10004eb0:	4605      	mov	r5, r0
10004eb2:	ebb1 1fd2 	cmp.w	r1, r2, lsr #7
10004eb6:	b083      	sub	sp, #12
10004eb8:	d017      	beq.n	10004eea <usbd_control_xfer_cb+0x42>
10004eba:	b153      	cbz	r3, 10004ed2 <usbd_control_xfer_cb+0x2a>
10004ebc:	f04f 23e0 	mov.w	r3, #3758153728	@ 0xe000e000
10004ec0:	f8d3 3df0 	ldr.w	r3, [r3, #3568]	@ 0xdf0
10004ec4:	07db      	lsls	r3, r3, #31
10004ec6:	d402      	bmi.n	10004ece <usbd_control_xfer_cb+0x26>
10004ec8:	2000      	movs	r0, #0
10004eca:	b003      	add	sp, #12
10004ecc:	bd30      	pop	{r4, r5, pc}
10004ece:	be00      	bkpt	0x0000
10004ed0:	e7fa      	b.n	10004ec8 <usbd_control_xfer_cb+0x20>
10004ed2:	4621      	mov	r1, r4
10004ed4:	f7ff f8d0 	bl	10004078 <dcd_edpt0_status_complete>
10004ed8:	6923      	ldr	r3, [r4, #16]
10004eda:	b11b      	cbz	r3, 10004ee4 <usbd_control_xfer_cb+0x3c>
10004edc:	4622      	mov	r2, r4
10004ede:	2103      	movs	r1, #3
10004ee0:	4628      	mov	r0, r5
10004ee2:	4798      	blx	r3
10004ee4:	2001      	movs	r0, #1
10004ee6:	b003      	add	sp, #12
10004ee8:	bd30      	pop	{r4, r5, pc}
10004eea:	f994 2000 	ldrsb.w	r2, [r4]
10004eee:	2a00      	cmp	r2, #0
10004ef0:	db08      	blt.n	10004f04 <usbd_control_xfer_cb+0x5c>
10004ef2:	68a0      	ldr	r0, [r4, #8]
10004ef4:	2800      	cmp	r0, #0
10004ef6:	d0e7      	beq.n	10004ec8 <usbd_control_xfer_cb+0x20>
10004ef8:	461a      	mov	r2, r3
10004efa:	492b      	ldr	r1, [pc, #172]	@ (10004fa8 <usbd_control_xfer_cb+0x100>)
10004efc:	9301      	str	r3, [sp, #4]
10004efe:	f000 ffb9 	bl	10005e74 <memcpy>
10004f02:	9b01      	ldr	r3, [sp, #4]
10004f04:	89e0      	ldrh	r0, [r4, #14]
10004f06:	68a1      	ldr	r1, [r4, #8]
10004f08:	88e2      	ldrh	r2, [r4, #6]
10004f0a:	4418      	add	r0, r3
10004f0c:	b280      	uxth	r0, r0
10004f0e:	4419      	add	r1, r3
10004f10:	4282      	cmp	r2, r0
10004f12:	81e0      	strh	r0, [r4, #14]
10004f14:	60a1      	str	r1, [r4, #8]
10004f16:	d016      	beq.n	10004f46 <usbd_control_xfer_cb+0x9e>
10004f18:	2b3f      	cmp	r3, #63	@ 0x3f
10004f1a:	d914      	bls.n	10004f46 <usbd_control_xfer_cb+0x9e>
10004f1c:	89a2      	ldrh	r2, [r4, #12]
10004f1e:	f994 4000 	ldrsb.w	r4, [r4]
10004f22:	1a13      	subs	r3, r2, r0
10004f24:	b29b      	uxth	r3, r3
10004f26:	2b40      	cmp	r3, #64	@ 0x40
10004f28:	bf28      	it	cs
10004f2a:	2340      	movcs	r3, #64	@ 0x40
10004f2c:	2c00      	cmp	r4, #0
10004f2e:	db28      	blt.n	10004f82 <usbd_control_xfer_cb+0xda>
10004f30:	4290      	cmp	r0, r2
10004f32:	f04f 0100 	mov.w	r1, #0
10004f36:	d032      	beq.n	10004f9e <usbd_control_xfer_cb+0xf6>
10004f38:	4a1b      	ldr	r2, [pc, #108]	@ (10004fa8 <usbd_control_xfer_cb+0x100>)
10004f3a:	4628      	mov	r0, r5
10004f3c:	f7ff fee8 	bl	10004d10 <usbd_edpt_xfer>
10004f40:	2800      	cmp	r0, #0
10004f42:	d1cf      	bne.n	10004ee4 <usbd_control_xfer_cb+0x3c>
10004f44:	e7ba      	b.n	10004ebc <usbd_control_xfer_cb+0x14>
10004f46:	6923      	ldr	r3, [r4, #16]
10004f48:	b123      	cbz	r3, 10004f54 <usbd_control_xfer_cb+0xac>
10004f4a:	2102      	movs	r1, #2
10004f4c:	4628      	mov	r0, r5
10004f4e:	4a15      	ldr	r2, [pc, #84]	@ (10004fa4 <usbd_control_xfer_cb+0xfc>)
10004f50:	4798      	blx	r3
10004f52:	b168      	cbz	r0, 10004f70 <usbd_control_xfer_cb+0xc8>
10004f54:	2300      	movs	r3, #0
10004f56:	7821      	ldrb	r1, [r4, #0]
10004f58:	4628      	mov	r0, r5
10004f5a:	f081 01ff 	eor.w	r1, r1, #255	@ 0xff
10004f5e:	461a      	mov	r2, r3
10004f60:	f001 0180 	and.w	r1, r1, #128	@ 0x80
10004f64:	f7ff fed4 	bl	10004d10 <usbd_edpt_xfer>
10004f68:	2800      	cmp	r0, #0
10004f6a:	d0a7      	beq.n	10004ebc <usbd_control_xfer_cb+0x14>
10004f6c:	2001      	movs	r0, #1
10004f6e:	e7ba      	b.n	10004ee6 <usbd_control_xfer_cb+0x3e>
10004f70:	4601      	mov	r1, r0
10004f72:	4628      	mov	r0, r5
10004f74:	f7ff f91e 	bl	100041b4 <dcd_edpt_stall>
10004f78:	2180      	movs	r1, #128	@ 0x80
10004f7a:	4628      	mov	r0, r5
10004f7c:	f7ff f91a 	bl	100041b4 <dcd_edpt_stall>
10004f80:	e7b0      	b.n	10004ee4 <usbd_control_xfer_cb+0x3c>
10004f82:	4290      	cmp	r0, r2
10004f84:	d008      	beq.n	10004f98 <usbd_control_xfer_cb+0xf0>
10004f86:	461a      	mov	r2, r3
10004f88:	4807      	ldr	r0, [pc, #28]	@ (10004fa8 <usbd_control_xfer_cb+0x100>)
10004f8a:	9301      	str	r3, [sp, #4]
10004f8c:	f000 ff72 	bl	10005e74 <memcpy>
10004f90:	2180      	movs	r1, #128	@ 0x80
10004f92:	4a05      	ldr	r2, [pc, #20]	@ (10004fa8 <usbd_control_xfer_cb+0x100>)
10004f94:	9b01      	ldr	r3, [sp, #4]
10004f96:	e7d0      	b.n	10004f3a <usbd_control_xfer_cb+0x92>
10004f98:	2180      	movs	r1, #128	@ 0x80
10004f9a:	2200      	movs	r2, #0
10004f9c:	e7cd      	b.n	10004f3a <usbd_control_xfer_cb+0x92>
10004f9e:	460a      	mov	r2, r1
10004fa0:	e7cb      	b.n	10004f3a <usbd_control_xfer_cb+0x92>
10004fa2:	bf00      	nop
10004fa4:	200018e8 	.word	0x200018e8
10004fa8:	200018a8 	.word	0x200018a8

10004fac <_prep_out_transaction.isra.0>:
10004fac:	b570      	push	{r4, r5, r6, lr}
10004fae:	b082      	sub	sp, #8
10004fb0:	4604      	mov	r4, r0
10004fb2:	f7ff f9bf 	bl	10004334 <tud_mounted>
10004fb6:	b908      	cbnz	r0, 10004fbc <_prep_out_transaction.isra.0+0x10>
10004fb8:	b002      	add	sp, #8
10004fba:	bd70      	pop	{r4, r5, r6, pc}
10004fbc:	f7ff f9c2 	bl	10004344 <tud_suspended>
10004fc0:	4602      	mov	r2, r0
10004fc2:	2800      	cmp	r0, #0
10004fc4:	d1f8      	bne.n	10004fb8 <_prep_out_transaction.isra.0+0xc>
10004fc6:	23c8      	movs	r3, #200	@ 0xc8
10004fc8:	fb04 f303 	mul.w	r3, r4, r3
10004fcc:	4915      	ldr	r1, [pc, #84]	@ (10005024 <_prep_out_transaction.isra.0+0x78>)
10004fce:	4625      	mov	r5, r4
10004fd0:	18cc      	adds	r4, r1, r3
10004fd2:	78e0      	ldrb	r0, [r4, #3]
10004fd4:	2800      	cmp	r0, #0
10004fd6:	d0ef      	beq.n	10004fb8 <_prep_out_transaction.isra.0+0xc>
10004fd8:	3310      	adds	r3, #16
10004fda:	185e      	adds	r6, r3, r1
10004fdc:	4630      	mov	r0, r6
10004fde:	9201      	str	r2, [sp, #4]
10004fe0:	f000 fbe8 	bl	100057b4 <tu_fifo_remaining>
10004fe4:	283f      	cmp	r0, #63	@ 0x3f
10004fe6:	d9e7      	bls.n	10004fb8 <_prep_out_transaction.isra.0+0xc>
10004fe8:	78e1      	ldrb	r1, [r4, #3]
10004fea:	9801      	ldr	r0, [sp, #4]
10004fec:	f7ff fe6c 	bl	10004cc8 <usbd_edpt_claim>
10004ff0:	2800      	cmp	r0, #0
10004ff2:	d0e1      	beq.n	10004fb8 <_prep_out_transaction.isra.0+0xc>
10004ff4:	4630      	mov	r0, r6
10004ff6:	f000 fbdd 	bl	100057b4 <tu_fifo_remaining>
10004ffa:	283f      	cmp	r0, #63	@ 0x3f
10004ffc:	78e1      	ldrb	r1, [r4, #3]
10004ffe:	d90a      	bls.n	10005016 <_prep_out_transaction.isra.0+0x6a>
10005000:	2340      	movs	r3, #64	@ 0x40
10005002:	f8df c024 	ldr.w	ip, [pc, #36]	@ 10005028 <_prep_out_transaction.isra.0+0x7c>
10005006:	9801      	ldr	r0, [sp, #4]
10005008:	eb0c 12c5 	add.w	r2, ip, r5, lsl #7
1000500c:	b002      	add	sp, #8
1000500e:	e8bd 4070 	ldmia.w	sp!, {r4, r5, r6, lr}
10005012:	f7ff be7d 	b.w	10004d10 <usbd_edpt_xfer>
10005016:	9801      	ldr	r0, [sp, #4]
10005018:	b002      	add	sp, #8
1000501a:	e8bd 4070 	ldmia.w	sp!, {r4, r5, r6, lr}
1000501e:	f7ff be65 	b.w	10004cec <usbd_edpt_release>
10005022:	bf00      	nop
10005024:	200015d0 	.word	0x200015d0
10005028:	20001824 	.word	0x20001824

1000502c <tud_cdc_n_connected>:
1000502c:	b510      	push	{r4, lr}
1000502e:	4604      	mov	r4, r0
10005030:	f7ff f980 	bl	10004334 <tud_mounted>
10005034:	b908      	cbnz	r0, 1000503a <tud_cdc_n_connected+0xe>
10005036:	2000      	movs	r0, #0
10005038:	bd10      	pop	{r4, pc}
1000503a:	f7ff f983 	bl	10004344 <tud_suspended>
1000503e:	2800      	cmp	r0, #0
10005040:	d1f9      	bne.n	10005036 <tud_cdc_n_connected+0xa>
10005042:	22c8      	movs	r2, #200	@ 0xc8
10005044:	4b03      	ldr	r3, [pc, #12]	@ (10005054 <tud_cdc_n_connected+0x28>)
10005046:	fb02 3304 	mla	r3, r2, r4, r3
1000504a:	7918      	ldrb	r0, [r3, #4]
1000504c:	f000 0001 	and.w	r0, r0, #1
10005050:	bd10      	pop	{r4, pc}
10005052:	bf00      	nop
10005054:	200015d0 	.word	0x200015d0

10005058 <tud_cdc_n_available>:
10005058:	22c8      	movs	r2, #200	@ 0xc8
1000505a:	b508      	push	{r3, lr}
1000505c:	4b02      	ldr	r3, [pc, #8]	@ (10005068 <tud_cdc_n_available+0x10>)
1000505e:	fb02 3000 	mla	r0, r2, r0, r3
10005062:	f000 fb8d 	bl	10005780 <tu_fifo_count>
10005066:	bd08      	pop	{r3, pc}
10005068:	200015e0 	.word	0x200015e0

1000506c <tud_cdc_n_read>:
1000506c:	f64f 73ff 	movw	r3, #65535	@ 0xffff
10005070:	e92d 41f0 	stmdb	sp!, {r4, r5, r6, r7, r8, lr}
10005074:	24c8      	movs	r4, #200	@ 0xc8
10005076:	429a      	cmp	r2, r3
10005078:	bf28      	it	cs
1000507a:	461a      	movcs	r2, r3
1000507c:	fb00 f404 	mul.w	r4, r0, r4
10005080:	4d1b      	ldr	r5, [pc, #108]	@ (100050f0 <tud_cdc_n_read+0x84>)
10005082:	f104 0310 	add.w	r3, r4, #16
10005086:	b082      	sub	sp, #8
10005088:	4680      	mov	r8, r0
1000508a:	b292      	uxth	r2, r2
1000508c:	1958      	adds	r0, r3, r5
1000508e:	195f      	adds	r7, r3, r5
10005090:	f000 fbf0 	bl	10005874 <tu_fifo_read_n>
10005094:	4606      	mov	r6, r0
10005096:	f7ff f94d 	bl	10004334 <tud_mounted>
1000509a:	b918      	cbnz	r0, 100050a4 <tud_cdc_n_read+0x38>
1000509c:	4630      	mov	r0, r6
1000509e:	b002      	add	sp, #8
100050a0:	e8bd 81f0 	ldmia.w	sp!, {r4, r5, r6, r7, r8, pc}
100050a4:	f7ff f94e 	bl	10004344 <tud_suspended>
100050a8:	2800      	cmp	r0, #0
100050aa:	d1f7      	bne.n	1000509c <tud_cdc_n_read+0x30>
100050ac:	4425      	add	r5, r4
100050ae:	78ea      	ldrb	r2, [r5, #3]
100050b0:	2a00      	cmp	r2, #0
100050b2:	d0f3      	beq.n	1000509c <tud_cdc_n_read+0x30>
100050b4:	9001      	str	r0, [sp, #4]
100050b6:	4638      	mov	r0, r7
100050b8:	f000 fb7c 	bl	100057b4 <tu_fifo_remaining>
100050bc:	283f      	cmp	r0, #63	@ 0x3f
100050be:	d9ed      	bls.n	1000509c <tud_cdc_n_read+0x30>
100050c0:	9801      	ldr	r0, [sp, #4]
100050c2:	78e9      	ldrb	r1, [r5, #3]
100050c4:	f7ff fe00 	bl	10004cc8 <usbd_edpt_claim>
100050c8:	2800      	cmp	r0, #0
100050ca:	d0e7      	beq.n	1000509c <tud_cdc_n_read+0x30>
100050cc:	4638      	mov	r0, r7
100050ce:	f000 fb71 	bl	100057b4 <tu_fifo_remaining>
100050d2:	283f      	cmp	r0, #63	@ 0x3f
100050d4:	78e9      	ldrb	r1, [r5, #3]
100050d6:	d907      	bls.n	100050e8 <tud_cdc_n_read+0x7c>
100050d8:	4a06      	ldr	r2, [pc, #24]	@ (100050f4 <tud_cdc_n_read+0x88>)
100050da:	2340      	movs	r3, #64	@ 0x40
100050dc:	9801      	ldr	r0, [sp, #4]
100050de:	eb02 12c8 	add.w	r2, r2, r8, lsl #7
100050e2:	f7ff fe15 	bl	10004d10 <usbd_edpt_xfer>
100050e6:	e7d9      	b.n	1000509c <tud_cdc_n_read+0x30>
100050e8:	9801      	ldr	r0, [sp, #4]
100050ea:	f7ff fdff 	bl	10004cec <usbd_edpt_release>
100050ee:	e7d5      	b.n	1000509c <tud_cdc_n_read+0x30>
100050f0:	200015d0 	.word	0x200015d0
100050f4:	20001824 	.word	0x20001824

100050f8 <tud_cdc_n_write_flush>:
100050f8:	b5f0      	push	{r4, r5, r6, r7, lr}
100050fa:	b083      	sub	sp, #12
100050fc:	4605      	mov	r5, r0
100050fe:	f7ff f919 	bl	10004334 <tud_mounted>
10005102:	b910      	cbnz	r0, 1000510a <tud_cdc_n_write_flush+0x12>
10005104:	2000      	movs	r0, #0
10005106:	b003      	add	sp, #12
10005108:	bdf0      	pop	{r4, r5, r6, r7, pc}
1000510a:	f7ff f91b 	bl	10004344 <tud_suspended>
1000510e:	4604      	mov	r4, r0
10005110:	2800      	cmp	r0, #0
10005112:	d1f7      	bne.n	10005104 <tud_cdc_n_write_flush+0xc>
10005114:	23c8      	movs	r3, #200	@ 0xc8
10005116:	fb05 f303 	mul.w	r3, r5, r3
1000511a:	4a1a      	ldr	r2, [pc, #104]	@ (10005184 <tud_cdc_n_write_flush+0x8c>)
1000511c:	f103 0124 	add.w	r1, r3, #36	@ 0x24
10005120:	188f      	adds	r7, r1, r2
10005122:	4638      	mov	r0, r7
10005124:	9300      	str	r3, [sp, #0]
10005126:	f000 fb2b 	bl	10005780 <tu_fifo_count>
1000512a:	2800      	cmp	r0, #0
1000512c:	d0ea      	beq.n	10005104 <tud_cdc_n_write_flush+0xc>
1000512e:	4a15      	ldr	r2, [pc, #84]	@ (10005184 <tud_cdc_n_write_flush+0x8c>)
10005130:	9b00      	ldr	r3, [sp, #0]
10005132:	4620      	mov	r0, r4
10005134:	18d6      	adds	r6, r2, r3
10005136:	78b1      	ldrb	r1, [r6, #2]
10005138:	f7ff fdc6 	bl	10004cc8 <usbd_edpt_claim>
1000513c:	2800      	cmp	r0, #0
1000513e:	d0e1      	beq.n	10005104 <tud_cdc_n_write_flush+0xc>
10005140:	4911      	ldr	r1, [pc, #68]	@ (10005188 <tud_cdc_n_write_flush+0x90>)
10005142:	4638      	mov	r0, r7
10005144:	eb01 11c5 	add.w	r1, r1, r5, lsl #7
10005148:	2240      	movs	r2, #64	@ 0x40
1000514a:	9100      	str	r1, [sp, #0]
1000514c:	f000 fb92 	bl	10005874 <tu_fifo_read_n>
10005150:	f896 c002 	ldrb.w	ip, [r6, #2]
10005154:	4603      	mov	r3, r0
10005156:	b170      	cbz	r0, 10005176 <tud_cdc_n_write_flush+0x7e>
10005158:	9001      	str	r0, [sp, #4]
1000515a:	4661      	mov	r1, ip
1000515c:	4620      	mov	r0, r4
1000515e:	9a00      	ldr	r2, [sp, #0]
10005160:	f7ff fdd6 	bl	10004d10 <usbd_edpt_xfer>
10005164:	b958      	cbnz	r0, 1000517e <tud_cdc_n_write_flush+0x86>
10005166:	f04f 23e0 	mov.w	r3, #3758153728	@ 0xe000e000
1000516a:	f8d3 3df0 	ldr.w	r3, [r3, #3568]	@ 0xdf0
1000516e:	07db      	lsls	r3, r3, #31
10005170:	d5c8      	bpl.n	10005104 <tud_cdc_n_write_flush+0xc>
10005172:	be00      	bkpt	0x0000
10005174:	e7c6      	b.n	10005104 <tud_cdc_n_write_flush+0xc>
10005176:	4661      	mov	r1, ip
10005178:	f7ff fdb8 	bl	10004cec <usbd_edpt_release>
1000517c:	e7c2      	b.n	10005104 <tud_cdc_n_write_flush+0xc>
1000517e:	9801      	ldr	r0, [sp, #4]
10005180:	e7c1      	b.n	10005106 <tud_cdc_n_write_flush+0xe>
10005182:	bf00      	nop
10005184:	200015d0 	.word	0x200015d0
10005188:	20001864 	.word	0x20001864

1000518c <tud_cdc_n_write>:
1000518c:	b570      	push	{r4, r5, r6, lr}
1000518e:	4605      	mov	r5, r0
10005190:	f64f 70ff 	movw	r0, #65535	@ 0xffff
10005194:	23c8      	movs	r3, #200	@ 0xc8
10005196:	4282      	cmp	r2, r0
10005198:	bf28      	it	cs
1000519a:	4602      	movcs	r2, r0
1000519c:	4c09      	ldr	r4, [pc, #36]	@ (100051c4 <tud_cdc_n_write+0x38>)
1000519e:	b292      	uxth	r2, r2
100051a0:	fb03 4405 	mla	r4, r3, r5, r4
100051a4:	4620      	mov	r0, r4
100051a6:	f000 fc29 	bl	100059fc <tu_fifo_write_n>
100051aa:	4606      	mov	r6, r0
100051ac:	4620      	mov	r0, r4
100051ae:	f000 fae7 	bl	10005780 <tu_fifo_count>
100051b2:	283f      	cmp	r0, #63	@ 0x3f
100051b4:	d801      	bhi.n	100051ba <tud_cdc_n_write+0x2e>
100051b6:	4630      	mov	r0, r6
100051b8:	bd70      	pop	{r4, r5, r6, pc}
100051ba:	4628      	mov	r0, r5
100051bc:	f7ff ff9c 	bl	100050f8 <tud_cdc_n_write_flush>
100051c0:	4630      	mov	r0, r6
100051c2:	bd70      	pop	{r4, r5, r6, pc}
100051c4:	200015f4 	.word	0x200015f4

100051c8 <tud_cdc_n_write_available>:
100051c8:	22c8      	movs	r2, #200	@ 0xc8
100051ca:	b508      	push	{r3, lr}
100051cc:	4b02      	ldr	r3, [pc, #8]	@ (100051d8 <tud_cdc_n_write_available+0x10>)
100051ce:	fb02 3000 	mla	r0, r2, r0, r3
100051d2:	f000 faef 	bl	100057b4 <tu_fifo_remaining>
100051d6:	bd08      	pop	{r3, pc}
100051d8:	200015f4 	.word	0x200015f4

100051dc <cdcd_init>:
100051dc:	b570      	push	{r4, r5, r6, lr}
100051de:	2400      	movs	r4, #0
100051e0:	b082      	sub	sp, #8
100051e2:	22c8      	movs	r2, #200	@ 0xc8
100051e4:	2100      	movs	r1, #0
100051e6:	4818      	ldr	r0, [pc, #96]	@ (10005248 <cdcd_init+0x6c>)
100051e8:	f000 fe00 	bl	10005dec <memset>
100051ec:	23ff      	movs	r3, #255	@ 0xff
100051ee:	f44f 31e1 	mov.w	r1, #115200	@ 0x1c200
100051f2:	2208      	movs	r2, #8
100051f4:	4815      	ldr	r0, [pc, #84]	@ (1000524c <cdcd_init+0x70>)
100051f6:	7004      	strb	r4, [r0, #0]
100051f8:	4813      	ldr	r0, [pc, #76]	@ (10005248 <cdcd_init+0x6c>)
100051fa:	9400      	str	r4, [sp, #0]
100051fc:	4606      	mov	r6, r0
100051fe:	7143      	strb	r3, [r0, #5]
10005200:	6081      	str	r1, [r0, #8]
10005202:	7382      	strb	r2, [r0, #14]
10005204:	f100 0138 	add.w	r1, r0, #56	@ 0x38
10005208:	2301      	movs	r3, #1
1000520a:	2240      	movs	r2, #64	@ 0x40
1000520c:	3010      	adds	r0, #16
1000520e:	f000 fa87 	bl	10005720 <tu_fifo_config>
10005212:	2301      	movs	r3, #1
10005214:	2240      	movs	r2, #64	@ 0x40
10005216:	f106 0178 	add.w	r1, r6, #120	@ 0x78
1000521a:	9300      	str	r3, [sp, #0]
1000521c:	f106 05b8 	add.w	r5, r6, #184	@ 0xb8
10005220:	f106 0024 	add.w	r0, r6, #36	@ 0x24
10005224:	f000 fa7c 	bl	10005720 <tu_fifo_config>
10005228:	4628      	mov	r0, r5
1000522a:	f7fb fd2d 	bl	10000c88 <mutex_init>
1000522e:	f106 00c0 	add.w	r0, r6, #192	@ 0xc0
10005232:	f7fb fd29 	bl	10000c88 <mutex_init>
10005236:	f106 00c0 	add.w	r0, r6, #192	@ 0xc0
1000523a:	e9c6 4507 	strd	r4, r5, [r6, #28]
1000523e:	e9c6 040c 	strd	r0, r4, [r6, #48]	@ 0x30
10005242:	b002      	add	sp, #8
10005244:	bd70      	pop	{r4, r5, r6, pc}
10005246:	bf00      	nop
10005248:	200015d0 	.word	0x200015d0
1000524c:	200018a4 	.word	0x200018a4

10005250 <cdcd_deinit>:
10005250:	4b0a      	ldr	r3, [pc, #40]	@ (1000527c <cdcd_deinit+0x2c>)
10005252:	6b19      	ldr	r1, [r3, #48]	@ 0x30
10005254:	6a1a      	ldr	r2, [r3, #32]
10005256:	b161      	cbz	r1, 10005272 <cdcd_deinit+0x22>
10005258:	b13a      	cbz	r2, 1000526a <cdcd_deinit+0x1a>
1000525a:	2200      	movs	r2, #0
1000525c:	e9c3 220c 	strd	r2, r2, [r3, #48]	@ 0x30
10005260:	61da      	str	r2, [r3, #28]
10005262:	2200      	movs	r2, #0
10005264:	621a      	str	r2, [r3, #32]
10005266:	2001      	movs	r0, #1
10005268:	4770      	bx	lr
1000526a:	2001      	movs	r0, #1
1000526c:	e9c3 220c 	strd	r2, r2, [r3, #48]	@ 0x30
10005270:	4770      	bx	lr
10005272:	2a00      	cmp	r2, #0
10005274:	d0f7      	beq.n	10005266 <cdcd_deinit+0x16>
10005276:	61d9      	str	r1, [r3, #28]
10005278:	e7f3      	b.n	10005262 <cdcd_deinit+0x12>
1000527a:	bf00      	nop
1000527c:	200015d0 	.word	0x200015d0

10005280 <cdcd_reset>:
10005280:	2200      	movs	r2, #0
10005282:	4910      	ldr	r1, [pc, #64]	@ (100052c4 <cdcd_reset+0x44>)
10005284:	b508      	push	{r3, lr}
10005286:	4810      	ldr	r0, [pc, #64]	@ (100052c8 <cdcd_reset+0x48>)
10005288:	780b      	ldrb	r3, [r1, #0]
1000528a:	6002      	str	r2, [r0, #0]
1000528c:	7102      	strb	r2, [r0, #4]
1000528e:	07da      	lsls	r2, r3, #31
10005290:	d507      	bpl.n	100052a2 <cdcd_reset+0x22>
10005292:	079b      	lsls	r3, r3, #30
10005294:	d50c      	bpl.n	100052b0 <cdcd_reset+0x30>
10005296:	e8bd 4008 	ldmia.w	sp!, {r3, lr}
1000529a:	2101      	movs	r1, #1
1000529c:	480b      	ldr	r0, [pc, #44]	@ (100052cc <cdcd_reset+0x4c>)
1000529e:	f000 bc71 	b.w	10005b84 <tu_fifo_set_overwritable>
100052a2:	3010      	adds	r0, #16
100052a4:	f000 fc52 	bl	10005b4c <tu_fifo_clear>
100052a8:	4906      	ldr	r1, [pc, #24]	@ (100052c4 <cdcd_reset+0x44>)
100052aa:	780b      	ldrb	r3, [r1, #0]
100052ac:	079b      	lsls	r3, r3, #30
100052ae:	d4f2      	bmi.n	10005296 <cdcd_reset+0x16>
100052b0:	4806      	ldr	r0, [pc, #24]	@ (100052cc <cdcd_reset+0x4c>)
100052b2:	f000 fc4b 	bl	10005b4c <tu_fifo_clear>
100052b6:	e8bd 4008 	ldmia.w	sp!, {r3, lr}
100052ba:	2101      	movs	r1, #1
100052bc:	4803      	ldr	r0, [pc, #12]	@ (100052cc <cdcd_reset+0x4c>)
100052be:	f000 bc61 	b.w	10005b84 <tu_fifo_set_overwritable>
100052c2:	bf00      	nop
100052c4:	200018a4 	.word	0x200018a4
100052c8:	200015d0 	.word	0x200015d0
100052cc:	200015f4 	.word	0x200015f4

100052d0 <cdcd_open>:
100052d0:	b570      	push	{r4, r5, r6, lr}
100052d2:	794b      	ldrb	r3, [r1, #5]
100052d4:	b084      	sub	sp, #16
100052d6:	2b02      	cmp	r3, #2
100052d8:	d102      	bne.n	100052e0 <cdcd_open+0x10>
100052da:	798b      	ldrb	r3, [r1, #6]
100052dc:	2b02      	cmp	r3, #2
100052de:	d003      	beq.n	100052e8 <cdcd_open+0x18>
100052e0:	2400      	movs	r4, #0
100052e2:	4620      	mov	r0, r4
100052e4:	b004      	add	sp, #16
100052e6:	bd70      	pop	{r4, r5, r6, pc}
100052e8:	4b2b      	ldr	r3, [pc, #172]	@ (10005398 <cdcd_open+0xc8>)
100052ea:	789b      	ldrb	r3, [r3, #2]
100052ec:	b13b      	cbz	r3, 100052fe <cdcd_open+0x2e>
100052ee:	f04f 23e0 	mov.w	r3, #3758153728	@ 0xe000e000
100052f2:	f8d3 3df0 	ldr.w	r3, [r3, #3568]	@ 0xdf0
100052f6:	07db      	lsls	r3, r3, #31
100052f8:	d5f2      	bpl.n	100052e0 <cdcd_open+0x10>
100052fa:	be00      	bkpt	0x0000
100052fc:	e7f0      	b.n	100052e0 <cdcd_open+0x10>
100052fe:	788b      	ldrb	r3, [r1, #2]
10005300:	4605      	mov	r5, r0
10005302:	4825      	ldr	r0, [pc, #148]	@ (10005398 <cdcd_open+0xc8>)
10005304:	7003      	strb	r3, [r0, #0]
10005306:	780b      	ldrb	r3, [r1, #0]
10005308:	4419      	add	r1, r3
1000530a:	f891 c001 	ldrb.w	ip, [r1, #1]
1000530e:	f1bc 0f24 	cmp.w	ip, #36	@ 0x24
10005312:	bf08      	it	eq
10005314:	2409      	moveq	r4, #9
10005316:	d009      	beq.n	1000532c <cdcd_open+0x5c>
10005318:	e03b      	b.n	10005392 <cdcd_open+0xc2>
1000531a:	780b      	ldrb	r3, [r1, #0]
1000531c:	4419      	add	r1, r3
1000531e:	f891 c001 	ldrb.w	ip, [r1, #1]
10005322:	4423      	add	r3, r4
10005324:	f1bc 0f24 	cmp.w	ip, #36	@ 0x24
10005328:	b29c      	uxth	r4, r3
1000532a:	d107      	bne.n	1000533c <cdcd_open+0x6c>
1000532c:	4294      	cmp	r4, r2
1000532e:	d9f4      	bls.n	1000531a <cdcd_open+0x4a>
10005330:	2000      	movs	r0, #0
10005332:	f7ff fe3b 	bl	10004fac <_prep_out_transaction.isra.0>
10005336:	4620      	mov	r0, r4
10005338:	b004      	add	sp, #16
1000533a:	bd70      	pop	{r4, r5, r6, pc}
1000533c:	4663      	mov	r3, ip
1000533e:	f1bc 0f05 	cmp.w	ip, #5
10005342:	d016      	beq.n	10005372 <cdcd_open+0xa2>
10005344:	2b04      	cmp	r3, #4
10005346:	d1f3      	bne.n	10005330 <cdcd_open+0x60>
10005348:	794b      	ldrb	r3, [r1, #5]
1000534a:	2b0a      	cmp	r3, #10
1000534c:	d1f0      	bne.n	10005330 <cdcd_open+0x60>
1000534e:	4b13      	ldr	r3, [pc, #76]	@ (1000539c <cdcd_open+0xcc>)
10005350:	780a      	ldrb	r2, [r1, #0]
10005352:	9301      	str	r3, [sp, #4]
10005354:	3301      	adds	r3, #1
10005356:	9300      	str	r3, [sp, #0]
10005358:	2302      	movs	r3, #2
1000535a:	4616      	mov	r6, r2
1000535c:	4411      	add	r1, r2
1000535e:	4628      	mov	r0, r5
10005360:	461a      	mov	r2, r3
10005362:	f7ff fc33 	bl	10004bcc <usbd_open_edpt_pair>
10005366:	2800      	cmp	r0, #0
10005368:	d0c1      	beq.n	100052ee <cdcd_open+0x1e>
1000536a:	340e      	adds	r4, #14
1000536c:	1933      	adds	r3, r6, r4
1000536e:	b29c      	uxth	r4, r3
10005370:	e7de      	b.n	10005330 <cdcd_open+0x60>
10005372:	4628      	mov	r0, r5
10005374:	9103      	str	r1, [sp, #12]
10005376:	f7ff fc79 	bl	10004c6c <usbd_edpt_open>
1000537a:	9903      	ldr	r1, [sp, #12]
1000537c:	2800      	cmp	r0, #0
1000537e:	d0b6      	beq.n	100052ee <cdcd_open+0x1e>
10005380:	788b      	ldrb	r3, [r1, #2]
10005382:	4a05      	ldr	r2, [pc, #20]	@ (10005398 <cdcd_open+0xc8>)
10005384:	7053      	strb	r3, [r2, #1]
10005386:	780b      	ldrb	r3, [r1, #0]
10005388:	191a      	adds	r2, r3, r4
1000538a:	4419      	add	r1, r3
1000538c:	784b      	ldrb	r3, [r1, #1]
1000538e:	b294      	uxth	r4, r2
10005390:	e7d8      	b.n	10005344 <cdcd_open+0x74>
10005392:	4663      	mov	r3, ip
10005394:	2409      	movs	r4, #9
10005396:	e7d2      	b.n	1000533e <cdcd_open+0x6e>
10005398:	200015d0 	.word	0x200015d0
1000539c:	200015d2 	.word	0x200015d2

100053a0 <cdcd_control_xfer_cb>:
100053a0:	7813      	ldrb	r3, [r2, #0]
100053a2:	f003 0360 	and.w	r3, r3, #96	@ 0x60
100053a6:	2b20      	cmp	r3, #32
100053a8:	d10b      	bne.n	100053c2 <cdcd_control_xfer_cb+0x22>
100053aa:	b500      	push	{lr}
100053ac:	f8df c0bc 	ldr.w	ip, [pc, #188]	@ 1000546c <cdcd_control_xfer_cb+0xcc>
100053b0:	8893      	ldrh	r3, [r2, #4]
100053b2:	f89c e000 	ldrb.w	lr, [ip]
100053b6:	b083      	sub	sp, #12
100053b8:	459e      	cmp	lr, r3
100053ba:	d004      	beq.n	100053c6 <cdcd_control_xfer_cb+0x26>
100053bc:	2000      	movs	r0, #0
100053be:	b003      	add	sp, #12
100053c0:	bd00      	pop	{pc}
100053c2:	2000      	movs	r0, #0
100053c4:	4770      	bx	lr
100053c6:	7853      	ldrb	r3, [r2, #1]
100053c8:	3b20      	subs	r3, #32
100053ca:	2b03      	cmp	r3, #3
100053cc:	d8f6      	bhi.n	100053bc <cdcd_control_xfer_cb+0x1c>
100053ce:	e8df f003 	tbb	[pc, r3]
100053d2:	272c      	.short	0x272c
100053d4:	020d      	.short	0x020d
100053d6:	2901      	cmp	r1, #1
100053d8:	d033      	beq.n	10005442 <cdcd_control_xfer_cb+0xa2>
100053da:	2903      	cmp	r1, #3
100053dc:	d122      	bne.n	10005424 <cdcd_control_xfer_cb+0x84>
100053de:	4b1e      	ldr	r3, [pc, #120]	@ (10005458 <cdcd_control_xfer_cb+0xb8>)
100053e0:	b303      	cbz	r3, 10005424 <cdcd_control_xfer_cb+0x84>
100053e2:	2000      	movs	r0, #0
100053e4:	8851      	ldrh	r1, [r2, #2]
100053e6:	f3af 8000 	nop.w
100053ea:	e01b      	b.n	10005424 <cdcd_control_xfer_cb+0x84>
100053ec:	2901      	cmp	r1, #1
100053ee:	d028      	beq.n	10005442 <cdcd_control_xfer_cb+0xa2>
100053f0:	2903      	cmp	r1, #3
100053f2:	d117      	bne.n	10005424 <cdcd_control_xfer_cb+0x84>
100053f4:	8852      	ldrh	r2, [r2, #2]
100053f6:	4819      	ldr	r0, [pc, #100]	@ (1000545c <cdcd_control_xfer_cb+0xbc>)
100053f8:	f002 0301 	and.w	r3, r2, #1
100053fc:	f083 0101 	eor.w	r1, r3, #1
10005400:	9301      	str	r3, [sp, #4]
10005402:	f88c 2004 	strb.w	r2, [ip, #4]
10005406:	9200      	str	r2, [sp, #0]
10005408:	f000 fbbc 	bl	10005b84 <tu_fifo_set_overwritable>
1000540c:	4914      	ldr	r1, [pc, #80]	@ (10005460 <cdcd_control_xfer_cb+0xc0>)
1000540e:	b149      	cbz	r1, 10005424 <cdcd_control_xfer_cb+0x84>
10005410:	9a00      	ldr	r2, [sp, #0]
10005412:	2000      	movs	r0, #0
10005414:	9901      	ldr	r1, [sp, #4]
10005416:	f3c2 0240 	ubfx	r2, r2, #1, #1
1000541a:	f3af 8000 	nop.w
1000541e:	e001      	b.n	10005424 <cdcd_control_xfer_cb+0x84>
10005420:	2901      	cmp	r1, #1
10005422:	d012      	beq.n	1000544a <cdcd_control_xfer_cb+0xaa>
10005424:	2001      	movs	r0, #1
10005426:	b003      	add	sp, #12
10005428:	bd00      	pop	{pc}
1000542a:	2901      	cmp	r1, #1
1000542c:	d00d      	beq.n	1000544a <cdcd_control_xfer_cb+0xaa>
1000542e:	2903      	cmp	r1, #3
10005430:	d1f8      	bne.n	10005424 <cdcd_control_xfer_cb+0x84>
10005432:	4b0c      	ldr	r3, [pc, #48]	@ (10005464 <cdcd_control_xfer_cb+0xc4>)
10005434:	2b00      	cmp	r3, #0
10005436:	d0f5      	beq.n	10005424 <cdcd_control_xfer_cb+0x84>
10005438:	2000      	movs	r0, #0
1000543a:	490b      	ldr	r1, [pc, #44]	@ (10005468 <cdcd_control_xfer_cb+0xc8>)
1000543c:	f7fe fda8 	bl	10003f90 <tud_cdc_line_coding_cb>
10005440:	e7f0      	b.n	10005424 <cdcd_control_xfer_cb+0x84>
10005442:	4611      	mov	r1, r2
10005444:	f7ff fc9c 	bl	10004d80 <tud_control_status>
10005448:	e7ec      	b.n	10005424 <cdcd_control_xfer_cb+0x84>
1000544a:	4611      	mov	r1, r2
1000544c:	2307      	movs	r3, #7
1000544e:	4a06      	ldr	r2, [pc, #24]	@ (10005468 <cdcd_control_xfer_cb+0xc8>)
10005450:	f7ff fcb2 	bl	10004db8 <tud_control_xfer>
10005454:	e7e6      	b.n	10005424 <cdcd_control_xfer_cb+0x84>
10005456:	bf00      	nop
10005458:	00000000 	.word	0x00000000
1000545c:	200015f4 	.word	0x200015f4
10005460:	00000000 	.word	0x00000000
10005464:	10003f91 	.word	0x10003f91
10005468:	200015d8 	.word	0x200015d8
1000546c:	200015d0 	.word	0x200015d0

10005470 <cdcd_xfer_cb>:
10005470:	e92d 41f0 	stmdb	sp!, {r4, r5, r6, r7, r8, lr}
10005474:	4c35      	ldr	r4, [pc, #212]	@ (1000554c <cdcd_xfer_cb+0xdc>)
10005476:	460d      	mov	r5, r1
10005478:	78e2      	ldrb	r2, [r4, #3]
1000547a:	4607      	mov	r7, r0
1000547c:	428a      	cmp	r2, r1
1000547e:	461e      	mov	r6, r3
10005480:	b082      	sub	sp, #8
10005482:	d02f      	beq.n	100054e4 <cdcd_xfer_cb+0x74>
10005484:	78a3      	ldrb	r3, [r4, #2]
10005486:	428b      	cmp	r3, r1
10005488:	d009      	beq.n	1000549e <cdcd_xfer_cb+0x2e>
1000548a:	f04f 23e0 	mov.w	r3, #3758153728	@ 0xe000e000
1000548e:	f8d3 3df0 	ldr.w	r3, [r3, #3568]	@ 0xdf0
10005492:	07db      	lsls	r3, r3, #31
10005494:	d424      	bmi.n	100054e0 <cdcd_xfer_cb+0x70>
10005496:	2000      	movs	r0, #0
10005498:	b002      	add	sp, #8
1000549a:	e8bd 81f0 	ldmia.w	sp!, {r4, r5, r6, r7, r8, pc}
1000549e:	4b2c      	ldr	r3, [pc, #176]	@ (10005550 <cdcd_xfer_cb+0xe0>)
100054a0:	b113      	cbz	r3, 100054a8 <cdcd_xfer_cb+0x38>
100054a2:	2000      	movs	r0, #0
100054a4:	f3af 8000 	nop.w
100054a8:	2000      	movs	r0, #0
100054aa:	f7ff fe25 	bl	100050f8 <tud_cdc_n_write_flush>
100054ae:	2800      	cmp	r0, #0
100054b0:	d147      	bne.n	10005542 <cdcd_xfer_cb+0xd2>
100054b2:	4828      	ldr	r0, [pc, #160]	@ (10005554 <cdcd_xfer_cb+0xe4>)
100054b4:	f000 f964 	bl	10005780 <tu_fifo_count>
100054b8:	2800      	cmp	r0, #0
100054ba:	d142      	bne.n	10005542 <cdcd_xfer_cb+0xd2>
100054bc:	2e00      	cmp	r6, #0
100054be:	d040      	beq.n	10005542 <cdcd_xfer_cb+0xd2>
100054c0:	f016 053f 	ands.w	r5, r6, #63	@ 0x3f
100054c4:	d13d      	bne.n	10005542 <cdcd_xfer_cb+0xd2>
100054c6:	4638      	mov	r0, r7
100054c8:	78a1      	ldrb	r1, [r4, #2]
100054ca:	f7ff fbfd 	bl	10004cc8 <usbd_edpt_claim>
100054ce:	2800      	cmp	r0, #0
100054d0:	d037      	beq.n	10005542 <cdcd_xfer_cb+0xd2>
100054d2:	462b      	mov	r3, r5
100054d4:	462a      	mov	r2, r5
100054d6:	4638      	mov	r0, r7
100054d8:	78a1      	ldrb	r1, [r4, #2]
100054da:	f7ff fc19 	bl	10004d10 <usbd_edpt_xfer>
100054de:	e030      	b.n	10005542 <cdcd_xfer_cb+0xd2>
100054e0:	be00      	bkpt	0x0000
100054e2:	e7d8      	b.n	10005496 <cdcd_xfer_cb+0x26>
100054e4:	b29a      	uxth	r2, r3
100054e6:	491c      	ldr	r1, [pc, #112]	@ (10005558 <cdcd_xfer_cb+0xe8>)
100054e8:	f104 0010 	add.w	r0, r4, #16
100054ec:	f000 fa86 	bl	100059fc <tu_fifo_write_n>
100054f0:	4b1a      	ldr	r3, [pc, #104]	@ (1000555c <cdcd_xfer_cb+0xec>)
100054f2:	b1d3      	cbz	r3, 1000552a <cdcd_xfer_cb+0xba>
100054f4:	7962      	ldrb	r2, [r4, #5]
100054f6:	2aff      	cmp	r2, #255	@ 0xff
100054f8:	d017      	beq.n	1000552a <cdcd_xfer_cb+0xba>
100054fa:	b1b6      	cbz	r6, 1000552a <cdcd_xfer_cb+0xba>
100054fc:	4b16      	ldr	r3, [pc, #88]	@ (10005558 <cdcd_xfer_cb+0xe8>)
100054fe:	eb03 0806 	add.w	r8, r3, r6
10005502:	e002      	b.n	1000550a <cdcd_xfer_cb+0x9a>
10005504:	4543      	cmp	r3, r8
10005506:	d010      	beq.n	1000552a <cdcd_xfer_cb+0xba>
10005508:	7962      	ldrb	r2, [r4, #5]
1000550a:	f813 1b01 	ldrb.w	r1, [r3], #1
1000550e:	4291      	cmp	r1, r2
10005510:	d1f8      	bne.n	10005504 <cdcd_xfer_cb+0x94>
10005512:	4813      	ldr	r0, [pc, #76]	@ (10005560 <cdcd_xfer_cb+0xf0>)
10005514:	9301      	str	r3, [sp, #4]
10005516:	f000 f943 	bl	100057a0 <tu_fifo_empty>
1000551a:	9b01      	ldr	r3, [sp, #4]
1000551c:	2800      	cmp	r0, #0
1000551e:	d1f1      	bne.n	10005504 <cdcd_xfer_cb+0x94>
10005520:	7961      	ldrb	r1, [r4, #5]
10005522:	f3af 8000 	nop.w
10005526:	9b01      	ldr	r3, [sp, #4]
10005528:	e7ec      	b.n	10005504 <cdcd_xfer_cb+0x94>
1000552a:	4b0e      	ldr	r3, [pc, #56]	@ (10005564 <cdcd_xfer_cb+0xf4>)
1000552c:	b11b      	cbz	r3, 10005536 <cdcd_xfer_cb+0xc6>
1000552e:	480c      	ldr	r0, [pc, #48]	@ (10005560 <cdcd_xfer_cb+0xf0>)
10005530:	f000 f936 	bl	100057a0 <tu_fifo_empty>
10005534:	b138      	cbz	r0, 10005546 <cdcd_xfer_cb+0xd6>
10005536:	2000      	movs	r0, #0
10005538:	f7ff fd38 	bl	10004fac <_prep_out_transaction.isra.0>
1000553c:	78a3      	ldrb	r3, [r4, #2]
1000553e:	42ab      	cmp	r3, r5
10005540:	d0ad      	beq.n	1000549e <cdcd_xfer_cb+0x2e>
10005542:	2001      	movs	r0, #1
10005544:	e7a8      	b.n	10005498 <cdcd_xfer_cb+0x28>
10005546:	f3af 8000 	nop.w
1000554a:	e7f4      	b.n	10005536 <cdcd_xfer_cb+0xc6>
1000554c:	200015d0 	.word	0x200015d0
10005550:	00000000 	.word	0x00000000
10005554:	200015f4 	.word	0x200015f4
10005558:	20001824 	.word	0x20001824
1000555c:	00000000 	.word	0x00000000
10005560:	200015e0 	.word	0x200015e0
10005564:	00000000 	.word	0x00000000

10005568 <tusb_rhport_init>:
10005568:	b500      	push	{lr}
1000556a:	b083      	sub	sp, #12
1000556c:	b1d9      	cbz	r1, 100055a6 <tusb_rhport_init+0x3e>
1000556e:	2801      	cmp	r0, #1
10005570:	d80e      	bhi.n	10005590 <tusb_rhport_init+0x28>
10005572:	780b      	ldrb	r3, [r1, #0]
10005574:	b163      	cbz	r3, 10005590 <tusb_rhport_init+0x28>
10005576:	f8df c058 	ldr.w	ip, [pc, #88]	@ 100055d0 <tusb_rhport_init+0x68>
1000557a:	2b01      	cmp	r3, #1
1000557c:	f80c 3000 	strb.w	r3, [ip, r0]
10005580:	d002      	beq.n	10005588 <tusb_rhport_init+0x20>
10005582:	2001      	movs	r0, #1
10005584:	b003      	add	sp, #12
10005586:	bd00      	pop	{pc}
10005588:	f7fe fee4 	bl	10004354 <tud_rhport_init>
1000558c:	2800      	cmp	r0, #0
1000558e:	d1f8      	bne.n	10005582 <tusb_rhport_init+0x1a>
10005590:	f04f 23e0 	mov.w	r3, #3758153728	@ 0xe000e000
10005594:	f8d3 3df0 	ldr.w	r3, [r3, #3568]	@ 0xdf0
10005598:	07db      	lsls	r3, r3, #31
1000559a:	d402      	bmi.n	100055a2 <tusb_rhport_init+0x3a>
1000559c:	2000      	movs	r0, #0
1000559e:	b003      	add	sp, #12
100055a0:	bd00      	pop	{pc}
100055a2:	be00      	bkpt	0x0000
100055a4:	e7fa      	b.n	1000559c <tusb_rhport_init+0x34>
100055a6:	2201      	movs	r2, #1
100055a8:	4608      	mov	r0, r1
100055aa:	a901      	add	r1, sp, #4
100055ac:	f8ad 2004 	strh.w	r2, [sp, #4]
100055b0:	f7fe fed0 	bl	10004354 <tud_rhport_init>
100055b4:	2201      	movs	r2, #1
100055b6:	b938      	cbnz	r0, 100055c8 <tusb_rhport_init+0x60>
100055b8:	f04f 23e0 	mov.w	r3, #3758153728	@ 0xe000e000
100055bc:	f8d3 3df0 	ldr.w	r3, [r3, #3568]	@ 0xdf0
100055c0:	07da      	lsls	r2, r3, #31
100055c2:	d5ec      	bpl.n	1000559e <tusb_rhport_init+0x36>
100055c4:	be00      	bkpt	0x0000
100055c6:	e7ea      	b.n	1000559e <tusb_rhport_init+0x36>
100055c8:	4b01      	ldr	r3, [pc, #4]	@ (100055d0 <tusb_rhport_init+0x68>)
100055ca:	701a      	strb	r2, [r3, #0]
100055cc:	e7e7      	b.n	1000559e <tusb_rhport_init+0x36>
100055ce:	bf00      	nop
100055d0:	2000191c 	.word	0x2000191c

100055d4 <tu_edpt_claim>:
100055d4:	7803      	ldrb	r3, [r0, #0]
100055d6:	f013 0301 	ands.w	r3, r3, #1
100055da:	d11e      	bne.n	1000561a <tu_edpt_claim+0x46>
100055dc:	b530      	push	{r4, r5, lr}
100055de:	4602      	mov	r2, r0
100055e0:	7800      	ldrb	r0, [r0, #0]
100055e2:	b083      	sub	sp, #12
100055e4:	4604      	mov	r4, r0
100055e6:	0740      	lsls	r0, r0, #29
100055e8:	d502      	bpl.n	100055f0 <tu_edpt_claim+0x1c>
100055ea:	4618      	mov	r0, r3
100055ec:	b003      	add	sp, #12
100055ee:	bd30      	pop	{r4, r5, pc}
100055f0:	4608      	mov	r0, r1
100055f2:	460d      	mov	r5, r1
100055f4:	f04f 31ff 	mov.w	r1, #4294967295	@ 0xffffffff
100055f8:	9201      	str	r2, [sp, #4]
100055fa:	f000 fce1 	bl	10005fc0 <__mutex_enter_timeout_ms_veneer>
100055fe:	9a01      	ldr	r2, [sp, #4]
10005600:	7813      	ldrb	r3, [r2, #0]
10005602:	f013 0301 	ands.w	r3, r3, #1
10005606:	d10b      	bne.n	10005620 <tu_edpt_claim+0x4c>
10005608:	7811      	ldrb	r1, [r2, #0]
1000560a:	0749      	lsls	r1, r1, #29
1000560c:	d40a      	bmi.n	10005624 <tu_edpt_claim+0x50>
1000560e:	7811      	ldrb	r1, [r2, #0]
10005610:	2301      	movs	r3, #1
10005612:	f041 0104 	orr.w	r1, r1, #4
10005616:	7011      	strb	r1, [r2, #0]
10005618:	e004      	b.n	10005624 <tu_edpt_claim+0x50>
1000561a:	2300      	movs	r3, #0
1000561c:	4618      	mov	r0, r3
1000561e:	4770      	bx	lr
10005620:	f3c4 0380 	ubfx	r3, r4, #2, #1
10005624:	4628      	mov	r0, r5
10005626:	9301      	str	r3, [sp, #4]
10005628:	f000 fcde 	bl	10005fe8 <__mutex_exit_veneer>
1000562c:	9b01      	ldr	r3, [sp, #4]
1000562e:	4618      	mov	r0, r3
10005630:	b003      	add	sp, #12
10005632:	bd30      	pop	{r4, r5, pc}

10005634 <tu_edpt_release>:
10005634:	b570      	push	{r4, r5, r6, lr}
10005636:	460d      	mov	r5, r1
10005638:	4604      	mov	r4, r0
1000563a:	f04f 31ff 	mov.w	r1, #4294967295	@ 0xffffffff
1000563e:	4628      	mov	r0, r5
10005640:	f000 fcbe 	bl	10005fc0 <__mutex_enter_timeout_ms_veneer>
10005644:	7823      	ldrb	r3, [r4, #0]
10005646:	f3c3 0680 	ubfx	r6, r3, #2, #1
1000564a:	075b      	lsls	r3, r3, #29
1000564c:	d508      	bpl.n	10005660 <tu_edpt_release+0x2c>
1000564e:	7823      	ldrb	r3, [r4, #0]
10005650:	f013 0301 	ands.w	r3, r3, #1
10005654:	bf11      	iteee	ne
10005656:	2600      	movne	r6, #0
10005658:	7822      	ldrbeq	r2, [r4, #0]
1000565a:	f363 0282 	bfieq	r2, r3, #2, #1
1000565e:	7022      	strbeq	r2, [r4, #0]
10005660:	4628      	mov	r0, r5
10005662:	f000 fcc1 	bl	10005fe8 <__mutex_exit_veneer>
10005666:	4630      	mov	r0, r6
10005668:	bd70      	pop	{r4, r5, r6, pc}
1000566a:	bf00      	nop

1000566c <tu_edpt_validate>:
1000566c:	78c3      	ldrb	r3, [r0, #3]
1000566e:	8882      	ldrh	r2, [r0, #4]
10005670:	f003 0003 	and.w	r0, r3, #3
10005674:	2802      	cmp	r0, #2
10005676:	f3c2 020a 	ubfx	r2, r2, #0, #11
1000567a:	d015      	beq.n	100056a8 <tu_edpt_validate+0x3c>
1000567c:	2803      	cmp	r0, #3
1000567e:	d00a      	beq.n	10005696 <tu_edpt_validate+0x2a>
10005680:	2801      	cmp	r0, #1
10005682:	d11c      	bne.n	100056be <tu_edpt_validate+0x52>
10005684:	2902      	cmp	r1, #2
10005686:	f240 33ff 	movw	r3, #1023	@ 0x3ff
1000568a:	bf08      	it	eq
1000568c:	f44f 6380 	moveq.w	r3, #1024	@ 0x400
10005690:	4293      	cmp	r3, r2
10005692:	d30d      	bcc.n	100056b0 <tu_edpt_validate+0x44>
10005694:	4770      	bx	lr
10005696:	2902      	cmp	r1, #2
10005698:	bf14      	ite	ne
1000569a:	2340      	movne	r3, #64	@ 0x40
1000569c:	f44f 6380 	moveq.w	r3, #1024	@ 0x400
100056a0:	4293      	cmp	r3, r2
100056a2:	d305      	bcc.n	100056b0 <tu_edpt_validate+0x44>
100056a4:	2001      	movs	r0, #1
100056a6:	4770      	bx	lr
100056a8:	2902      	cmp	r1, #2
100056aa:	d00a      	beq.n	100056c2 <tu_edpt_validate+0x56>
100056ac:	2a40      	cmp	r2, #64	@ 0x40
100056ae:	d9f9      	bls.n	100056a4 <tu_edpt_validate+0x38>
100056b0:	f04f 23e0 	mov.w	r3, #3758153728	@ 0xe000e000
100056b4:	f8d3 3df0 	ldr.w	r3, [r3, #3568]	@ 0xdf0
100056b8:	07db      	lsls	r3, r3, #31
100056ba:	d500      	bpl.n	100056be <tu_edpt_validate+0x52>
100056bc:	be00      	bkpt	0x0000
100056be:	2000      	movs	r0, #0
100056c0:	4770      	bx	lr
100056c2:	f5b2 7f00 	cmp.w	r2, #512	@ 0x200
100056c6:	d0ed      	beq.n	100056a4 <tu_edpt_validate+0x38>
100056c8:	e7f2      	b.n	100056b0 <tu_edpt_validate+0x44>
100056ca:	bf00      	nop

100056cc <tu_edpt_bind_driver>:
100056cc:	440a      	add	r2, r1
100056ce:	4291      	cmp	r1, r2
100056d0:	d225      	bcs.n	1000571e <tu_edpt_bind_driver+0x52>
100056d2:	f891 c001 	ldrb.w	ip, [r1, #1]
100056d6:	f1bc 0f05 	cmp.w	ip, #5
100056da:	d005      	beq.n	100056e8 <tu_edpt_bind_driver+0x1c>
100056dc:	f891 c000 	ldrb.w	ip, [r1]
100056e0:	4461      	add	r1, ip
100056e2:	428a      	cmp	r2, r1
100056e4:	d8f5      	bhi.n	100056d2 <tu_edpt_bind_driver+0x6>
100056e6:	4770      	bx	lr
100056e8:	b500      	push	{lr}
100056ea:	f891 c002 	ldrb.w	ip, [r1, #2]
100056ee:	f00c 0e7f 	and.w	lr, ip, #127	@ 0x7f
100056f2:	eb00 0e4e 	add.w	lr, r0, lr, lsl #1
100056f6:	ea4f 1cdc 	mov.w	ip, ip, lsr #7
100056fa:	f80e 300c 	strb.w	r3, [lr, ip]
100056fe:	f891 c000 	ldrb.w	ip, [r1]
10005702:	4461      	add	r1, ip
10005704:	428a      	cmp	r2, r1
10005706:	d909      	bls.n	1000571c <tu_edpt_bind_driver+0x50>
10005708:	f891 c001 	ldrb.w	ip, [r1, #1]
1000570c:	f1bc 0f05 	cmp.w	ip, #5
10005710:	d0eb      	beq.n	100056ea <tu_edpt_bind_driver+0x1e>
10005712:	f891 c000 	ldrb.w	ip, [r1]
10005716:	4461      	add	r1, ip
10005718:	428a      	cmp	r2, r1
1000571a:	d8f5      	bhi.n	10005708 <tu_edpt_bind_driver+0x3c>
1000571c:	bd00      	pop	{pc}
1000571e:	4770      	bx	lr

10005720 <tu_fifo_config>:
10005720:	e92d 41f0 	stmdb	sp!, {r4, r5, r6, r7, r8, lr}
10005724:	f5b2 4f00 	cmp.w	r2, #32768	@ 0x8000
10005728:	f89d 5018 	ldrb.w	r5, [sp, #24]
1000572c:	d824      	bhi.n	10005778 <tu_fifo_config+0x58>
1000572e:	4604      	mov	r4, r0
10005730:	68c0      	ldr	r0, [r0, #12]
10005732:	4698      	mov	r8, r3
10005734:	460f      	mov	r7, r1
10005736:	4616      	mov	r6, r2
10005738:	b118      	cbz	r0, 10005742 <tu_fifo_config+0x22>
1000573a:	f04f 31ff 	mov.w	r1, #4294967295	@ 0xffffffff
1000573e:	f000 fc3f 	bl	10005fc0 <__mutex_enter_timeout_ms_veneer>
10005742:	6920      	ldr	r0, [r4, #16]
10005744:	b118      	cbz	r0, 1000574e <tu_fifo_config+0x2e>
10005746:	f04f 31ff 	mov.w	r1, #4294967295	@ 0xffffffff
1000574a:	f000 fc39 	bl	10005fc0 <__mutex_enter_timeout_ms_veneer>
1000574e:	2200      	movs	r2, #0
10005750:	f3c8 030e 	ubfx	r3, r8, #0, #15
10005754:	68e0      	ldr	r0, [r4, #12]
10005756:	ea43 33c5 	orr.w	r3, r3, r5, lsl #15
1000575a:	8162      	strh	r2, [r4, #10]
1000575c:	6027      	str	r7, [r4, #0]
1000575e:	80a6      	strh	r6, [r4, #4]
10005760:	80e3      	strh	r3, [r4, #6]
10005762:	8122      	strh	r2, [r4, #8]
10005764:	b108      	cbz	r0, 1000576a <tu_fifo_config+0x4a>
10005766:	f000 fc3f 	bl	10005fe8 <__mutex_exit_veneer>
1000576a:	6920      	ldr	r0, [r4, #16]
1000576c:	b108      	cbz	r0, 10005772 <tu_fifo_config+0x52>
1000576e:	f000 fc3b 	bl	10005fe8 <__mutex_exit_veneer>
10005772:	2001      	movs	r0, #1
10005774:	e8bd 81f0 	ldmia.w	sp!, {r4, r5, r6, r7, r8, pc}
10005778:	2000      	movs	r0, #0
1000577a:	e8bd 81f0 	ldmia.w	sp!, {r4, r5, r6, r7, r8, pc}
1000577e:	bf00      	nop

10005780 <tu_fifo_count>:
10005780:	8903      	ldrh	r3, [r0, #8]
10005782:	8942      	ldrh	r2, [r0, #10]
10005784:	b29b      	uxth	r3, r3
10005786:	b292      	uxth	r2, r2
10005788:	8880      	ldrh	r0, [r0, #4]
1000578a:	4293      	cmp	r3, r2
1000578c:	bf36      	itet	cc
1000578e:	ebc2 0240 	rsbcc	r2, r2, r0, lsl #1
10005792:	1a9b      	subcs	r3, r3, r2
10005794:	189b      	addcc	r3, r3, r2
10005796:	b29b      	uxth	r3, r3
10005798:	4298      	cmp	r0, r3
1000579a:	bf28      	it	cs
1000579c:	4618      	movcs	r0, r3
1000579e:	4770      	bx	lr

100057a0 <tu_fifo_empty>:
100057a0:	8902      	ldrh	r2, [r0, #8]
100057a2:	8943      	ldrh	r3, [r0, #10]
100057a4:	b290      	uxth	r0, r2
100057a6:	b29b      	uxth	r3, r3
100057a8:	1ac0      	subs	r0, r0, r3
100057aa:	fab0 f080 	clz	r0, r0
100057ae:	0940      	lsrs	r0, r0, #5
100057b0:	4770      	bx	lr
100057b2:	bf00      	nop

100057b4 <tu_fifo_remaining>:
100057b4:	8903      	ldrh	r3, [r0, #8]
100057b6:	8942      	ldrh	r2, [r0, #10]
100057b8:	b29b      	uxth	r3, r3
100057ba:	8880      	ldrh	r0, [r0, #4]
100057bc:	b292      	uxth	r2, r2
100057be:	4293      	cmp	r3, r2
100057c0:	bf36      	itet	cc
100057c2:	ebc2 0240 	rsbcc	r2, r2, r0, lsl #1
100057c6:	1a9b      	subcs	r3, r3, r2
100057c8:	189b      	addcc	r3, r3, r2
100057ca:	b29b      	uxth	r3, r3
100057cc:	4298      	cmp	r0, r3
100057ce:	bf86      	itte	hi
100057d0:	1ac0      	subhi	r0, r0, r3
100057d2:	b280      	uxthhi	r0, r0
100057d4:	2000      	movls	r0, #0
100057d6:	4770      	bx	lr

100057d8 <tu_fifo_read>:
100057d8:	b530      	push	{r4, r5, lr}
100057da:	4604      	mov	r4, r0
100057dc:	6900      	ldr	r0, [r0, #16]
100057de:	460d      	mov	r5, r1
100057e0:	b083      	sub	sp, #12
100057e2:	b118      	cbz	r0, 100057ec <tu_fifo_read+0x14>
100057e4:	f04f 31ff 	mov.w	r1, #4294967295	@ 0xffffffff
100057e8:	f000 fbea 	bl	10005fc0 <__mutex_enter_timeout_ms_veneer>
100057ec:	8922      	ldrh	r2, [r4, #8]
100057ee:	8961      	ldrh	r1, [r4, #10]
100057f0:	b292      	uxth	r2, r2
100057f2:	b289      	uxth	r1, r1
100057f4:	88a3      	ldrh	r3, [r4, #4]
100057f6:	428a      	cmp	r2, r1
100057f8:	bf36      	itet	cc
100057fa:	ebc1 0043 	rsbcc	r0, r1, r3, lsl #1
100057fe:	1a50      	subcs	r0, r2, r1
10005800:	1880      	addcc	r0, r0, r2
10005802:	b280      	uxth	r0, r0
10005804:	b368      	cbz	r0, 10005862 <tu_fifo_read+0x8a>
10005806:	4283      	cmp	r3, r0
10005808:	d209      	bcs.n	1000581e <tu_fifo_read+0x46>
1000580a:	429a      	cmp	r2, r3
1000580c:	bf2c      	ite	cs
1000580e:	1ad2      	subcs	r2, r2, r3
10005810:	18d2      	addcc	r2, r2, r3
10005812:	b291      	uxth	r1, r2
10005814:	428b      	cmp	r3, r1
10005816:	8161      	strh	r1, [r4, #10]
10005818:	d803      	bhi.n	10005822 <tu_fifo_read+0x4a>
1000581a:	1ac9      	subs	r1, r1, r3
1000581c:	b289      	uxth	r1, r1
1000581e:	428b      	cmp	r3, r1
10005820:	d9fb      	bls.n	1000581a <tu_fifo_read+0x42>
10005822:	88e2      	ldrh	r2, [r4, #6]
10005824:	6823      	ldr	r3, [r4, #0]
10005826:	f3c2 020e 	ubfx	r2, r2, #0, #15
1000582a:	fb02 3101 	mla	r1, r2, r1, r3
1000582e:	4628      	mov	r0, r5
10005830:	f000 fb20 	bl	10005e74 <memcpy>
10005834:	8962      	ldrh	r2, [r4, #10]
10005836:	88a3      	ldrh	r3, [r4, #4]
10005838:	b292      	uxth	r2, r2
1000583a:	1c51      	adds	r1, r2, #1
1000583c:	b289      	uxth	r1, r1
1000583e:	428a      	cmp	r2, r1
10005840:	f04f 0201 	mov.w	r2, #1
10005844:	d910      	bls.n	10005868 <tu_fifo_read+0x90>
10005846:	2100      	movs	r1, #0
10005848:	fa03 f002 	lsl.w	r0, r3, r2
1000584c:	1a09      	subs	r1, r1, r0
1000584e:	6920      	ldr	r0, [r4, #16]
10005850:	8161      	strh	r1, [r4, #10]
10005852:	b118      	cbz	r0, 1000585c <tu_fifo_read+0x84>
10005854:	9201      	str	r2, [sp, #4]
10005856:	f000 fbc7 	bl	10005fe8 <__mutex_exit_veneer>
1000585a:	9a01      	ldr	r2, [sp, #4]
1000585c:	4610      	mov	r0, r2
1000585e:	b003      	add	sp, #12
10005860:	bd30      	pop	{r4, r5, pc}
10005862:	4602      	mov	r2, r0
10005864:	8961      	ldrh	r1, [r4, #10]
10005866:	b289      	uxth	r1, r1
10005868:	ebb1 0f43 	cmp.w	r1, r3, lsl #1
1000586c:	ea4f 0043 	mov.w	r0, r3, lsl #1
10005870:	dbed      	blt.n	1000584e <tu_fifo_read+0x76>
10005872:	e7eb      	b.n	1000584c <tu_fifo_read+0x74>

10005874 <tu_fifo_read_n>:
10005874:	e92d 41f0 	stmdb	sp!, {r4, r5, r6, r7, r8, lr}
10005878:	4605      	mov	r5, r0
1000587a:	6900      	ldr	r0, [r0, #16]
1000587c:	4688      	mov	r8, r1
1000587e:	b082      	sub	sp, #8
10005880:	b128      	cbz	r0, 1000588e <tu_fifo_read_n+0x1a>
10005882:	f04f 31ff 	mov.w	r1, #4294967295	@ 0xffffffff
10005886:	9200      	str	r2, [sp, #0]
10005888:	f000 fb9a 	bl	10005fc0 <__mutex_enter_timeout_ms_veneer>
1000588c:	9a00      	ldr	r2, [sp, #0]
1000588e:	8929      	ldrh	r1, [r5, #8]
10005890:	896b      	ldrh	r3, [r5, #10]
10005892:	b289      	uxth	r1, r1
10005894:	b29b      	uxth	r3, r3
10005896:	88ac      	ldrh	r4, [r5, #4]
10005898:	4299      	cmp	r1, r3
1000589a:	bf36      	itet	cc
1000589c:	ebc3 0644 	rsbcc	r6, r3, r4, lsl #1
100058a0:	1ace      	subcs	r6, r1, r3
100058a2:	1876      	addcc	r6, r6, r1
100058a4:	b2b6      	uxth	r6, r6
100058a6:	2e00      	cmp	r6, #0
100058a8:	d04b      	beq.n	10005942 <tu_fifo_read_n+0xce>
100058aa:	42b4      	cmp	r4, r6
100058ac:	d341      	bcc.n	10005932 <tu_fifo_read_n+0xbe>
100058ae:	42b2      	cmp	r2, r6
100058b0:	bf28      	it	cs
100058b2:	4632      	movcs	r2, r6
100058b4:	429c      	cmp	r4, r3
100058b6:	b296      	uxth	r6, r2
100058b8:	d803      	bhi.n	100058c2 <tu_fifo_read_n+0x4e>
100058ba:	1b1b      	subs	r3, r3, r4
100058bc:	b29b      	uxth	r3, r3
100058be:	429c      	cmp	r4, r3
100058c0:	d9fb      	bls.n	100058ba <tu_fifo_read_n+0x46>
100058c2:	f8b5 c006 	ldrh.w	ip, [r5, #6]
100058c6:	1ae0      	subs	r0, r4, r3
100058c8:	6829      	ldr	r1, [r5, #0]
100058ca:	b280      	uxth	r0, r0
100058cc:	f3cc 020e 	ubfx	r2, ip, #0, #15
100058d0:	4286      	cmp	r6, r0
100058d2:	4617      	mov	r7, r2
100058d4:	fb02 1103 	mla	r1, r2, r3, r1
100058d8:	d925      	bls.n	10005926 <tu_fifo_read_n+0xb2>
100058da:	fb10 f202 	smulbb	r2, r0, r2
100058de:	4640      	mov	r0, r8
100058e0:	b292      	uxth	r2, r2
100058e2:	9301      	str	r3, [sp, #4]
100058e4:	9200      	str	r2, [sp, #0]
100058e6:	f000 fac5 	bl	10005e74 <memcpy>
100058ea:	9b01      	ldr	r3, [sp, #4]
100058ec:	9a00      	ldr	r2, [sp, #0]
100058ee:	1b34      	subs	r4, r6, r4
100058f0:	4423      	add	r3, r4
100058f2:	eb08 0002 	add.w	r0, r8, r2
100058f6:	fb13 f207 	smulbb	r2, r3, r7
100058fa:	6829      	ldr	r1, [r5, #0]
100058fc:	b292      	uxth	r2, r2
100058fe:	f000 fab9 	bl	10005e74 <memcpy>
10005902:	896a      	ldrh	r2, [r5, #10]
10005904:	88ac      	ldrh	r4, [r5, #4]
10005906:	b292      	uxth	r2, r2
10005908:	1993      	adds	r3, r2, r6
1000590a:	b29b      	uxth	r3, r3
1000590c:	429a      	cmp	r2, r3
1000590e:	d91a      	bls.n	10005946 <tu_fifo_read_n+0xd2>
10005910:	0062      	lsls	r2, r4, #1
10005912:	1a9b      	subs	r3, r3, r2
10005914:	6928      	ldr	r0, [r5, #16]
10005916:	816b      	strh	r3, [r5, #10]
10005918:	b108      	cbz	r0, 1000591e <tu_fifo_read_n+0xaa>
1000591a:	f000 fb65 	bl	10005fe8 <__mutex_exit_veneer>
1000591e:	4630      	mov	r0, r6
10005920:	b002      	add	sp, #8
10005922:	e8bd 81f0 	ldmia.w	sp!, {r4, r5, r6, r7, r8, pc}
10005926:	4640      	mov	r0, r8
10005928:	fb06 f202 	mul.w	r2, r6, r2
1000592c:	f000 faa2 	bl	10005e74 <memcpy>
10005930:	e7e7      	b.n	10005902 <tu_fifo_read_n+0x8e>
10005932:	42a1      	cmp	r1, r4
10005934:	bf2c      	ite	cs
10005936:	1b09      	subcs	r1, r1, r4
10005938:	1909      	addcc	r1, r1, r4
1000593a:	b28b      	uxth	r3, r1
1000593c:	4626      	mov	r6, r4
1000593e:	816b      	strh	r3, [r5, #10]
10005940:	e7b5      	b.n	100058ae <tu_fifo_read_n+0x3a>
10005942:	896b      	ldrh	r3, [r5, #10]
10005944:	b29b      	uxth	r3, r3
10005946:	ebb3 0f44 	cmp.w	r3, r4, lsl #1
1000594a:	ea4f 0244 	mov.w	r2, r4, lsl #1
1000594e:	dbe1      	blt.n	10005914 <tu_fifo_read_n+0xa0>
10005950:	e7df      	b.n	10005912 <tu_fifo_read_n+0x9e>
10005952:	bf00      	nop

10005954 <tu_fifo_write>:
10005954:	b570      	push	{r4, r5, r6, lr}
10005956:	4604      	mov	r4, r0
10005958:	68c0      	ldr	r0, [r0, #12]
1000595a:	460e      	mov	r6, r1
1000595c:	b082      	sub	sp, #8
1000595e:	b118      	cbz	r0, 10005968 <tu_fifo_write+0x14>
10005960:	f04f 31ff 	mov.w	r1, #4294967295	@ 0xffffffff
10005964:	f000 fb2c 	bl	10005fc0 <__mutex_enter_timeout_ms_veneer>
10005968:	8925      	ldrh	r5, [r4, #8]
1000596a:	8923      	ldrh	r3, [r4, #8]
1000596c:	8961      	ldrh	r1, [r4, #10]
1000596e:	b29b      	uxth	r3, r3
10005970:	b289      	uxth	r1, r1
10005972:	88a2      	ldrh	r2, [r4, #4]
10005974:	428b      	cmp	r3, r1
10005976:	bf36      	itet	cc
10005978:	ebc1 0142 	rsbcc	r1, r1, r2, lsl #1
1000597c:	1a5b      	subcs	r3, r3, r1
1000597e:	185b      	addcc	r3, r3, r1
10005980:	b29b      	uxth	r3, r3
10005982:	429a      	cmp	r2, r3
10005984:	b2ad      	uxth	r5, r5
10005986:	d80b      	bhi.n	100059a0 <tu_fifo_write+0x4c>
10005988:	79e1      	ldrb	r1, [r4, #7]
1000598a:	09c9      	lsrs	r1, r1, #7
1000598c:	d108      	bne.n	100059a0 <tu_fifo_write+0x4c>
1000598e:	68e0      	ldr	r0, [r4, #12]
10005990:	b118      	cbz	r0, 1000599a <tu_fifo_write+0x46>
10005992:	9101      	str	r1, [sp, #4]
10005994:	f000 fb28 	bl	10005fe8 <__mutex_exit_veneer>
10005998:	9901      	ldr	r1, [sp, #4]
1000599a:	4608      	mov	r0, r1
1000599c:	b002      	add	sp, #8
1000599e:	bd70      	pop	{r4, r5, r6, pc}
100059a0:	4295      	cmp	r5, r2
100059a2:	bf28      	it	cs
100059a4:	462b      	movcs	r3, r5
100059a6:	d317      	bcc.n	100059d8 <tu_fifo_write+0x84>
100059a8:	1a9b      	subs	r3, r3, r2
100059aa:	b29b      	uxth	r3, r3
100059ac:	4293      	cmp	r3, r2
100059ae:	d2fb      	bcs.n	100059a8 <tu_fifo_write+0x54>
100059b0:	88e2      	ldrh	r2, [r4, #6]
100059b2:	6820      	ldr	r0, [r4, #0]
100059b4:	f3c2 020e 	ubfx	r2, r2, #0, #15
100059b8:	fb02 0003 	mla	r0, r2, r3, r0
100059bc:	4631      	mov	r1, r6
100059be:	f000 fa59 	bl	10005e74 <memcpy>
100059c2:	1c6b      	adds	r3, r5, #1
100059c4:	b29b      	uxth	r3, r3
100059c6:	429d      	cmp	r5, r3
100059c8:	88a2      	ldrh	r2, [r4, #4]
100059ca:	d911      	bls.n	100059f0 <tu_fifo_write+0x9c>
100059cc:	2300      	movs	r3, #0
100059ce:	0051      	lsls	r1, r2, #1
100059d0:	1a5b      	subs	r3, r3, r1
100059d2:	2101      	movs	r1, #1
100059d4:	8123      	strh	r3, [r4, #8]
100059d6:	e7da      	b.n	1000598e <tu_fifo_write+0x3a>
100059d8:	88e2      	ldrh	r2, [r4, #6]
100059da:	6820      	ldr	r0, [r4, #0]
100059dc:	f3c2 020e 	ubfx	r2, r2, #0, #15
100059e0:	fb05 0002 	mla	r0, r5, r2, r0
100059e4:	4631      	mov	r1, r6
100059e6:	f000 fa45 	bl	10005e74 <memcpy>
100059ea:	3501      	adds	r5, #1
100059ec:	88a2      	ldrh	r2, [r4, #4]
100059ee:	b2ab      	uxth	r3, r5
100059f0:	ebb3 0f42 	cmp.w	r3, r2, lsl #1
100059f4:	ea4f 0142 	mov.w	r1, r2, lsl #1
100059f8:	dbeb      	blt.n	100059d2 <tu_fifo_write+0x7e>
100059fa:	e7e9      	b.n	100059d0 <tu_fifo_write+0x7c>

100059fc <tu_fifo_write_n>:
100059fc:	e92d 47f0 	stmdb	sp!, {r4, r5, r6, r7, r8, r9, sl, lr}
10005a00:	4615      	mov	r5, r2
10005a02:	b082      	sub	sp, #8
10005a04:	2a00      	cmp	r2, #0
10005a06:	d04a      	beq.n	10005a9e <tu_fifo_write_n+0xa2>
10005a08:	4604      	mov	r4, r0
10005a0a:	68c0      	ldr	r0, [r0, #12]
10005a0c:	4688      	mov	r8, r1
10005a0e:	b118      	cbz	r0, 10005a18 <tu_fifo_write_n+0x1c>
10005a10:	f04f 31ff 	mov.w	r1, #4294967295	@ 0xffffffff
10005a14:	f000 fad4 	bl	10005fc0 <__mutex_enter_timeout_ms_veneer>
10005a18:	79e1      	ldrb	r1, [r4, #7]
10005a1a:	8926      	ldrh	r6, [r4, #8]
10005a1c:	8963      	ldrh	r3, [r4, #10]
10005a1e:	09c9      	lsrs	r1, r1, #7
10005a20:	88a2      	ldrh	r2, [r4, #4]
10005a22:	b2b6      	uxth	r6, r6
10005a24:	b29b      	uxth	r3, r3
10005a26:	d13e      	bne.n	10005aa6 <tu_fifo_write_n+0xaa>
10005a28:	429e      	cmp	r6, r3
10005a2a:	bf36      	itet	cc
10005a2c:	ebc3 0342 	rsbcc	r3, r3, r2, lsl #1
10005a30:	1af3      	subcs	r3, r6, r3
10005a32:	199b      	addcc	r3, r3, r6
10005a34:	b29b      	uxth	r3, r3
10005a36:	4293      	cmp	r3, r2
10005a38:	d253      	bcs.n	10005ae2 <tu_fifo_write_n+0xe6>
10005a3a:	1ad3      	subs	r3, r2, r3
10005a3c:	b29b      	uxth	r3, r3
10005a3e:	42ab      	cmp	r3, r5
10005a40:	bf28      	it	cs
10005a42:	462b      	movcs	r3, r5
10005a44:	b29d      	uxth	r5, r3
10005a46:	1973      	adds	r3, r6, r5
10005a48:	f8b4 c006 	ldrh.w	ip, [r4, #6]
10005a4c:	fa1f f983 	uxth.w	r9, r3
10005a50:	eba5 0a02 	sub.w	sl, r5, r2
10005a54:	4296      	cmp	r6, r2
10005a56:	4633      	mov	r3, r6
10005a58:	d303      	bcc.n	10005a62 <tu_fifo_write_n+0x66>
10005a5a:	1a9b      	subs	r3, r3, r2
10005a5c:	b29b      	uxth	r3, r3
10005a5e:	4293      	cmp	r3, r2
10005a60:	d2fb      	bcs.n	10005a5a <tu_fifo_write_n+0x5e>
10005a62:	1ad2      	subs	r2, r2, r3
10005a64:	b291      	uxth	r1, r2
10005a66:	6820      	ldr	r0, [r4, #0]
10005a68:	f3cc 020e 	ubfx	r2, ip, #0, #15
10005a6c:	42a9      	cmp	r1, r5
10005a6e:	4617      	mov	r7, r2
10005a70:	fb02 0003 	mla	r0, r2, r3, r0
10005a74:	d352      	bcc.n	10005b1c <tu_fifo_write_n+0x120>
10005a76:	4641      	mov	r1, r8
10005a78:	fb05 f202 	mul.w	r2, r5, r2
10005a7c:	f000 f9fa 	bl	10005e74 <memcpy>
10005a80:	88a3      	ldrh	r3, [r4, #4]
10005a82:	454e      	cmp	r6, r9
10005a84:	ea4f 0243 	mov.w	r2, r3, lsl #1
10005a88:	d802      	bhi.n	10005a90 <tu_fifo_write_n+0x94>
10005a8a:	ebb9 0f43 	cmp.w	r9, r3, lsl #1
10005a8e:	db01      	blt.n	10005a94 <tu_fifo_write_n+0x98>
10005a90:	eba9 0902 	sub.w	r9, r9, r2
10005a94:	68e0      	ldr	r0, [r4, #12]
10005a96:	462a      	mov	r2, r5
10005a98:	f8a4 9008 	strh.w	r9, [r4, #8]
10005a9c:	bb28      	cbnz	r0, 10005aea <tu_fifo_write_n+0xee>
10005a9e:	4610      	mov	r0, r2
10005aa0:	b002      	add	sp, #8
10005aa2:	e8bd 87f0 	ldmia.w	sp!, {r4, r5, r6, r7, r8, r9, sl, pc}
10005aa6:	4295      	cmp	r5, r2
10005aa8:	d227      	bcs.n	10005afa <tu_fifo_write_n+0xfe>
10005aaa:	429e      	cmp	r6, r3
10005aac:	bf36      	itet	cc
10005aae:	ebc3 0142 	rsbcc	r1, r3, r2, lsl #1
10005ab2:	1af1      	subcs	r1, r6, r3
10005ab4:	1989      	addcc	r1, r1, r6
10005ab6:	b289      	uxth	r1, r1
10005ab8:	0050      	lsls	r0, r2, #1
10005aba:	4429      	add	r1, r5
10005abc:	1aaf      	subs	r7, r5, r2
10005abe:	4281      	cmp	r1, r0
10005ac0:	46ba      	mov	sl, r7
10005ac2:	db08      	blt.n	10005ad6 <tu_fifo_write_n+0xda>
10005ac4:	1899      	adds	r1, r3, r2
10005ac6:	b289      	uxth	r1, r1
10005ac8:	1b4e      	subs	r6, r1, r5
10005aca:	b2b6      	uxth	r6, r6
10005acc:	42b3      	cmp	r3, r6
10005ace:	4689      	mov	r9, r1
10005ad0:	d938      	bls.n	10005b44 <tu_fifo_write_n+0x148>
10005ad2:	1a30      	subs	r0, r6, r0
10005ad4:	b286      	uxth	r6, r0
10005ad6:	19ab      	adds	r3, r5, r6
10005ad8:	fa1f f983 	uxth.w	r9, r3
10005adc:	f8b4 c006 	ldrh.w	ip, [r4, #6]
10005ae0:	e7b8      	b.n	10005a54 <tu_fifo_write_n+0x58>
10005ae2:	2200      	movs	r2, #0
10005ae4:	68e0      	ldr	r0, [r4, #12]
10005ae6:	2800      	cmp	r0, #0
10005ae8:	d0d9      	beq.n	10005a9e <tu_fifo_write_n+0xa2>
10005aea:	9200      	str	r2, [sp, #0]
10005aec:	f000 fa7c 	bl	10005fe8 <__mutex_exit_veneer>
10005af0:	9a00      	ldr	r2, [sp, #0]
10005af2:	4610      	mov	r0, r2
10005af4:	b002      	add	sp, #8
10005af6:	e8bd 87f0 	ldmia.w	sp!, {r4, r5, r6, r7, r8, r9, sl, pc}
10005afa:	2a00      	cmp	r2, #0
10005afc:	d0f2      	beq.n	10005ae4 <tu_fifo_write_n+0xe8>
10005afe:	f8b4 c006 	ldrh.w	ip, [r4, #6]
10005b02:	1aad      	subs	r5, r5, r2
10005b04:	1899      	adds	r1, r3, r2
10005b06:	461e      	mov	r6, r3
10005b08:	f3cc 030e 	ubfx	r3, ip, #0, #15
10005b0c:	fb03 8805 	mla	r8, r3, r5, r8
10005b10:	f04f 0a00 	mov.w	sl, #0
10005b14:	4615      	mov	r5, r2
10005b16:	fa1f f981 	uxth.w	r9, r1
10005b1a:	e79b      	b.n	10005a54 <tu_fifo_write_n+0x58>
10005b1c:	fb11 f202 	smulbb	r2, r1, r2
10005b20:	4641      	mov	r1, r8
10005b22:	b292      	uxth	r2, r2
10005b24:	9301      	str	r3, [sp, #4]
10005b26:	9200      	str	r2, [sp, #0]
10005b28:	f000 f9a4 	bl	10005e74 <memcpy>
10005b2c:	9b01      	ldr	r3, [sp, #4]
10005b2e:	9a00      	ldr	r2, [sp, #0]
10005b30:	4453      	add	r3, sl
10005b32:	fb13 f307 	smulbb	r3, r3, r7
10005b36:	eb08 0102 	add.w	r1, r8, r2
10005b3a:	6820      	ldr	r0, [r4, #0]
10005b3c:	b29a      	uxth	r2, r3
10005b3e:	f000 f999 	bl	10005e74 <memcpy>
10005b42:	e79d      	b.n	10005a80 <tu_fifo_write_n+0x84>
10005b44:	42b0      	cmp	r0, r6
10005b46:	ddc4      	ble.n	10005ad2 <tu_fifo_write_n+0xd6>
10005b48:	e7c8      	b.n	10005adc <tu_fifo_write_n+0xe0>
10005b4a:	bf00      	nop

10005b4c <tu_fifo_clear>:
10005b4c:	b510      	push	{r4, lr}
10005b4e:	4604      	mov	r4, r0
10005b50:	68c0      	ldr	r0, [r0, #12]
10005b52:	b118      	cbz	r0, 10005b5c <tu_fifo_clear+0x10>
10005b54:	f04f 31ff 	mov.w	r1, #4294967295	@ 0xffffffff
10005b58:	f000 fa32 	bl	10005fc0 <__mutex_enter_timeout_ms_veneer>
10005b5c:	6920      	ldr	r0, [r4, #16]
10005b5e:	b118      	cbz	r0, 10005b68 <tu_fifo_clear+0x1c>
10005b60:	f04f 31ff 	mov.w	r1, #4294967295	@ 0xffffffff
10005b64:	f000 fa2c 	bl	10005fc0 <__mutex_enter_timeout_ms_veneer>
10005b68:	2300      	movs	r3, #0
10005b6a:	68e0      	ldr	r0, [r4, #12]
10005b6c:	8163      	strh	r3, [r4, #10]
10005b6e:	8123      	strh	r3, [r4, #8]
10005b70:	b108      	cbz	r0, 10005b76 <tu_fifo_clear+0x2a>
10005b72:	f000 fa39 	bl	10005fe8 <__mutex_exit_veneer>
10005b76:	6920      	ldr	r0, [r4, #16]
10005b78:	b108      	cbz	r0, 10005b7e <tu_fifo_clear+0x32>
10005b7a:	f000 fa35 	bl	10005fe8 <__mutex_exit_veneer>
10005b7e:	2001      	movs	r0, #1
10005b80:	bd10      	pop	{r4, pc}
10005b82:	bf00      	nop

10005b84 <tu_fifo_set_overwritable>:
10005b84:	b538      	push	{r3, r4, r5, lr}
10005b86:	4604      	mov	r4, r0
10005b88:	68c0      	ldr	r0, [r0, #12]
10005b8a:	460d      	mov	r5, r1
10005b8c:	b118      	cbz	r0, 10005b96 <tu_fifo_set_overwritable+0x12>
10005b8e:	f04f 31ff 	mov.w	r1, #4294967295	@ 0xffffffff
10005b92:	f000 fa15 	bl	10005fc0 <__mutex_enter_timeout_ms_veneer>
10005b96:	6920      	ldr	r0, [r4, #16]
10005b98:	b118      	cbz	r0, 10005ba2 <tu_fifo_set_overwritable+0x1e>
10005b9a:	f04f 31ff 	mov.w	r1, #4294967295	@ 0xffffffff
10005b9e:	f000 fa0f 	bl	10005fc0 <__mutex_enter_timeout_ms_veneer>
10005ba2:	79e3      	ldrb	r3, [r4, #7]
10005ba4:	68e0      	ldr	r0, [r4, #12]
10005ba6:	f365 13c7 	bfi	r3, r5, #7, #1
10005baa:	71e3      	strb	r3, [r4, #7]
10005bac:	b108      	cbz	r0, 10005bb2 <tu_fifo_set_overwritable+0x2e>
10005bae:	f000 fa1b 	bl	10005fe8 <__mutex_exit_veneer>
10005bb2:	6920      	ldr	r0, [r4, #16]
10005bb4:	b108      	cbz	r0, 10005bba <tu_fifo_set_overwritable+0x36>
10005bb6:	f000 fa17 	bl	10005fe8 <__mutex_exit_veneer>
10005bba:	2001      	movs	r0, #1
10005bbc:	bd38      	pop	{r3, r4, r5, pc}
10005bbe:	bf00      	nop

10005bc0 <i2c_read_blocking_internal.constprop.0>:
10005bc0:	b5f0      	push	{r4, r5, r6, r7, lr}
10005bc2:	4686      	mov	lr, r0
10005bc4:	460d      	mov	r5, r1
10005bc6:	2000      	movs	r0, #0
10005bc8:	2601      	movs	r6, #1
10005bca:	f8de 1000 	ldr.w	r1, [lr]
10005bce:	f1b3 0c00 	subs.w	ip, r3, #0
10005bd2:	66c8      	str	r0, [r1, #108]	@ 0x6c
10005bd4:	f89d 4014 	ldrb.w	r4, [sp, #20]
10005bd8:	604d      	str	r5, [r1, #4]
10005bda:	66ce      	str	r6, [r1, #108]	@ 0x6c
10005bdc:	dd1b      	ble.n	10005c16 <i2c_read_blocking_internal.constprop.0+0x56>
10005bde:	3a01      	subs	r2, #1
10005be0:	f10c 36ff 	add.w	r6, ip, #4294967295	@ 0xffffffff
10005be4:	f084 0501 	eor.w	r5, r4, #1
10005be8:	6f4b      	ldr	r3, [r1, #116]	@ 0x74
10005bea:	2b10      	cmp	r3, #16
10005bec:	d0fc      	beq.n	10005be8 <i2c_read_blocking_internal.constprop.0+0x28>
10005bee:	b308      	cbz	r0, 10005c34 <i2c_read_blocking_internal.constprop.0+0x74>
10005bf0:	2300      	movs	r3, #0
10005bf2:	42b0      	cmp	r0, r6
10005bf4:	bf14      	ite	ne
10005bf6:	2700      	movne	r7, #0
10005bf8:	f005 0701 	andeq.w	r7, r5, #1
10005bfc:	ea43 2347 	orr.w	r3, r3, r7, lsl #9
10005c00:	f443 7380 	orr.w	r3, r3, #256	@ 0x100
10005c04:	610b      	str	r3, [r1, #16]
10005c06:	f8d1 3080 	ldr.w	r3, [r1, #128]	@ 0x80
10005c0a:	6b4b      	ldr	r3, [r1, #52]	@ 0x34
10005c0c:	065b      	lsls	r3, r3, #25
10005c0e:	d505      	bpl.n	10005c1c <i2c_read_blocking_internal.constprop.0+0x5c>
10005c10:	f04f 30ff 	mov.w	r0, #4294967295	@ 0xffffffff
10005c14:	6d4b      	ldr	r3, [r1, #84]	@ 0x54
10005c16:	f88e 4004 	strb.w	r4, [lr, #4]
10005c1a:	bdf0      	pop	{r4, r5, r6, r7, pc}
10005c1c:	6f8b      	ldr	r3, [r1, #120]	@ 0x78
10005c1e:	2b00      	cmp	r3, #0
10005c20:	d0f1      	beq.n	10005c06 <i2c_read_blocking_internal.constprop.0+0x46>
10005c22:	690b      	ldr	r3, [r1, #16]
10005c24:	3001      	adds	r0, #1
10005c26:	4584      	cmp	ip, r0
10005c28:	f802 3f01 	strb.w	r3, [r2, #1]!
10005c2c:	d0f3      	beq.n	10005c16 <i2c_read_blocking_internal.constprop.0+0x56>
10005c2e:	f8de 1000 	ldr.w	r1, [lr]
10005c32:	e7d9      	b.n	10005be8 <i2c_read_blocking_internal.constprop.0+0x28>
10005c34:	f89e 3004 	ldrb.w	r3, [lr, #4]
10005c38:	029b      	lsls	r3, r3, #10
10005c3a:	e7da      	b.n	10005bf2 <i2c_read_blocking_internal.constprop.0+0x32>

10005c3c <i2c_write_blocking_internal.constprop.0>:
10005c3c:	e92d 41f0 	stmdb	sp!, {r4, r5, r6, r7, r8, lr}
10005c40:	4686      	mov	lr, r0
10005c42:	2501      	movs	r5, #1
10005c44:	460c      	mov	r4, r1
10005c46:	2000      	movs	r0, #0
10005c48:	f8de 1000 	ldr.w	r1, [lr]
10005c4c:	f89d 6018 	ldrb.w	r6, [sp, #24]
10005c50:	66c8      	str	r0, [r1, #108]	@ 0x6c
10005c52:	604c      	str	r4, [r1, #4]
10005c54:	66cd      	str	r5, [r1, #108]	@ 0x6c
10005c56:	1e1d      	subs	r5, r3, #0
10005c58:	dd20      	ble.n	10005c9c <i2c_write_blocking_internal.constprop.0+0x60>
10005c5a:	f89e 4004 	ldrb.w	r4, [lr, #4]
10005c5e:	3a01      	subs	r2, #1
10005c60:	02a4      	lsls	r4, r4, #10
10005c62:	f105 3cff 	add.w	ip, r5, #4294967295	@ 0xffffffff
10005c66:	f086 0701 	eor.w	r7, r6, #1
10005c6a:	4584      	cmp	ip, r0
10005c6c:	bf14      	ite	ne
10005c6e:	f04f 0800 	movne.w	r8, #0
10005c72:	f007 0801 	andeq.w	r8, r7, #1
10005c76:	f812 3f01 	ldrb.w	r3, [r2, #1]!
10005c7a:	ea43 2348 	orr.w	r3, r3, r8, lsl #9
10005c7e:	4323      	orrs	r3, r4
10005c80:	610b      	str	r3, [r1, #16]
10005c82:	6b4b      	ldr	r3, [r1, #52]	@ 0x34
10005c84:	06dc      	lsls	r4, r3, #27
10005c86:	d5fc      	bpl.n	10005c82 <i2c_write_blocking_internal.constprop.0+0x46>
10005c88:	f8d1 4080 	ldr.w	r4, [r1, #128]	@ 0x80
10005c8c:	b954      	cbnz	r4, 10005ca4 <i2c_write_blocking_internal.constprop.0+0x68>
10005c8e:	4584      	cmp	ip, r0
10005c90:	d01d      	beq.n	10005cce <i2c_write_blocking_internal.constprop.0+0x92>
10005c92:	3001      	adds	r0, #1
10005c94:	4285      	cmp	r5, r0
10005c96:	f04f 0400 	mov.w	r4, #0
10005c9a:	d1e6      	bne.n	10005c6a <i2c_write_blocking_internal.constprop.0+0x2e>
10005c9c:	f88e 6004 	strb.w	r6, [lr, #4]
10005ca0:	e8bd 81f0 	ldmia.w	sp!, {r4, r5, r6, r7, r8, pc}
10005ca4:	f04f 0801 	mov.w	r8, #1
10005ca8:	6d4b      	ldr	r3, [r1, #84]	@ 0x54
10005caa:	6b4b      	ldr	r3, [r1, #52]	@ 0x34
10005cac:	059b      	lsls	r3, r3, #22
10005cae:	d5fc      	bpl.n	10005caa <i2c_write_blocking_internal.constprop.0+0x6e>
10005cb0:	6e0b      	ldr	r3, [r1, #96]	@ 0x60
10005cb2:	f1b8 0f00 	cmp.w	r8, #0
10005cb6:	d0ec      	beq.n	10005c92 <i2c_write_blocking_internal.constprop.0+0x56>
10005cb8:	b16c      	cbz	r4, 10005cd6 <i2c_write_blocking_internal.constprop.0+0x9a>
10005cba:	f004 0409 	and.w	r4, r4, #9
10005cbe:	2c08      	cmp	r4, #8
10005cc0:	bf18      	it	ne
10005cc2:	f04f 30ff 	movne.w	r0, #4294967295	@ 0xffffffff
10005cc6:	f88e 6004 	strb.w	r6, [lr, #4]
10005cca:	e8bd 81f0 	ldmia.w	sp!, {r4, r5, r6, r7, r8, pc}
10005cce:	2e00      	cmp	r6, #0
10005cd0:	d1df      	bne.n	10005c92 <i2c_write_blocking_internal.constprop.0+0x56>
10005cd2:	46b0      	mov	r8, r6
10005cd4:	e7e9      	b.n	10005caa <i2c_write_blocking_internal.constprop.0+0x6e>
10005cd6:	f04f 30ff 	mov.w	r0, #4294967295	@ 0xffffffff
10005cda:	e7df      	b.n	10005c9c <i2c_write_blocking_internal.constprop.0+0x60>

10005cdc <i2c_set_baudrate>:
10005cdc:	b5f0      	push	{r4, r5, r6, r7, lr}
10005cde:	4607      	mov	r7, r0
10005ce0:	b083      	sub	sp, #12
10005ce2:	2005      	movs	r0, #5
10005ce4:	9101      	str	r1, [sp, #4]
10005ce6:	f7fb fc9d 	bl	10001624 <clock_get_hz>
10005cea:	9901      	ldr	r1, [sp, #4]
10005cec:	4a1f      	ldr	r2, [pc, #124]	@ (10005d6c <i2c_set_baudrate+0x90>)
10005cee:	eb00 0c51 	add.w	ip, r0, r1, lsr #1
10005cf2:	fbbc fcf1 	udiv	ip, ip, r1
10005cf6:	eb0c 054c 	add.w	r5, ip, ip, lsl #1
10005cfa:	fba2 2e05 	umull	r2, lr, r2, r5
10005cfe:	4e1c      	ldr	r6, [pc, #112]	@ (10005d70 <i2c_set_baudrate+0x94>)
10005d00:	ea4f 049e 	mov.w	r4, lr, lsr #2
10005d04:	42b1      	cmp	r1, r6
10005d06:	eb00 0340 	add.w	r3, r0, r0, lsl #1
10005d0a:	ebac 0e9e 	sub.w	lr, ip, lr, lsr #2
10005d0e:	d827      	bhi.n	10005d60 <i2c_set_baudrate+0x84>
10005d10:	4a18      	ldr	r2, [pc, #96]	@ (10005d74 <i2c_set_baudrate+0x98>)
10005d12:	fba2 2303 	umull	r2, r3, r2, r3
10005d16:	0d9b      	lsrs	r3, r3, #22
10005d18:	3301      	adds	r3, #1
10005d1a:	2200      	movs	r2, #0
10005d1c:	6839      	ldr	r1, [r7, #0]
10005d1e:	2d4f      	cmp	r5, #79	@ 0x4f
10005d20:	66ca      	str	r2, [r1, #108]	@ 0x6c
10005d22:	680a      	ldr	r2, [r1, #0]
10005d24:	f501 5680 	add.w	r6, r1, #4096	@ 0x1000
10005d28:	f082 0204 	eor.w	r2, r2, #4
10005d2c:	f002 0206 	and.w	r2, r2, #6
10005d30:	6032      	str	r2, [r6, #0]
10005d32:	f8c1 e01c 	str.w	lr, [r1, #28]
10005d36:	620c      	str	r4, [r1, #32]
10005d38:	bf98      	it	ls
10005d3a:	2401      	movls	r4, #1
10005d3c:	460a      	mov	r2, r1
10005d3e:	bf88      	it	hi
10005d40:	0924      	lsrhi	r4, r4, #4
10005d42:	f8c1 40a0 	str.w	r4, [r1, #160]	@ 0xa0
10005d46:	fbb0 f0fc 	udiv	r0, r0, ip
10005d4a:	2401      	movs	r4, #1
10005d4c:	f852 5f7c 	ldr.w	r5, [r2, #124]!
10005d50:	406b      	eors	r3, r5
10005d52:	b29b      	uxth	r3, r3
10005d54:	f502 5280 	add.w	r2, r2, #4096	@ 0x1000
10005d58:	6013      	str	r3, [r2, #0]
10005d5a:	66cc      	str	r4, [r1, #108]	@ 0x6c
10005d5c:	b003      	add	sp, #12
10005d5e:	bdf0      	pop	{r4, r5, r6, r7, pc}
10005d60:	4a05      	ldr	r2, [pc, #20]	@ (10005d78 <i2c_set_baudrate+0x9c>)
10005d62:	fba2 2303 	umull	r2, r3, r2, r3
10005d66:	0ddb      	lsrs	r3, r3, #23
10005d68:	3301      	adds	r3, #1
10005d6a:	e7d6      	b.n	10005d1a <i2c_set_baudrate+0x3e>
10005d6c:	cccccccd 	.word	0xcccccccd
10005d70:	000f423f 	.word	0x000f423f
10005d74:	6b5fca6b 	.word	0x6b5fca6b
10005d78:	55e63b89 	.word	0x55e63b89

10005d7c <i2c_init>:
10005d7c:	4a11      	ldr	r2, [pc, #68]	@ (10005dc4 <i2c_init+0x48>)
10005d7e:	b500      	push	{lr}
10005d80:	4290      	cmp	r0, r2
10005d82:	bf14      	ite	ne
10005d84:	2210      	movne	r2, #16
10005d86:	2220      	moveq	r2, #32
10005d88:	f8df e040 	ldr.w	lr, [pc, #64]	@ 10005dcc <i2c_init+0x50>
10005d8c:	4b0e      	ldr	r3, [pc, #56]	@ (10005dc8 <i2c_init+0x4c>)
10005d8e:	f8df c040 	ldr.w	ip, [pc, #64]	@ 10005dd0 <i2c_init+0x54>
10005d92:	f8ce 2000 	str.w	r2, [lr]
10005d96:	601a      	str	r2, [r3, #0]
10005d98:	f8dc 3008 	ldr.w	r3, [ip, #8]
10005d9c:	ea32 0303 	bics.w	r3, r2, r3
10005da0:	d1fa      	bne.n	10005d98 <i2c_init+0x1c>
10005da2:	f240 1e65 	movw	lr, #357	@ 0x165
10005da6:	f04f 0c03 	mov.w	ip, #3
10005daa:	6802      	ldr	r2, [r0, #0]
10005dac:	7103      	strb	r3, [r0, #4]
10005dae:	66d3      	str	r3, [r2, #108]	@ 0x6c
10005db0:	f8c2 e000 	str.w	lr, [r2]
10005db4:	63d3      	str	r3, [r2, #60]	@ 0x3c
10005db6:	f85d eb04 	ldr.w	lr, [sp], #4
10005dba:	6393      	str	r3, [r2, #56]	@ 0x38
10005dbc:	f8c2 c088 	str.w	ip, [r2, #136]	@ 0x88
10005dc0:	f7ff bf8c 	b.w	10005cdc <i2c_set_baudrate>
10005dc4:	200015b4 	.word	0x200015b4
10005dc8:	40023000 	.word	0x40023000
10005dcc:	40022000 	.word	0x40022000
10005dd0:	40020000 	.word	0x40020000

10005dd4 <i2c_write_blocking>:
10005dd4:	f89d c000 	ldrb.w	ip, [sp]
10005dd8:	f8cd c000 	str.w	ip, [sp]
10005ddc:	f7ff bf2e 	b.w	10005c3c <i2c_write_blocking_internal.constprop.0>

10005de0 <i2c_read_blocking>:
10005de0:	f89d c000 	ldrb.w	ip, [sp]
10005de4:	f8cd c000 	str.w	ip, [sp]
10005de8:	f7ff beea 	b.w	10005bc0 <i2c_read_blocking_internal.constprop.0>

10005dec <memset>:
10005dec:	b530      	push	{r4, r5, lr}
10005dee:	0784      	lsls	r4, r0, #30
10005df0:	4686      	mov	lr, r0
10005df2:	4603      	mov	r3, r0
10005df4:	d006      	beq.n	10005e04 <memset+0x18>
10005df6:	b3a2      	cbz	r2, 10005e62 <memset+0x76>
10005df8:	f803 1b01 	strb.w	r1, [r3], #1
10005dfc:	0798      	lsls	r0, r3, #30
10005dfe:	f102 32ff 	add.w	r2, r2, #4294967295	@ 0xffffffff
10005e02:	d1f8      	bne.n	10005df6 <memset+0xa>
10005e04:	2a03      	cmp	r2, #3
10005e06:	d926      	bls.n	10005e56 <memset+0x6a>
10005e08:	fa5f fc81 	uxtb.w	ip, r1
10005e0c:	2a0f      	cmp	r2, #15
10005e0e:	eb0c 2c0c 	add.w	ip, ip, ip, lsl #8
10005e12:	eb0c 400c 	add.w	r0, ip, ip, lsl #16
10005e16:	d92a      	bls.n	10005e6e <memset+0x82>
10005e18:	f022 0c0f 	bic.w	ip, r2, #15
10005e1c:	449c      	add	ip, r3
10005e1e:	e9c3 0000 	strd	r0, r0, [r3]
10005e22:	e9c3 0002 	strd	r0, r0, [r3, #8]
10005e26:	3310      	adds	r3, #16
10005e28:	4563      	cmp	r3, ip
10005e2a:	d1f8      	bne.n	10005e1e <memset+0x32>
10005e2c:	f012 0f0c 	tst.w	r2, #12
10005e30:	f002 050f 	and.w	r5, r2, #15
10005e34:	d017      	beq.n	10005e66 <memset+0x7a>
10005e36:	ea4f 0c95 	mov.w	ip, r5, lsr #2
10005e3a:	461a      	mov	r2, r3
10005e3c:	f10c 34ff 	add.w	r4, ip, #4294967295	@ 0xffffffff
10005e40:	eb03 0c8c 	add.w	ip, r3, ip, lsl #2
10005e44:	f842 0b04 	str.w	r0, [r2], #4
10005e48:	4562      	cmp	r2, ip
10005e4a:	d1fb      	bne.n	10005e44 <memset+0x58>
10005e4c:	3304      	adds	r3, #4
10005e4e:	f005 0203 	and.w	r2, r5, #3
10005e52:	eb03 0384 	add.w	r3, r3, r4, lsl #2
10005e56:	b122      	cbz	r2, 10005e62 <memset+0x76>
10005e58:	441a      	add	r2, r3
10005e5a:	f803 1b01 	strb.w	r1, [r3], #1
10005e5e:	429a      	cmp	r2, r3
10005e60:	d1fb      	bne.n	10005e5a <memset+0x6e>
10005e62:	4670      	mov	r0, lr
10005e64:	bd30      	pop	{r4, r5, pc}
10005e66:	462a      	mov	r2, r5
10005e68:	2a00      	cmp	r2, #0
10005e6a:	d1f5      	bne.n	10005e58 <memset+0x6c>
10005e6c:	e7f9      	b.n	10005e62 <memset+0x76>
10005e6e:	4615      	mov	r5, r2
10005e70:	e7e1      	b.n	10005e36 <memset+0x4a>
10005e72:	bf00      	nop

10005e74 <memcpy>:
10005e74:	4684      	mov	ip, r0
10005e76:	ea41 0300 	orr.w	r3, r1, r0
10005e7a:	f013 0303 	ands.w	r3, r3, #3
10005e7e:	d149      	bne.n	10005f14 <memcpy+0xa0>
10005e80:	3a40      	subs	r2, #64	@ 0x40
10005e82:	d323      	bcc.n	10005ecc <memcpy+0x58>
10005e84:	680b      	ldr	r3, [r1, #0]
10005e86:	6003      	str	r3, [r0, #0]
10005e88:	684b      	ldr	r3, [r1, #4]
10005e8a:	6043      	str	r3, [r0, #4]
10005e8c:	688b      	ldr	r3, [r1, #8]
10005e8e:	6083      	str	r3, [r0, #8]
10005e90:	68cb      	ldr	r3, [r1, #12]
10005e92:	60c3      	str	r3, [r0, #12]
10005e94:	690b      	ldr	r3, [r1, #16]
10005e96:	6103      	str	r3, [r0, #16]
10005e98:	694b      	ldr	r3, [r1, #20]
10005e9a:	6143      	str	r3, [r0, #20]
10005e9c:	698b      	ldr	r3, [r1, #24]
10005e9e:	6183      	str	r3, [r0, #24]
10005ea0:	69cb      	ldr	r3, [r1, #28]
10005ea2:	61c3      	str	r3, [r0, #28]
10005ea4:	6a0b      	ldr	r3, [r1, #32]
10005ea6:	6203      	str	r3, [r0, #32]
10005ea8:	6a4b      	ldr	r3, [r1, #36]	@ 0x24
10005eaa:	6243      	str	r3, [r0, #36]	@ 0x24
10005eac:	6a8b      	ldr	r3, [r1, #40]	@ 0x28
10005eae:	6283      	str	r3, [r0, #40]	@ 0x28
10005eb0:	6acb      	ldr	r3, [r1, #44]	@ 0x2c
10005eb2:	62c3      	str	r3, [r0, #44]	@ 0x2c
10005eb4:	6b0b      	ldr	r3, [r1, #48]	@ 0x30
10005eb6:	6303      	str	r3, [r0, #48]	@ 0x30
10005eb8:	6b4b      	ldr	r3, [r1, #52]	@ 0x34
10005eba:	6343      	str	r3, [r0, #52]	@ 0x34
10005ebc:	6b8b      	ldr	r3, [r1, #56]	@ 0x38
10005ebe:	6383      	str	r3, [r0, #56]	@ 0x38
10005ec0:	6bcb      	ldr	r3, [r1, #60]	@ 0x3c
10005ec2:	63c3      	str	r3, [r0, #60]	@ 0x3c
10005ec4:	3040      	adds	r0, #64	@ 0x40
10005ec6:	3140      	adds	r1, #64	@ 0x40
10005ec8:	3a40      	subs	r2, #64	@ 0x40
10005eca:	d2db      	bcs.n	10005e84 <memcpy+0x10>
10005ecc:	3230      	adds	r2, #48	@ 0x30
10005ece:	d30b      	bcc.n	10005ee8 <memcpy+0x74>
10005ed0:	680b      	ldr	r3, [r1, #0]
10005ed2:	6003      	str	r3, [r0, #0]
10005ed4:	684b      	ldr	r3, [r1, #4]
10005ed6:	6043      	str	r3, [r0, #4]
10005ed8:	688b      	ldr	r3, [r1, #8]
10005eda:	6083      	str	r3, [r0, #8]
10005edc:	68cb      	ldr	r3, [r1, #12]
10005ede:	60c3      	str	r3, [r0, #12]
10005ee0:	3010      	adds	r0, #16
10005ee2:	3110      	adds	r1, #16
10005ee4:	3a10      	subs	r2, #16
10005ee6:	d2f3      	bcs.n	10005ed0 <memcpy+0x5c>
10005ee8:	320c      	adds	r2, #12
10005eea:	d305      	bcc.n	10005ef8 <memcpy+0x84>
10005eec:	f851 3b04 	ldr.w	r3, [r1], #4
10005ef0:	f840 3b04 	str.w	r3, [r0], #4
10005ef4:	3a04      	subs	r2, #4
10005ef6:	d2f9      	bcs.n	10005eec <memcpy+0x78>
10005ef8:	3204      	adds	r2, #4
10005efa:	d008      	beq.n	10005f0e <memcpy+0x9a>
10005efc:	07d2      	lsls	r2, r2, #31
10005efe:	bf1c      	itt	ne
10005f00:	f811 3b01 	ldrbne.w	r3, [r1], #1
10005f04:	f800 3b01 	strbne.w	r3, [r0], #1
10005f08:	d301      	bcc.n	10005f0e <memcpy+0x9a>
10005f0a:	880b      	ldrh	r3, [r1, #0]
10005f0c:	8003      	strh	r3, [r0, #0]
10005f0e:	4660      	mov	r0, ip
10005f10:	4770      	bx	lr
10005f12:	bf00      	nop
10005f14:	2a08      	cmp	r2, #8
10005f16:	d313      	bcc.n	10005f40 <memcpy+0xcc>
10005f18:	078b      	lsls	r3, r1, #30
10005f1a:	d0b1      	beq.n	10005e80 <memcpy+0xc>
10005f1c:	f010 0303 	ands.w	r3, r0, #3
10005f20:	d0ae      	beq.n	10005e80 <memcpy+0xc>
10005f22:	f1c3 0304 	rsb	r3, r3, #4
10005f26:	1ad2      	subs	r2, r2, r3
10005f28:	07db      	lsls	r3, r3, #31
10005f2a:	bf1c      	itt	ne
10005f2c:	f811 3b01 	ldrbne.w	r3, [r1], #1
10005f30:	f800 3b01 	strbne.w	r3, [r0], #1
10005f34:	d3a4      	bcc.n	10005e80 <memcpy+0xc>
10005f36:	f831 3b02 	ldrh.w	r3, [r1], #2
10005f3a:	f820 3b02 	strh.w	r3, [r0], #2
10005f3e:	e79f      	b.n	10005e80 <memcpy+0xc>
10005f40:	3a04      	subs	r2, #4
10005f42:	d3d9      	bcc.n	10005ef8 <memcpy+0x84>
10005f44:	3a01      	subs	r2, #1
10005f46:	f811 3b01 	ldrb.w	r3, [r1], #1
10005f4a:	f800 3b01 	strb.w	r3, [r0], #1
10005f4e:	d2f9      	bcs.n	10005f44 <memcpy+0xd0>
10005f50:	780b      	ldrb	r3, [r1, #0]
10005f52:	7003      	strb	r3, [r0, #0]
10005f54:	784b      	ldrb	r3, [r1, #1]
10005f56:	7043      	strb	r3, [r0, #1]
10005f58:	788b      	ldrb	r3, [r1, #2]
10005f5a:	7083      	strb	r3, [r0, #2]
10005f5c:	4660      	mov	r0, ip
10005f5e:	4770      	bx	lr

10005f60 <strlen>:
10005f60:	f020 0103 	bic.w	r1, r0, #3
10005f64:	f010 0003 	ands.w	r0, r0, #3
10005f68:	f1c0 0000 	rsb	r0, r0, #0
10005f6c:	f851 3b04 	ldr.w	r3, [r1], #4
10005f70:	f100 0c04 	add.w	ip, r0, #4
10005f74:	ea4f 0ccc 	mov.w	ip, ip, lsl #3
10005f78:	f06f 0200 	mvn.w	r2, #0
10005f7c:	bf1c      	itt	ne
10005f7e:	fa22 f20c 	lsrne.w	r2, r2, ip
10005f82:	4313      	orrne	r3, r2
10005f84:	f04f 0c01 	mov.w	ip, #1
10005f88:	ea4c 2c0c 	orr.w	ip, ip, ip, lsl #8
10005f8c:	ea4c 4c0c 	orr.w	ip, ip, ip, lsl #16
10005f90:	eba3 020c 	sub.w	r2, r3, ip
10005f94:	ea22 0203 	bic.w	r2, r2, r3
10005f98:	ea12 12cc 	ands.w	r2, r2, ip, lsl #7
10005f9c:	bf04      	itt	eq
10005f9e:	f851 3b04 	ldreq.w	r3, [r1], #4
10005fa2:	3004      	addeq	r0, #4
10005fa4:	d0f4      	beq.n	10005f90 <strlen+0x30>
10005fa6:	f1c2 0100 	rsb	r1, r2, #0
10005faa:	ea02 0201 	and.w	r2, r2, r1
10005fae:	fab2 f282 	clz	r2, r2
10005fb2:	f1c2 021f 	rsb	r2, r2, #31
10005fb6:	eb00 00d2 	add.w	r0, r0, r2, lsr #3
10005fba:	4770      	bx	lr
10005fbc:	0000      	movs	r0, r0
	...

10005fc0 <__mutex_enter_timeout_ms_veneer>:
10005fc0:	f85f f000 	ldr.w	pc, [pc]	@ 10005fc4 <__mutex_enter_timeout_ms_veneer+0x4>
10005fc4:	20000261 	.word	0x20000261

10005fc8 <__hw_endpoint_start_next_buffer_veneer>:
10005fc8:	f85f f000 	ldr.w	pc, [pc]	@ 10005fcc <__hw_endpoint_start_next_buffer_veneer+0x4>
10005fcc:	20000b31 	.word	0x20000b31

10005fd0 <__mutex_try_enter_veneer>:
10005fd0:	f85f f000 	ldr.w	pc, [pc]	@ 10005fd4 <__mutex_try_enter_veneer+0x4>
10005fd4:	20000111 	.word	0x20000111

10005fd8 <____aeabi_uldivmod_veneer>:
10005fd8:	f85f f000 	ldr.w	pc, [pc]	@ 10005fdc <____aeabi_uldivmod_veneer+0x4>
10005fdc:	2000115d 	.word	0x2000115d

10005fe0 <____aeabi_f2d_veneer>:
10005fe0:	f85f f000 	ldr.w	pc, [pc]	@ 10005fe4 <____aeabi_f2d_veneer+0x4>
10005fe4:	200010ad 	.word	0x200010ad

10005fe8 <__mutex_exit_veneer>:
10005fe8:	f85f f000 	ldr.w	pc, [pc]	@ 10005fec <__mutex_exit_veneer+0x4>
10005fec:	20000299 	.word	0x20000299

10005ff0 <__e15_is_bulkin_ep_veneer>:
10005ff0:	f85f f000 	ldr.w	pc, [pc]	@ 10005ff4 <__e15_is_bulkin_ep_veneer+0x4>
10005ff4:	20000a8d 	.word	0x20000a8d

10005ff8 <__reset_non_control_endpoints_veneer>:
10005ff8:	f85f f000 	ldr.w	pc, [pc]	@ 10005ffc <__reset_non_control_endpoints_veneer+0x4>
10005ffc:	200002e1 	.word	0x200002e1

10006000 <__e15_is_critical_frame_period_veneer>:
10006000:	f85f f000 	ldr.w	pc, [pc]	@ 10006004 <__e15_is_critical_frame_period_veneer+0x4>
10006004:	20000ab5 	.word	0x20000ab5

10006008 <___hw_endpoint_buffer_control_update32_veneer>:
10006008:	f85f f000 	ldr.w	pc, [pc]	@ 1000600c <___hw_endpoint_buffer_control_update32_veneer+0x4>
1000600c:	20000ae9 	.word	0x20000ae9

10006010 <__mutex_try_enter_block_until_veneer>:
10006010:	f85f f000 	ldr.w	pc, [pc]	@ 10006014 <__mutex_try_enter_block_until_veneer+0x4>
10006014:	200001f9 	.word	0x200001f9

10006018 <__pre_init_runtime_init_bootrom_reset>:
10006018:	10001921                                !...

1000601c <__pre_init_runtime_init_early_resets>:
1000601c:	10001899                                ....

10006020 <__pre_init_runtime_init_usb_power_down>:
10006020:	100018c9                                ....

10006024 <__pre_init_runtime_init_clocks>:
10006024:	100019b1                                ....

10006028 <__pre_init_runtime_init_post_clock_resets>:
10006028:	10001901                                ....

1000602c <__pre_init_runtime_init_boot_locks_reset>:
1000602c:	10001821                                !...

10006030 <__pre_init_runtime_init_spin_locks_reset>:
10006030:	10001949                                I...

10006034 <__pre_init_runtime_init_bootrom_locking_enable>:
10006034:	1000180d                                ....

10006038 <__pre_init_runtime_init_mutex>:
10006038:	10000c3d                                =...

1000603c <__pre_init_runtime_init_install_ram_vector_table>:
1000603c:	1000194d                                M...

10006040 <__pre_init_runtime_init_default_alarm_pool>:
10006040:	10000ff9                                ....

10006044 <__pre_init_first_per_core_initializer>:
10006044:	10001869                                i...

10006048 <__pre_init_runtime_init_per_core_bootrom_reset>:
10006048:	10001935                                5...

1000604c <__pre_init_runtime_init_per_core_enable_coprocessors>:
1000604c:	100018e5                                ....

10006050 <__pre_init_spinlock_set_extexclall>:
10006050:	1000080d                                ....

10006054 <__pre_init_runtime_init_per_core_irq_priorities>:
10006054:	10000835                                5...

10006058 <__init_array_start>:
10006058:	10003d09 	.word	0x10003d09

Disassembly of section .data:

20000110 <mutex_try_enter>:
20000110:	4603      	mov	r3, r0
20000112:	b500      	push	{lr}
20000114:	6802      	ldr	r2, [r0, #0]
20000116:	f3ef 8c10 	mrs	ip, PRIMASK
2000011a:	b672      	cpsid	i
2000011c:	e8d2 efcf 	ldaexb	lr, [r2]
20000120:	2001      	movs	r0, #1
20000122:	f1be 0f00 	cmp.w	lr, #0
20000126:	d1f9      	bne.n	2000011c <mutex_try_enter+0xc>
20000128:	e8c2 0f4e 	strexb	lr, r0, [r2]
2000012c:	f1be 0f00 	cmp.w	lr, #0
20000130:	d1f4      	bne.n	2000011c <mutex_try_enter+0xc>
20000132:	f3bf 8f5f 	dmb	sy
20000136:	f993 2004 	ldrsb.w	r2, [r3, #4]
2000013a:	2a00      	cmp	r2, #0
2000013c:	db09      	blt.n	20000152 <mutex_try_enter+0x42>
2000013e:	b101      	cbz	r1, 20000142 <mutex_try_enter+0x32>
20000140:	600a      	str	r2, [r1, #0]
20000142:	2000      	movs	r0, #0
20000144:	2200      	movs	r2, #0
20000146:	681b      	ldr	r3, [r3, #0]
20000148:	e8c3 2f8f 	stlb	r2, [r3]
2000014c:	f38c 8810 	msr	PRIMASK, ip
20000150:	bd00      	pop	{pc}
20000152:	f04f 4250 	mov.w	r2, #3489660928	@ 0xd0000000
20000156:	6812      	ldr	r2, [r2, #0]
20000158:	2001      	movs	r0, #1
2000015a:	711a      	strb	r2, [r3, #4]
2000015c:	e7f2      	b.n	20000144 <mutex_try_enter+0x34>
2000015e:	bf00      	nop

20000160 <mutex_enter_block_until>:
20000160:	f04f 4150 	mov.w	r1, #3489660928	@ 0xd0000000
20000164:	e92d 47f0 	stmdb	sp!, {r4, r5, r6, r7, r8, r9, sl, lr}
20000168:	4699      	mov	r9, r3
2000016a:	680b      	ldr	r3, [r1, #0]
2000016c:	4604      	mov	r4, r0
2000016e:	4617      	mov	r7, r2
20000170:	f04f 0800 	mov.w	r8, #0
20000174:	469a      	mov	sl, r3
20000176:	4d1e      	ldr	r5, [pc, #120]	@ (200001f0 <mutex_enter_block_until+0x90>)
20000178:	4e1e      	ldr	r6, [pc, #120]	@ (200001f4 <mutex_enter_block_until+0x94>)
2000017a:	6820      	ldr	r0, [r4, #0]
2000017c:	f3ef 8c10 	mrs	ip, PRIMASK
20000180:	b672      	cpsid	i
20000182:	e8d0 2fcf 	ldaexb	r2, [r0]
20000186:	2301      	movs	r3, #1
20000188:	2a00      	cmp	r2, #0
2000018a:	d1fa      	bne.n	20000182 <mutex_enter_block_until+0x22>
2000018c:	e8c0 3f42 	strexb	r2, r3, [r0]
20000190:	2a00      	cmp	r2, #0
20000192:	d1f6      	bne.n	20000182 <mutex_enter_block_until+0x22>
20000194:	f3bf 8f5f 	dmb	sy
20000198:	f994 2004 	ldrsb.w	r2, [r4, #4]
2000019c:	6823      	ldr	r3, [r4, #0]
2000019e:	2a00      	cmp	r2, #0
200001a0:	db1b      	blt.n	200001da <mutex_enter_block_until+0x7a>
200001a2:	7828      	ldrb	r0, [r5, #0]
200001a4:	b2c0      	uxtb	r0, r0
200001a6:	e8c3 8f8f 	stlb	r8, [r3]
200001aa:	bf20      	wfe
200001ac:	f38c 8810 	msr	PRIMASK, ip
200001b0:	782b      	ldrb	r3, [r5, #0]
200001b2:	4283      	cmp	r3, r0
200001b4:	d00a      	beq.n	200001cc <mutex_enter_block_until+0x6c>
200001b6:	6a73      	ldr	r3, [r6, #36]	@ 0x24
200001b8:	4599      	cmp	r9, r3
200001ba:	d8de      	bhi.n	2000017a <mutex_enter_block_until+0x1a>
200001bc:	6ab2      	ldr	r2, [r6, #40]	@ 0x28
200001be:	42ba      	cmp	r2, r7
200001c0:	d201      	bcs.n	200001c6 <mutex_enter_block_until+0x66>
200001c2:	4599      	cmp	r9, r3
200001c4:	d0d9      	beq.n	2000017a <mutex_enter_block_until+0x1a>
200001c6:	2000      	movs	r0, #0
200001c8:	e8bd 87f0 	ldmia.w	sp!, {r4, r5, r6, r7, r8, r9, sl, pc}
200001cc:	4638      	mov	r0, r7
200001ce:	4649      	mov	r1, r9
200001d0:	f001 f97e 	bl	200014d0 <__best_effort_wfe_or_timeout_veneer>
200001d4:	2800      	cmp	r0, #0
200001d6:	d0d0      	beq.n	2000017a <mutex_enter_block_until+0x1a>
200001d8:	e7f5      	b.n	200001c6 <mutex_enter_block_until+0x66>
200001da:	2200      	movs	r2, #0
200001dc:	f884 a004 	strb.w	sl, [r4, #4]
200001e0:	e8c3 2f8f 	stlb	r2, [r3]
200001e4:	f38c 8810 	msr	PRIMASK, ip
200001e8:	2001      	movs	r0, #1
200001ea:	e8bd 87f0 	ldmia.w	sp!, {r4, r5, r6, r7, r8, r9, sl, pc}
200001ee:	bf00      	nop
200001f0:	20001f12 	.word	0x20001f12
200001f4:	400b0000 	.word	0x400b0000

200001f8 <mutex_try_enter_block_until>:
200001f8:	b510      	push	{r4, lr}
200001fa:	6801      	ldr	r1, [r0, #0]
200001fc:	f3ef 8e10 	mrs	lr, PRIMASK
20000200:	b672      	cpsid	i
20000202:	e8d1 cfcf 	ldaexb	ip, [r1]
20000206:	2401      	movs	r4, #1
20000208:	f1bc 0f00 	cmp.w	ip, #0
2000020c:	d1f9      	bne.n	20000202 <mutex_try_enter_block_until+0xa>
2000020e:	e8c1 4f4c 	strexb	ip, r4, [r1]
20000212:	f1bc 0f00 	cmp.w	ip, #0
20000216:	d1f4      	bne.n	20000202 <mutex_try_enter_block_until+0xa>
20000218:	f3bf 8f5f 	dmb	sy
2000021c:	f990 c004 	ldrsb.w	ip, [r0, #4]
20000220:	6804      	ldr	r4, [r0, #0]
20000222:	f1bc 0f00 	cmp.w	ip, #0
20000226:	db10      	blt.n	2000024a <mutex_try_enter_block_until+0x52>
20000228:	2100      	movs	r1, #0
2000022a:	e8c4 1f8f 	stlb	r1, [r4]
2000022e:	f38e 8810 	msr	PRIMASK, lr
20000232:	f04f 4450 	mov.w	r4, #3489660928	@ 0xd0000000
20000236:	f994 4000 	ldrsb.w	r4, [r4]
2000023a:	4564      	cmp	r4, ip
2000023c:	d101      	bne.n	20000242 <mutex_try_enter_block_until+0x4a>
2000023e:	4608      	mov	r0, r1
20000240:	bd10      	pop	{r4, pc}
20000242:	e8bd 4010 	ldmia.w	sp!, {r4, lr}
20000246:	f7ff bf8b 	b.w	20000160 <mutex_enter_block_until>
2000024a:	f04f 4250 	mov.w	r2, #3489660928	@ 0xd0000000
2000024e:	6812      	ldr	r2, [r2, #0]
20000250:	2300      	movs	r3, #0
20000252:	7102      	strb	r2, [r0, #4]
20000254:	e8c4 3f8f 	stlb	r3, [r4]
20000258:	f38e 8810 	msr	PRIMASK, lr
2000025c:	2001      	movs	r0, #1
2000025e:	bd10      	pop	{r4, pc}

20000260 <mutex_enter_timeout_ms>:
20000260:	b570      	push	{r4, r5, r6, lr}
20000262:	4605      	mov	r5, r0
20000264:	460c      	mov	r4, r1
20000266:	f001 f93b 	bl	200014e0 <__time_us_64_veneer>
2000026a:	4602      	mov	r2, r0
2000026c:	460b      	mov	r3, r1
2000026e:	f44f 707a 	mov.w	r0, #1000	@ 0x3e8
20000272:	f04f 3eff 	mov.w	lr, #4294967295	@ 0xffffffff
20000276:	f06f 4c00 	mvn.w	ip, #2147483648	@ 0x80000000
2000027a:	fbe4 2300 	umlal	r2, r3, r4, r0
2000027e:	4596      	cmp	lr, r2
20000280:	eb7c 0103 	sbcs.w	r1, ip, r3
20000284:	bf38      	it	cc
20000286:	4672      	movcc	r2, lr
20000288:	4628      	mov	r0, r5
2000028a:	e8bd 4070 	ldmia.w	sp!, {r4, r5, r6, lr}
2000028e:	bf38      	it	cc
20000290:	4663      	movcc	r3, ip
20000292:	f7ff bf65 	b.w	20000160 <mutex_enter_block_until>
20000296:	bf00      	nop

20000298 <mutex_exit>:
20000298:	6803      	ldr	r3, [r0, #0]
2000029a:	f3ef 8110 	mrs	r1, PRIMASK
2000029e:	b672      	cpsid	i
200002a0:	e8d3 cfcf 	ldaexb	ip, [r3]
200002a4:	2201      	movs	r2, #1
200002a6:	f1bc 0f00 	cmp.w	ip, #0
200002aa:	d1f9      	bne.n	200002a0 <mutex_exit+0x8>
200002ac:	e8c3 2f4c 	strexb	ip, r2, [r3]
200002b0:	f1bc 0f00 	cmp.w	ip, #0
200002b4:	d1f4      	bne.n	200002a0 <mutex_exit+0x8>
200002b6:	f3bf 8f5f 	dmb	sy
200002ba:	f04f 0cff 	mov.w	ip, #255	@ 0xff
200002be:	4a07      	ldr	r2, [pc, #28]	@ (200002dc <mutex_exit+0x44>)
200002c0:	f880 c004 	strb.w	ip, [r0, #4]
200002c4:	7813      	ldrb	r3, [r2, #0]
200002c6:	3301      	adds	r3, #1
200002c8:	7013      	strb	r3, [r2, #0]
200002ca:	2300      	movs	r3, #0
200002cc:	6802      	ldr	r2, [r0, #0]
200002ce:	e8c2 3f8f 	stlb	r3, [r2]
200002d2:	f381 8810 	msr	PRIMASK, r1
200002d6:	bf40      	sev
200002d8:	4770      	bx	lr
200002da:	bf00      	nop
200002dc:	20001f12 	.word	0x20001f12

200002e0 <reset_non_control_endpoints>:
200002e0:	2100      	movs	r1, #0
200002e2:	b508      	push	{r3, lr}
200002e4:	4b13      	ldr	r3, [pc, #76]	@ (20000334 <reset_non_control_endpoints+0x54>)
200002e6:	f44f 7270 	mov.w	r2, #960	@ 0x3c0
200002ea:	6099      	str	r1, [r3, #8]
200002ec:	4812      	ldr	r0, [pc, #72]	@ (20000338 <reset_non_control_endpoints+0x58>)
200002ee:	60d9      	str	r1, [r3, #12]
200002f0:	6119      	str	r1, [r3, #16]
200002f2:	6159      	str	r1, [r3, #20]
200002f4:	6199      	str	r1, [r3, #24]
200002f6:	61d9      	str	r1, [r3, #28]
200002f8:	6219      	str	r1, [r3, #32]
200002fa:	6259      	str	r1, [r3, #36]	@ 0x24
200002fc:	6299      	str	r1, [r3, #40]	@ 0x28
200002fe:	62d9      	str	r1, [r3, #44]	@ 0x2c
20000300:	6319      	str	r1, [r3, #48]	@ 0x30
20000302:	6359      	str	r1, [r3, #52]	@ 0x34
20000304:	6399      	str	r1, [r3, #56]	@ 0x38
20000306:	63d9      	str	r1, [r3, #60]	@ 0x3c
20000308:	6419      	str	r1, [r3, #64]	@ 0x40
2000030a:	6459      	str	r1, [r3, #68]	@ 0x44
2000030c:	6499      	str	r1, [r3, #72]	@ 0x48
2000030e:	64d9      	str	r1, [r3, #76]	@ 0x4c
20000310:	6519      	str	r1, [r3, #80]	@ 0x50
20000312:	6559      	str	r1, [r3, #84]	@ 0x54
20000314:	6599      	str	r1, [r3, #88]	@ 0x58
20000316:	65d9      	str	r1, [r3, #92]	@ 0x5c
20000318:	6619      	str	r1, [r3, #96]	@ 0x60
2000031a:	6659      	str	r1, [r3, #100]	@ 0x64
2000031c:	6699      	str	r1, [r3, #104]	@ 0x68
2000031e:	66d9      	str	r1, [r3, #108]	@ 0x6c
20000320:	6719      	str	r1, [r3, #112]	@ 0x70
20000322:	6759      	str	r1, [r3, #116]	@ 0x74
20000324:	6799      	str	r1, [r3, #120]	@ 0x78
20000326:	67d9      	str	r1, [r3, #124]	@ 0x7c
20000328:	f001 f8de 	bl	200014e8 <__memset_veneer>
2000032c:	4b03      	ldr	r3, [pc, #12]	@ (2000033c <reset_non_control_endpoints+0x5c>)
2000032e:	4a04      	ldr	r2, [pc, #16]	@ (20000340 <reset_non_control_endpoints+0x60>)
20000330:	601a      	str	r2, [r3, #0]
20000332:	bd08      	pop	{r3, pc}
20000334:	50100000 	.word	0x50100000
20000338:	20001af0 	.word	0x20001af0
2000033c:	20001eb8 	.word	0x20001eb8
20000340:	50100180 	.word	0x50100180

20000344 <hw_handle_buff_status>:
20000344:	e92d 47f0 	stmdb	sp!, {r4, r5, r6, r7, r8, r9, sl, lr}
20000348:	4b1e      	ldr	r3, [pc, #120]	@ (200003c4 <hw_handle_buff_status+0x80>)
2000034a:	b084      	sub	sp, #16
2000034c:	f8d3 a058 	ldr.w	sl, [r3, #88]	@ 0x58
20000350:	f1ba 0f00 	cmp.w	sl, #0
20000354:	d021      	beq.n	2000039a <hw_handle_buff_status+0x56>
20000356:	2400      	movs	r4, #0
20000358:	2501      	movs	r5, #1
2000035a:	f44f 69e0 	mov.w	r9, #1792	@ 0x700
2000035e:	f8df 806c 	ldr.w	r8, [pc, #108]	@ 200003cc <hw_handle_buff_status+0x88>
20000362:	4f19      	ldr	r7, [pc, #100]	@ (200003c8 <hw_handle_buff_status+0x84>)
20000364:	e005      	b.n	20000372 <hw_handle_buff_status+0x2e>
20000366:	3401      	adds	r4, #1
20000368:	b2e4      	uxtb	r4, r4
2000036a:	2c20      	cmp	r4, #32
2000036c:	ea4f 0545 	mov.w	r5, r5, lsl #1
20000370:	d013      	beq.n	2000039a <hw_handle_buff_status+0x56>
20000372:	ea1a 0f05 	tst.w	sl, r5
20000376:	d0f6      	beq.n	20000366 <hw_handle_buff_status+0x22>
20000378:	43e3      	mvns	r3, r4
2000037a:	f004 06fe 	and.w	r6, r4, #254	@ 0xfe
2000037e:	f003 0301 	and.w	r3, r3, #1
20000382:	441e      	add	r6, r3
20000384:	eb07 1646 	add.w	r6, r7, r6, lsl #5
20000388:	4630      	mov	r0, r6
2000038a:	f8c8 5058 	str.w	r5, [r8, #88]	@ 0x58
2000038e:	f000 fc01 	bl	20000b94 <hw_endpoint_xfer_continue>
20000392:	b928      	cbnz	r0, 200003a0 <hw_handle_buff_status+0x5c>
20000394:	ea3a 0a05 	bics.w	sl, sl, r5
20000398:	d1e5      	bne.n	20000366 <hw_handle_buff_status+0x22>
2000039a:	b004      	add	sp, #16
2000039c:	e8bd 87f0 	ldmia.w	sp!, {r4, r5, r6, r7, r8, r9, sl, pc}
200003a0:	78b3      	ldrb	r3, [r6, #2]
200003a2:	8af2      	ldrh	r2, [r6, #22]
200003a4:	f88d 3008 	strb.w	r3, [sp, #8]
200003a8:	2300      	movs	r3, #0
200003aa:	a801      	add	r0, sp, #4
200003ac:	2101      	movs	r1, #1
200003ae:	f8ad 9004 	strh.w	r9, [sp, #4]
200003b2:	9203      	str	r2, [sp, #12]
200003b4:	f88d 3009 	strb.w	r3, [sp, #9]
200003b8:	f000 fc0a 	bl	20000bd0 <dcd_event_handler>
200003bc:	4630      	mov	r0, r6
200003be:	f000 fb8d 	bl	20000adc <hw_endpoint_reset_transfer>
200003c2:	e7e7      	b.n	20000394 <hw_handle_buff_status+0x50>
200003c4:	50110000 	.word	0x50110000
200003c8:	20001ab0 	.word	0x20001ab0
200003cc:	50113000 	.word	0x50113000

200003d0 <dcd_rp2040_irq>:
200003d0:	b570      	push	{r4, r5, r6, lr}
200003d2:	4bb2      	ldr	r3, [pc, #712]	@ (2000069c <dcd_rp2040_irq+0x2cc>)
200003d4:	b086      	sub	sp, #24
200003d6:	f8d3 4098 	ldr.w	r4, [r3, #152]	@ 0x98
200003da:	f414 3500 	ands.w	r5, r4, #131072	@ 0x20000
200003de:	d074      	beq.n	200004ca <dcd_rp2040_irq+0xfa>
200003e0:	4aaf      	ldr	r2, [pc, #700]	@ (200006a0 <dcd_rp2040_irq+0x2d0>)
200003e2:	4bb0      	ldr	r3, [pc, #704]	@ (200006a4 <dcd_rp2040_irq+0x2d4>)
200003e4:	6a90      	ldr	r0, [r2, #40]	@ 0x28
200003e6:	f893 203b 	ldrb.w	r2, [r3, #59]	@ 0x3b
200003ea:	49af      	ldr	r1, [pc, #700]	@ (200006a8 <dcd_rp2040_irq+0x2d8>)
200003ec:	2a02      	cmp	r2, #2
200003ee:	6008      	str	r0, [r1, #0]
200003f0:	f000 80e6 	beq.w	200005c0 <dcd_rp2040_irq+0x1f0>
200003f4:	2500      	movs	r5, #0
200003f6:	f893 207b 	ldrb.w	r2, [r3, #123]	@ 0x7b
200003fa:	2a02      	cmp	r2, #2
200003fc:	f000 81b2 	beq.w	20000764 <dcd_rp2040_irq+0x394>
20000400:	f893 20bb 	ldrb.w	r2, [r3, #187]	@ 0xbb
20000404:	2a02      	cmp	r2, #2
20000406:	f000 81a2 	beq.w	2000074e <dcd_rp2040_irq+0x37e>
2000040a:	f893 20fb 	ldrb.w	r2, [r3, #251]	@ 0xfb
2000040e:	2a02      	cmp	r2, #2
20000410:	f000 8192 	beq.w	20000738 <dcd_rp2040_irq+0x368>
20000414:	f893 213b 	ldrb.w	r2, [r3, #315]	@ 0x13b
20000418:	2a02      	cmp	r2, #2
2000041a:	f000 8181 	beq.w	20000720 <dcd_rp2040_irq+0x350>
2000041e:	f893 217b 	ldrb.w	r2, [r3, #379]	@ 0x17b
20000422:	2a02      	cmp	r2, #2
20000424:	f000 8171 	beq.w	2000070a <dcd_rp2040_irq+0x33a>
20000428:	f893 21bb 	ldrb.w	r2, [r3, #443]	@ 0x1bb
2000042c:	2a02      	cmp	r2, #2
2000042e:	f000 8161 	beq.w	200006f4 <dcd_rp2040_irq+0x324>
20000432:	f893 21fb 	ldrb.w	r2, [r3, #507]	@ 0x1fb
20000436:	2a02      	cmp	r2, #2
20000438:	f000 8150 	beq.w	200006dc <dcd_rp2040_irq+0x30c>
2000043c:	f893 223b 	ldrb.w	r2, [r3, #571]	@ 0x23b
20000440:	2a02      	cmp	r2, #2
20000442:	f000 813f 	beq.w	200006c4 <dcd_rp2040_irq+0x2f4>
20000446:	f893 227b 	ldrb.w	r2, [r3, #635]	@ 0x27b
2000044a:	2a02      	cmp	r2, #2
2000044c:	f000 811a 	beq.w	20000684 <dcd_rp2040_irq+0x2b4>
20000450:	f893 22bb 	ldrb.w	r2, [r3, #699]	@ 0x2bb
20000454:	2a02      	cmp	r2, #2
20000456:	f000 8109 	beq.w	2000066c <dcd_rp2040_irq+0x29c>
2000045a:	f893 22fb 	ldrb.w	r2, [r3, #763]	@ 0x2fb
2000045e:	2a02      	cmp	r2, #2
20000460:	f000 80f8 	beq.w	20000654 <dcd_rp2040_irq+0x284>
20000464:	f893 233b 	ldrb.w	r2, [r3, #827]	@ 0x33b
20000468:	2a02      	cmp	r2, #2
2000046a:	f000 80e7 	beq.w	2000063c <dcd_rp2040_irq+0x26c>
2000046e:	f893 237b 	ldrb.w	r2, [r3, #891]	@ 0x37b
20000472:	2a02      	cmp	r2, #2
20000474:	f000 80b7 	beq.w	200005e6 <dcd_rp2040_irq+0x216>
20000478:	f893 23bb 	ldrb.w	r2, [r3, #955]	@ 0x3bb
2000047c:	2a02      	cmp	r2, #2
2000047e:	f000 817c 	beq.w	2000077a <dcd_rp2040_irq+0x3aa>
20000482:	f893 23fb 	ldrb.w	r2, [r3, #1019]	@ 0x3fb
20000486:	2a02      	cmp	r2, #2
20000488:	f000 80c7 	beq.w	2000061a <dcd_rp2040_irq+0x24a>
2000048c:	b93d      	cbnz	r5, 2000049e <dcd_rp2040_irq+0xce>
2000048e:	4b87      	ldr	r3, [pc, #540]	@ (200006ac <dcd_rp2040_irq+0x2dc>)
20000490:	781b      	ldrb	r3, [r3, #0]
20000492:	b923      	cbnz	r3, 2000049e <dcd_rp2040_irq+0xce>
20000494:	f44f 3200 	mov.w	r2, #131072	@ 0x20000
20000498:	4b85      	ldr	r3, [pc, #532]	@ (200006b0 <dcd_rp2040_irq+0x2e0>)
2000049a:	f8c3 2090 	str.w	r2, [r3, #144]	@ 0x90
2000049e:	f44f 7240 	mov.w	r2, #768	@ 0x300
200004a2:	4b7e      	ldr	r3, [pc, #504]	@ (2000069c <dcd_rp2040_irq+0x2cc>)
200004a4:	2101      	movs	r1, #1
200004a6:	6c9b      	ldr	r3, [r3, #72]	@ 0x48
200004a8:	a803      	add	r0, sp, #12
200004aa:	f3c3 030a 	ubfx	r3, r3, #0, #11
200004ae:	9304      	str	r3, [sp, #16]
200004b0:	f8ad 200c 	strh.w	r2, [sp, #12]
200004b4:	f000 fb8c 	bl	20000bd0 <dcd_event_handler>
200004b8:	06e3      	lsls	r3, r4, #27
200004ba:	f44f 3500 	mov.w	r5, #131072	@ 0x20000
200004be:	4e7d      	ldr	r6, [pc, #500]	@ (200006b4 <dcd_rp2040_irq+0x2e4>)
200004c0:	d507      	bpl.n	200004d2 <dcd_rp2040_irq+0x102>
200004c2:	f7ff ff3f 	bl	20000344 <hw_handle_buff_status>
200004c6:	4635      	mov	r5, r6
200004c8:	e003      	b.n	200004d2 <dcd_rp2040_irq+0x102>
200004ca:	06e3      	lsls	r3, r4, #27
200004cc:	f04f 0610 	mov.w	r6, #16
200004d0:	d4f7      	bmi.n	200004c2 <dcd_rp2040_irq+0xf2>
200004d2:	03e0      	lsls	r0, r4, #15
200004d4:	d51d      	bpl.n	20000512 <dcd_rp2040_irq+0x142>
200004d6:	4873      	ldr	r0, [pc, #460]	@ (200006a4 <dcd_rp2040_irq+0x2d4>)
200004d8:	2602      	movs	r6, #2
200004da:	7e83      	ldrb	r3, [r0, #26]
200004dc:	f445 3580 	orr.w	r5, r5, #65536	@ 0x10000
200004e0:	bb33      	cbnz	r3, 20000530 <dcd_rp2040_irq+0x160>
200004e2:	f04f 0301 	mov.w	r3, #1
200004e6:	2e01      	cmp	r6, #1
200004e8:	70c3      	strb	r3, [r0, #3]
200004ea:	f100 0020 	add.w	r0, r0, #32
200004ee:	d11b      	bne.n	20000528 <dcd_rp2040_irq+0x158>
200004f0:	f44f 62c0 	mov.w	r2, #1536	@ 0x600
200004f4:	4b70      	ldr	r3, [pc, #448]	@ (200006b8 <dcd_rp2040_irq+0x2e8>)
200004f6:	f8ad 200c 	strh.w	r2, [sp, #12]
200004fa:	e893 0003 	ldmia.w	r3, {r0, r1}
200004fe:	e9cd 0104 	strd	r0, r1, [sp, #16]
20000502:	4631      	mov	r1, r6
20000504:	a803      	add	r0, sp, #12
20000506:	f000 fb63 	bl	20000bd0 <dcd_event_handler>
2000050a:	f44f 3200 	mov.w	r2, #131072	@ 0x20000
2000050e:	4b68      	ldr	r3, [pc, #416]	@ (200006b0 <dcd_rp2040_irq+0x2e0>)
20000510:	651a      	str	r2, [r3, #80]	@ 0x50
20000512:	04e1      	lsls	r1, r4, #19
20000514:	d43e      	bmi.n	20000594 <dcd_rp2040_irq+0x1c4>
20000516:	0462      	lsls	r2, r4, #17
20000518:	d42e      	bmi.n	20000578 <dcd_rp2040_irq+0x1a8>
2000051a:	0423      	lsls	r3, r4, #16
2000051c:	d41d      	bmi.n	2000055a <dcd_rp2040_irq+0x18a>
2000051e:	42a5      	cmp	r5, r4
20000520:	f040 81bb 	bne.w	2000089a <dcd_rp2040_irq+0x4ca>
20000524:	b006      	add	sp, #24
20000526:	bd70      	pop	{r4, r5, r6, pc}
20000528:	7e83      	ldrb	r3, [r0, #26]
2000052a:	2601      	movs	r6, #1
2000052c:	2b00      	cmp	r3, #0
2000052e:	d0d8      	beq.n	200004e2 <dcd_rp2040_irq+0x112>
20000530:	4b62      	ldr	r3, [pc, #392]	@ (200006bc <dcd_rp2040_irq+0x2ec>)
20000532:	4a5a      	ldr	r2, [pc, #360]	@ (2000069c <dcd_rp2040_irq+0x2cc>)
20000534:	661e      	str	r6, [r3, #96]	@ 0x60
20000536:	6e53      	ldr	r3, [r2, #100]	@ 0x64
20000538:	ea36 0303 	bics.w	r3, r6, r3
2000053c:	d1fb      	bne.n	20000536 <dcd_rp2040_irq+0x166>
2000053e:	f44f 5240 	mov.w	r2, #12288	@ 0x3000
20000542:	2100      	movs	r1, #0
20000544:	9001      	str	r0, [sp, #4]
20000546:	f000 facf 	bl	20000ae8 <_hw_endpoint_buffer_control_update32>
2000054a:	9801      	ldr	r0, [sp, #4]
2000054c:	f000 fac6 	bl	20000adc <hw_endpoint_reset_transfer>
20000550:	4b57      	ldr	r3, [pc, #348]	@ (200006b0 <dcd_rp2040_irq+0x2e0>)
20000552:	9801      	ldr	r0, [sp, #4]
20000554:	665e      	str	r6, [r3, #100]	@ 0x64
20000556:	661e      	str	r6, [r3, #96]	@ 0x60
20000558:	e7c3      	b.n	200004e2 <dcd_rp2040_irq+0x112>
2000055a:	f44f 63a0 	mov.w	r3, #1280	@ 0x500
2000055e:	2101      	movs	r1, #1
20000560:	a803      	add	r0, sp, #12
20000562:	f8ad 300c 	strh.w	r3, [sp, #12]
20000566:	f000 fb33 	bl	20000bd0 <dcd_event_handler>
2000056a:	f44f 6200 	mov.w	r2, #2048	@ 0x800
2000056e:	4b50      	ldr	r3, [pc, #320]	@ (200006b0 <dcd_rp2040_irq+0x2e0>)
20000570:	f445 4500 	orr.w	r5, r5, #32768	@ 0x8000
20000574:	651a      	str	r2, [r3, #80]	@ 0x50
20000576:	e7d2      	b.n	2000051e <dcd_rp2040_irq+0x14e>
20000578:	f44f 6380 	mov.w	r3, #1024	@ 0x400
2000057c:	2101      	movs	r1, #1
2000057e:	a803      	add	r0, sp, #12
20000580:	f8ad 300c 	strh.w	r3, [sp, #12]
20000584:	f000 fb24 	bl	20000bd0 <dcd_event_handler>
20000588:	2210      	movs	r2, #16
2000058a:	4b49      	ldr	r3, [pc, #292]	@ (200006b0 <dcd_rp2040_irq+0x2e0>)
2000058c:	f445 4580 	orr.w	r5, r5, #16384	@ 0x4000
20000590:	651a      	str	r2, [r3, #80]	@ 0x50
20000592:	e7c2      	b.n	2000051a <dcd_rp2040_irq+0x14a>
20000594:	2600      	movs	r6, #0
20000596:	4b41      	ldr	r3, [pc, #260]	@ (2000069c <dcd_rp2040_irq+0x2cc>)
20000598:	f445 5580 	orr.w	r5, r5, #4096	@ 0x1000
2000059c:	601e      	str	r6, [r3, #0]
2000059e:	f7ff fe9f 	bl	200002e0 <reset_non_control_endpoints>
200005a2:	f44f 7380 	mov.w	r3, #256	@ 0x100
200005a6:	2101      	movs	r1, #1
200005a8:	a803      	add	r0, sp, #12
200005aa:	f8ad 300c 	strh.w	r3, [sp, #12]
200005ae:	f88d 6010 	strb.w	r6, [sp, #16]
200005b2:	f000 fb0d 	bl	20000bd0 <dcd_event_handler>
200005b6:	f44f 2200 	mov.w	r2, #524288	@ 0x80000
200005ba:	4b3d      	ldr	r3, [pc, #244]	@ (200006b0 <dcd_rp2040_irq+0x2e0>)
200005bc:	651a      	str	r2, [r3, #80]	@ 0x50
200005be:	e7aa      	b.n	20000516 <dcd_rp2040_irq+0x146>
200005c0:	f893 503a 	ldrb.w	r5, [r3, #58]	@ 0x3a
200005c4:	2d00      	cmp	r5, #0
200005c6:	f43f af16 	beq.w	200003f6 <dcd_rp2040_irq+0x26>
200005ca:	f893 203c 	ldrb.w	r2, [r3, #60]	@ 0x3c
200005ce:	2a00      	cmp	r2, #0
200005d0:	f43f af11 	beq.w	200003f6 <dcd_rp2040_irq+0x26>
200005d4:	2200      	movs	r2, #0
200005d6:	f103 0020 	add.w	r0, r3, #32
200005da:	f883 203c 	strb.w	r2, [r3, #60]	@ 0x3c
200005de:	f000 faa7 	bl	20000b30 <hw_endpoint_start_next_buffer>
200005e2:	4b30      	ldr	r3, [pc, #192]	@ (200006a4 <dcd_rp2040_irq+0x2d4>)
200005e4:	e707      	b.n	200003f6 <dcd_rp2040_irq+0x26>
200005e6:	f893 637a 	ldrb.w	r6, [r3, #890]	@ 0x37a
200005ea:	2e00      	cmp	r6, #0
200005ec:	f43f af44 	beq.w	20000478 <dcd_rp2040_irq+0xa8>
200005f0:	f893 237c 	ldrb.w	r2, [r3, #892]	@ 0x37c
200005f4:	2a00      	cmp	r2, #0
200005f6:	f040 8140 	bne.w	2000087a <dcd_rp2040_irq+0x4aa>
200005fa:	f893 23bb 	ldrb.w	r2, [r3, #955]	@ 0x3bb
200005fe:	2a02      	cmp	r2, #2
20000600:	f040 80c4 	bne.w	2000078c <dcd_rp2040_irq+0x3bc>
20000604:	f893 23ba 	ldrb.w	r2, [r3, #954]	@ 0x3ba
20000608:	2a00      	cmp	r2, #0
2000060a:	f040 80bb 	bne.w	20000784 <dcd_rp2040_irq+0x3b4>
2000060e:	f893 23fb 	ldrb.w	r2, [r3, #1019]	@ 0x3fb
20000612:	2a02      	cmp	r2, #2
20000614:	f47f af43 	bne.w	2000049e <dcd_rp2040_irq+0xce>
20000618:	4635      	mov	r5, r6
2000061a:	f893 23fa 	ldrb.w	r2, [r3, #1018]	@ 0x3fa
2000061e:	2a00      	cmp	r2, #0
20000620:	f43f af34 	beq.w	2000048c <dcd_rp2040_irq+0xbc>
20000624:	f893 23fc 	ldrb.w	r2, [r3, #1020]	@ 0x3fc
20000628:	2a00      	cmp	r2, #0
2000062a:	f43f af38 	beq.w	2000049e <dcd_rp2040_irq+0xce>
2000062e:	2200      	movs	r2, #0
20000630:	4823      	ldr	r0, [pc, #140]	@ (200006c0 <dcd_rp2040_irq+0x2f0>)
20000632:	f883 23fc 	strb.w	r2, [r3, #1020]	@ 0x3fc
20000636:	f000 fa7b 	bl	20000b30 <hw_endpoint_start_next_buffer>
2000063a:	e730      	b.n	2000049e <dcd_rp2040_irq+0xce>
2000063c:	f893 633a 	ldrb.w	r6, [r3, #826]	@ 0x33a
20000640:	2e00      	cmp	r6, #0
20000642:	f43f af14 	beq.w	2000046e <dcd_rp2040_irq+0x9e>
20000646:	f893 233c 	ldrb.w	r2, [r3, #828]	@ 0x33c
2000064a:	2a00      	cmp	r2, #0
2000064c:	f040 80a9 	bne.w	200007a2 <dcd_rp2040_irq+0x3d2>
20000650:	4635      	mov	r5, r6
20000652:	e70c      	b.n	2000046e <dcd_rp2040_irq+0x9e>
20000654:	f893 62fa 	ldrb.w	r6, [r3, #762]	@ 0x2fa
20000658:	2e00      	cmp	r6, #0
2000065a:	f43f af03 	beq.w	20000464 <dcd_rp2040_irq+0x94>
2000065e:	f893 22fc 	ldrb.w	r2, [r3, #764]	@ 0x2fc
20000662:	2a00      	cmp	r2, #0
20000664:	f040 80af 	bne.w	200007c6 <dcd_rp2040_irq+0x3f6>
20000668:	4635      	mov	r5, r6
2000066a:	e6fb      	b.n	20000464 <dcd_rp2040_irq+0x94>
2000066c:	f893 62ba 	ldrb.w	r6, [r3, #698]	@ 0x2ba
20000670:	2e00      	cmp	r6, #0
20000672:	f43f aef2 	beq.w	2000045a <dcd_rp2040_irq+0x8a>
20000676:	f893 22bc 	ldrb.w	r2, [r3, #700]	@ 0x2bc
2000067a:	2a00      	cmp	r2, #0
2000067c:	f040 809a 	bne.w	200007b4 <dcd_rp2040_irq+0x3e4>
20000680:	4635      	mov	r5, r6
20000682:	e6ea      	b.n	2000045a <dcd_rp2040_irq+0x8a>
20000684:	f893 627a 	ldrb.w	r6, [r3, #634]	@ 0x27a
20000688:	2e00      	cmp	r6, #0
2000068a:	f43f aee1 	beq.w	20000450 <dcd_rp2040_irq+0x80>
2000068e:	f893 227c 	ldrb.w	r2, [r3, #636]	@ 0x27c
20000692:	2a00      	cmp	r2, #0
20000694:	f040 80cd 	bne.w	20000832 <dcd_rp2040_irq+0x462>
20000698:	4635      	mov	r5, r6
2000069a:	e6d9      	b.n	20000450 <dcd_rp2040_irq+0x80>
2000069c:	50110000 	.word	0x50110000
200006a0:	400b0000 	.word	0x400b0000
200006a4:	20001ab0 	.word	0x20001ab0
200006a8:	20001aa8 	.word	0x20001aa8
200006ac:	20001f0e 	.word	0x20001f0e
200006b0:	50113000 	.word	0x50113000
200006b4:	00020010 	.word	0x00020010
200006b8:	50100000 	.word	0x50100000
200006bc:	50112000 	.word	0x50112000
200006c0:	20001e90 	.word	0x20001e90
200006c4:	f893 623a 	ldrb.w	r6, [r3, #570]	@ 0x23a
200006c8:	2e00      	cmp	r6, #0
200006ca:	f43f aebc 	beq.w	20000446 <dcd_rp2040_irq+0x76>
200006ce:	f893 223c 	ldrb.w	r2, [r3, #572]	@ 0x23c
200006d2:	2a00      	cmp	r2, #0
200006d4:	f040 80a4 	bne.w	20000820 <dcd_rp2040_irq+0x450>
200006d8:	4635      	mov	r5, r6
200006da:	e6b4      	b.n	20000446 <dcd_rp2040_irq+0x76>
200006dc:	f893 61fa 	ldrb.w	r6, [r3, #506]	@ 0x1fa
200006e0:	2e00      	cmp	r6, #0
200006e2:	f43f aeab 	beq.w	2000043c <dcd_rp2040_irq+0x6c>
200006e6:	f893 21fc 	ldrb.w	r2, [r3, #508]	@ 0x1fc
200006ea:	2a00      	cmp	r2, #0
200006ec:	f040 808f 	bne.w	2000080e <dcd_rp2040_irq+0x43e>
200006f0:	4635      	mov	r5, r6
200006f2:	e6a3      	b.n	2000043c <dcd_rp2040_irq+0x6c>
200006f4:	f893 61ba 	ldrb.w	r6, [r3, #442]	@ 0x1ba
200006f8:	2e00      	cmp	r6, #0
200006fa:	f43f ae9a 	beq.w	20000432 <dcd_rp2040_irq+0x62>
200006fe:	f893 21bc 	ldrb.w	r2, [r3, #444]	@ 0x1bc
20000702:	2a00      	cmp	r2, #0
20000704:	d17a      	bne.n	200007fc <dcd_rp2040_irq+0x42c>
20000706:	4635      	mov	r5, r6
20000708:	e693      	b.n	20000432 <dcd_rp2040_irq+0x62>
2000070a:	f893 617a 	ldrb.w	r6, [r3, #378]	@ 0x17a
2000070e:	2e00      	cmp	r6, #0
20000710:	f43f ae8a 	beq.w	20000428 <dcd_rp2040_irq+0x58>
20000714:	f893 217c 	ldrb.w	r2, [r3, #380]	@ 0x17c
20000718:	2a00      	cmp	r2, #0
2000071a:	d166      	bne.n	200007ea <dcd_rp2040_irq+0x41a>
2000071c:	4635      	mov	r5, r6
2000071e:	e683      	b.n	20000428 <dcd_rp2040_irq+0x58>
20000720:	f893 613a 	ldrb.w	r6, [r3, #314]	@ 0x13a
20000724:	2e00      	cmp	r6, #0
20000726:	f43f ae7a 	beq.w	2000041e <dcd_rp2040_irq+0x4e>
2000072a:	f893 213c 	ldrb.w	r2, [r3, #316]	@ 0x13c
2000072e:	2a00      	cmp	r2, #0
20000730:	f040 8091 	bne.w	20000856 <dcd_rp2040_irq+0x486>
20000734:	4635      	mov	r5, r6
20000736:	e672      	b.n	2000041e <dcd_rp2040_irq+0x4e>
20000738:	f893 60fa 	ldrb.w	r6, [r3, #250]	@ 0xfa
2000073c:	2e00      	cmp	r6, #0
2000073e:	f43f ae69 	beq.w	20000414 <dcd_rp2040_irq+0x44>
20000742:	f893 20fc 	ldrb.w	r2, [r3, #252]	@ 0xfc
20000746:	2a00      	cmp	r2, #0
20000748:	d17c      	bne.n	20000844 <dcd_rp2040_irq+0x474>
2000074a:	4635      	mov	r5, r6
2000074c:	e662      	b.n	20000414 <dcd_rp2040_irq+0x44>
2000074e:	f893 60ba 	ldrb.w	r6, [r3, #186]	@ 0xba
20000752:	2e00      	cmp	r6, #0
20000754:	f43f ae59 	beq.w	2000040a <dcd_rp2040_irq+0x3a>
20000758:	f893 20bc 	ldrb.w	r2, [r3, #188]	@ 0xbc
2000075c:	2a00      	cmp	r2, #0
2000075e:	d13b      	bne.n	200007d8 <dcd_rp2040_irq+0x408>
20000760:	4635      	mov	r5, r6
20000762:	e652      	b.n	2000040a <dcd_rp2040_irq+0x3a>
20000764:	f893 607a 	ldrb.w	r6, [r3, #122]	@ 0x7a
20000768:	2e00      	cmp	r6, #0
2000076a:	f43f ae49 	beq.w	20000400 <dcd_rp2040_irq+0x30>
2000076e:	f893 207c 	ldrb.w	r2, [r3, #124]	@ 0x7c
20000772:	2a00      	cmp	r2, #0
20000774:	d178      	bne.n	20000868 <dcd_rp2040_irq+0x498>
20000776:	4635      	mov	r5, r6
20000778:	e642      	b.n	20000400 <dcd_rp2040_irq+0x30>
2000077a:	f893 23ba 	ldrb.w	r2, [r3, #954]	@ 0x3ba
2000077e:	2a00      	cmp	r2, #0
20000780:	f43f ae7f 	beq.w	20000482 <dcd_rp2040_irq+0xb2>
20000784:	f893 23bc 	ldrb.w	r2, [r3, #956]	@ 0x3bc
20000788:	2a00      	cmp	r2, #0
2000078a:	d17e      	bne.n	2000088a <dcd_rp2040_irq+0x4ba>
2000078c:	f893 23fb 	ldrb.w	r2, [r3, #1019]	@ 0x3fb
20000790:	2a02      	cmp	r2, #2
20000792:	f47f ae84 	bne.w	2000049e <dcd_rp2040_irq+0xce>
20000796:	f893 23fa 	ldrb.w	r2, [r3, #1018]	@ 0x3fa
2000079a:	2a00      	cmp	r2, #0
2000079c:	f43f ae7f 	beq.w	2000049e <dcd_rp2040_irq+0xce>
200007a0:	e740      	b.n	20000624 <dcd_rp2040_irq+0x254>
200007a2:	2200      	movs	r2, #0
200007a4:	483f      	ldr	r0, [pc, #252]	@ (200008a4 <dcd_rp2040_irq+0x4d4>)
200007a6:	f883 233c 	strb.w	r2, [r3, #828]	@ 0x33c
200007aa:	4635      	mov	r5, r6
200007ac:	f000 f9c0 	bl	20000b30 <hw_endpoint_start_next_buffer>
200007b0:	4b3d      	ldr	r3, [pc, #244]	@ (200008a8 <dcd_rp2040_irq+0x4d8>)
200007b2:	e65c      	b.n	2000046e <dcd_rp2040_irq+0x9e>
200007b4:	2200      	movs	r2, #0
200007b6:	483d      	ldr	r0, [pc, #244]	@ (200008ac <dcd_rp2040_irq+0x4dc>)
200007b8:	f883 22bc 	strb.w	r2, [r3, #700]	@ 0x2bc
200007bc:	4635      	mov	r5, r6
200007be:	f000 f9b7 	bl	20000b30 <hw_endpoint_start_next_buffer>
200007c2:	4b39      	ldr	r3, [pc, #228]	@ (200008a8 <dcd_rp2040_irq+0x4d8>)
200007c4:	e649      	b.n	2000045a <dcd_rp2040_irq+0x8a>
200007c6:	2200      	movs	r2, #0
200007c8:	4839      	ldr	r0, [pc, #228]	@ (200008b0 <dcd_rp2040_irq+0x4e0>)
200007ca:	f883 22fc 	strb.w	r2, [r3, #764]	@ 0x2fc
200007ce:	4635      	mov	r5, r6
200007d0:	f000 f9ae 	bl	20000b30 <hw_endpoint_start_next_buffer>
200007d4:	4b34      	ldr	r3, [pc, #208]	@ (200008a8 <dcd_rp2040_irq+0x4d8>)
200007d6:	e645      	b.n	20000464 <dcd_rp2040_irq+0x94>
200007d8:	2200      	movs	r2, #0
200007da:	4836      	ldr	r0, [pc, #216]	@ (200008b4 <dcd_rp2040_irq+0x4e4>)
200007dc:	f883 20bc 	strb.w	r2, [r3, #188]	@ 0xbc
200007e0:	4635      	mov	r5, r6
200007e2:	f000 f9a5 	bl	20000b30 <hw_endpoint_start_next_buffer>
200007e6:	4b30      	ldr	r3, [pc, #192]	@ (200008a8 <dcd_rp2040_irq+0x4d8>)
200007e8:	e60f      	b.n	2000040a <dcd_rp2040_irq+0x3a>
200007ea:	2200      	movs	r2, #0
200007ec:	4832      	ldr	r0, [pc, #200]	@ (200008b8 <dcd_rp2040_irq+0x4e8>)
200007ee:	f883 217c 	strb.w	r2, [r3, #380]	@ 0x17c
200007f2:	4635      	mov	r5, r6
200007f4:	f000 f99c 	bl	20000b30 <hw_endpoint_start_next_buffer>
200007f8:	4b2b      	ldr	r3, [pc, #172]	@ (200008a8 <dcd_rp2040_irq+0x4d8>)
200007fa:	e615      	b.n	20000428 <dcd_rp2040_irq+0x58>
200007fc:	2200      	movs	r2, #0
200007fe:	482f      	ldr	r0, [pc, #188]	@ (200008bc <dcd_rp2040_irq+0x4ec>)
20000800:	f883 21bc 	strb.w	r2, [r3, #444]	@ 0x1bc
20000804:	4635      	mov	r5, r6
20000806:	f000 f993 	bl	20000b30 <hw_endpoint_start_next_buffer>
2000080a:	4b27      	ldr	r3, [pc, #156]	@ (200008a8 <dcd_rp2040_irq+0x4d8>)
2000080c:	e611      	b.n	20000432 <dcd_rp2040_irq+0x62>
2000080e:	2200      	movs	r2, #0
20000810:	482b      	ldr	r0, [pc, #172]	@ (200008c0 <dcd_rp2040_irq+0x4f0>)
20000812:	f883 21fc 	strb.w	r2, [r3, #508]	@ 0x1fc
20000816:	4635      	mov	r5, r6
20000818:	f000 f98a 	bl	20000b30 <hw_endpoint_start_next_buffer>
2000081c:	4b22      	ldr	r3, [pc, #136]	@ (200008a8 <dcd_rp2040_irq+0x4d8>)
2000081e:	e60d      	b.n	2000043c <dcd_rp2040_irq+0x6c>
20000820:	2200      	movs	r2, #0
20000822:	4828      	ldr	r0, [pc, #160]	@ (200008c4 <dcd_rp2040_irq+0x4f4>)
20000824:	f883 223c 	strb.w	r2, [r3, #572]	@ 0x23c
20000828:	4635      	mov	r5, r6
2000082a:	f000 f981 	bl	20000b30 <hw_endpoint_start_next_buffer>
2000082e:	4b1e      	ldr	r3, [pc, #120]	@ (200008a8 <dcd_rp2040_irq+0x4d8>)
20000830:	e609      	b.n	20000446 <dcd_rp2040_irq+0x76>
20000832:	2200      	movs	r2, #0
20000834:	4824      	ldr	r0, [pc, #144]	@ (200008c8 <dcd_rp2040_irq+0x4f8>)
20000836:	f883 227c 	strb.w	r2, [r3, #636]	@ 0x27c
2000083a:	4635      	mov	r5, r6
2000083c:	f000 f978 	bl	20000b30 <hw_endpoint_start_next_buffer>
20000840:	4b19      	ldr	r3, [pc, #100]	@ (200008a8 <dcd_rp2040_irq+0x4d8>)
20000842:	e605      	b.n	20000450 <dcd_rp2040_irq+0x80>
20000844:	2200      	movs	r2, #0
20000846:	4821      	ldr	r0, [pc, #132]	@ (200008cc <dcd_rp2040_irq+0x4fc>)
20000848:	f883 20fc 	strb.w	r2, [r3, #252]	@ 0xfc
2000084c:	4635      	mov	r5, r6
2000084e:	f000 f96f 	bl	20000b30 <hw_endpoint_start_next_buffer>
20000852:	4b15      	ldr	r3, [pc, #84]	@ (200008a8 <dcd_rp2040_irq+0x4d8>)
20000854:	e5de      	b.n	20000414 <dcd_rp2040_irq+0x44>
20000856:	2200      	movs	r2, #0
20000858:	481d      	ldr	r0, [pc, #116]	@ (200008d0 <dcd_rp2040_irq+0x500>)
2000085a:	f883 213c 	strb.w	r2, [r3, #316]	@ 0x13c
2000085e:	4635      	mov	r5, r6
20000860:	f000 f966 	bl	20000b30 <hw_endpoint_start_next_buffer>
20000864:	4b10      	ldr	r3, [pc, #64]	@ (200008a8 <dcd_rp2040_irq+0x4d8>)
20000866:	e5da      	b.n	2000041e <dcd_rp2040_irq+0x4e>
20000868:	2200      	movs	r2, #0
2000086a:	481a      	ldr	r0, [pc, #104]	@ (200008d4 <dcd_rp2040_irq+0x504>)
2000086c:	f883 207c 	strb.w	r2, [r3, #124]	@ 0x7c
20000870:	4635      	mov	r5, r6
20000872:	f000 f95d 	bl	20000b30 <hw_endpoint_start_next_buffer>
20000876:	4b0c      	ldr	r3, [pc, #48]	@ (200008a8 <dcd_rp2040_irq+0x4d8>)
20000878:	e5c2      	b.n	20000400 <dcd_rp2040_irq+0x30>
2000087a:	2200      	movs	r2, #0
2000087c:	4816      	ldr	r0, [pc, #88]	@ (200008d8 <dcd_rp2040_irq+0x508>)
2000087e:	f883 237c 	strb.w	r2, [r3, #892]	@ 0x37c
20000882:	f000 f955 	bl	20000b30 <hw_endpoint_start_next_buffer>
20000886:	4b08      	ldr	r3, [pc, #32]	@ (200008a8 <dcd_rp2040_irq+0x4d8>)
20000888:	e6b7      	b.n	200005fa <dcd_rp2040_irq+0x22a>
2000088a:	2200      	movs	r2, #0
2000088c:	4813      	ldr	r0, [pc, #76]	@ (200008dc <dcd_rp2040_irq+0x50c>)
2000088e:	f883 23bc 	strb.w	r2, [r3, #956]	@ 0x3bc
20000892:	f000 f94d 	bl	20000b30 <hw_endpoint_start_next_buffer>
20000896:	4b04      	ldr	r3, [pc, #16]	@ (200008a8 <dcd_rp2040_irq+0x4d8>)
20000898:	e778      	b.n	2000078c <dcd_rp2040_irq+0x3bc>
2000089a:	4811      	ldr	r0, [pc, #68]	@ (200008e0 <dcd_rp2040_irq+0x510>)
2000089c:	ea85 0104 	eor.w	r1, r5, r4
200008a0:	f000 fe26 	bl	200014f0 <__panic_veneer>
200008a4:	20001dd0 	.word	0x20001dd0
200008a8:	20001ab0 	.word	0x20001ab0
200008ac:	20001d50 	.word	0x20001d50
200008b0:	20001d90 	.word	0x20001d90
200008b4:	20001b50 	.word	0x20001b50
200008b8:	20001c10 	.word	0x20001c10
200008bc:	20001c50 	.word	0x20001c50
200008c0:	20001c90 	.word	0x20001c90
200008c4:	20001cd0 	.word	0x20001cd0
200008c8:	20001d10 	.word	0x20001d10
200008cc:	20001b90 	.word	0x20001b90
200008d0:	20001bd0 	.word	0x20001bd0
200008d4:	20001b10 	.word	0x20001b10
200008d8:	20001e10 	.word	0x20001e10
200008dc:	20001e50 	.word	0x20001e50
200008e0:	1000627c 	.word	0x1000627c

200008e4 <prepare_ep_buffer>:
200008e4:	e92d 43f0 	stmdb	sp!, {r4, r5, r6, r7, r8, r9, lr}
200008e8:	8a82      	ldrh	r2, [r0, #20]
200008ea:	f8b0 e018 	ldrh.w	lr, [r0, #24]
200008ee:	4603      	mov	r3, r0
200008f0:	4596      	cmp	lr, r2
200008f2:	78c0      	ldrb	r0, [r0, #3]
200008f4:	bf28      	it	cs
200008f6:	4696      	movcs	lr, r2
200008f8:	1e04      	subs	r4, r0, #0
200008fa:	bf18      	it	ne
200008fc:	2401      	movne	r4, #1
200008fe:	f080 0001 	eor.w	r0, r0, #1
20000902:	460d      	mov	r5, r1
20000904:	eba2 020e 	sub.w	r2, r2, lr
20000908:	7859      	ldrb	r1, [r3, #1]
2000090a:	70d8      	strb	r0, [r3, #3]
2000090c:	b292      	uxth	r2, r2
2000090e:	f44e 6080 	orr.w	r0, lr, #1024	@ 0x400
20000912:	829a      	strh	r2, [r3, #20]
20000914:	ea40 3044 	orr.w	r0, r0, r4, lsl #13
20000918:	bba1      	cbnz	r1, 20000984 <prepare_ep_buffer+0xa0>
2000091a:	6919      	ldr	r1, [r3, #16]
2000091c:	f1be 0f00 	cmp.w	lr, #0
20000920:	d02c      	beq.n	2000097c <prepare_ep_buffer+0x98>
20000922:	f10e 34ff 	add.w	r4, lr, #4294967295	@ 0xffffffff
20000926:	68da      	ldr	r2, [r3, #12]
20000928:	2c05      	cmp	r4, #5
2000092a:	46a1      	mov	r9, r4
2000092c:	eb02 1885 	add.w	r8, r2, r5, lsl #6
20000930:	d92f      	bls.n	20000992 <prepare_ep_buffer+0xae>
20000932:	eba8 0401 	sub.w	r4, r8, r1
20000936:	3c01      	subs	r4, #1
20000938:	2c02      	cmp	r4, #2
2000093a:	46c4      	mov	ip, r8
2000093c:	460a      	mov	r2, r1
2000093e:	d928      	bls.n	20000992 <prepare_ep_buffer+0xae>
20000940:	ea4f 079e 	mov.w	r7, lr, lsr #2
20000944:	eb01 0687 	add.w	r6, r1, r7, lsl #2
20000948:	f852 4b04 	ldr.w	r4, [r2], #4
2000094c:	4296      	cmp	r6, r2
2000094e:	f84c 4b04 	str.w	r4, [ip], #4
20000952:	d1f9      	bne.n	20000948 <prepare_ep_buffer+0x64>
20000954:	ebbe 0f87 	cmp.w	lr, r7, lsl #2
20000958:	d00e      	beq.n	20000978 <prepare_ep_buffer+0x94>
2000095a:	f811 2027 	ldrb.w	r2, [r1, r7, lsl #2]
2000095e:	ebb9 0187 	subs.w	r1, r9, r7, lsl #2
20000962:	f808 2027 	strb.w	r2, [r8, r7, lsl #2]
20000966:	eb08 0287 	add.w	r2, r8, r7, lsl #2
2000096a:	d005      	beq.n	20000978 <prepare_ep_buffer+0x94>
2000096c:	7874      	ldrb	r4, [r6, #1]
2000096e:	2901      	cmp	r1, #1
20000970:	7054      	strb	r4, [r2, #1]
20000972:	d001      	beq.n	20000978 <prepare_ep_buffer+0x94>
20000974:	78b1      	ldrb	r1, [r6, #2]
20000976:	7091      	strb	r1, [r2, #2]
20000978:	6919      	ldr	r1, [r3, #16]
2000097a:	8a9a      	ldrh	r2, [r3, #20]
2000097c:	4471      	add	r1, lr
2000097e:	6119      	str	r1, [r3, #16]
20000980:	f440 4000 	orr.w	r0, r0, #32768	@ 0x8000
20000984:	b90a      	cbnz	r2, 2000098a <prepare_ep_buffer+0xa6>
20000986:	f440 4080 	orr.w	r0, r0, #16384	@ 0x4000
2000098a:	b105      	cbz	r5, 2000098e <prepare_ep_buffer+0xaa>
2000098c:	0400      	lsls	r0, r0, #16
2000098e:	e8bd 83f0 	ldmia.w	sp!, {r4, r5, r6, r7, r8, r9, pc}
20000992:	f108 32ff 	add.w	r2, r8, #4294967295	@ 0xffffffff
20000996:	eb01 060e 	add.w	r6, r1, lr
2000099a:	f811 4b01 	ldrb.w	r4, [r1], #1
2000099e:	42b1      	cmp	r1, r6
200009a0:	f802 4f01 	strb.w	r4, [r2, #1]!
200009a4:	d1f9      	bne.n	2000099a <prepare_ep_buffer+0xb6>
200009a6:	e7e7      	b.n	20000978 <prepare_ep_buffer+0x94>

200009a8 <sync_ep_buffer>:
200009a8:	6883      	ldr	r3, [r0, #8]
200009aa:	e92d 41f0 	stmdb	sp!, {r4, r5, r6, r7, r8, lr}
200009ae:	4605      	mov	r5, r0
200009b0:	6818      	ldr	r0, [r3, #0]
200009b2:	b101      	cbz	r1, 200009b6 <sync_ep_buffer+0xe>
200009b4:	0c00      	lsrs	r0, r0, #16
200009b6:	786a      	ldrb	r2, [r5, #1]
200009b8:	f3c0 0009 	ubfx	r0, r0, #0, #10
200009bc:	b94a      	cbnz	r2, 200009d2 <sync_ep_buffer+0x2a>
200009be:	8aeb      	ldrh	r3, [r5, #22]
200009c0:	4403      	add	r3, r0
200009c2:	82eb      	strh	r3, [r5, #22]
200009c4:	8b2b      	ldrh	r3, [r5, #24]
200009c6:	4283      	cmp	r3, r0
200009c8:	bf84      	itt	hi
200009ca:	2300      	movhi	r3, #0
200009cc:	82ab      	strhhi	r3, [r5, #20]
200009ce:	e8bd 81f0 	ldmia.w	sp!, {r4, r5, r6, r7, r8, pc}
200009d2:	f8d5 c010 	ldr.w	ip, [r5, #16]
200009d6:	b388      	cbz	r0, 20000a3c <sync_ep_buffer+0x94>
200009d8:	1e42      	subs	r2, r0, #1
200009da:	68eb      	ldr	r3, [r5, #12]
200009dc:	2a05      	cmp	r2, #5
200009de:	4616      	mov	r6, r2
200009e0:	eb03 1e81 	add.w	lr, r3, r1, lsl #6
200009e4:	d931      	bls.n	20000a4a <sync_ep_buffer+0xa2>
200009e6:	0189      	lsls	r1, r1, #6
200009e8:	1c4c      	adds	r4, r1, #1
200009ea:	441c      	add	r4, r3
200009ec:	ebac 0404 	sub.w	r4, ip, r4
200009f0:	2c02      	cmp	r4, #2
200009f2:	4662      	mov	r2, ip
200009f4:	d929      	bls.n	20000a4a <sync_ep_buffer+0xa2>
200009f6:	f400 717f 	and.w	r1, r0, #1020	@ 0x3fc
200009fa:	4673      	mov	r3, lr
200009fc:	460f      	mov	r7, r1
200009fe:	ea4f 0890 	mov.w	r8, r0, lsr #2
20000a02:	185c      	adds	r4, r3, r1
20000a04:	f853 1b04 	ldr.w	r1, [r3], #4
20000a08:	42a3      	cmp	r3, r4
20000a0a:	f842 1b04 	str.w	r1, [r2], #4
20000a0e:	d1f9      	bne.n	20000a04 <sync_ep_buffer+0x5c>
20000a10:	42b8      	cmp	r0, r7
20000a12:	d011      	beq.n	20000a38 <sync_ep_buffer+0x90>
20000a14:	f81e 3028 	ldrb.w	r3, [lr, r8, lsl #2]
20000a18:	44be      	add	lr, r7
20000a1a:	f80c 3028 	strb.w	r3, [ip, r8, lsl #2]
20000a1e:	1bf3      	subs	r3, r6, r7
20000a20:	44bc      	add	ip, r7
20000a22:	d009      	beq.n	20000a38 <sync_ep_buffer+0x90>
20000a24:	f89e 2001 	ldrb.w	r2, [lr, #1]
20000a28:	2b01      	cmp	r3, #1
20000a2a:	f88c 2001 	strb.w	r2, [ip, #1]
20000a2e:	d003      	beq.n	20000a38 <sync_ep_buffer+0x90>
20000a30:	f89e 3002 	ldrb.w	r3, [lr, #2]
20000a34:	f88c 3002 	strb.w	r3, [ip, #2]
20000a38:	f8d5 c010 	ldr.w	ip, [r5, #16]
20000a3c:	8aea      	ldrh	r2, [r5, #22]
20000a3e:	eb0c 0300 	add.w	r3, ip, r0
20000a42:	4402      	add	r2, r0
20000a44:	82ea      	strh	r2, [r5, #22]
20000a46:	612b      	str	r3, [r5, #16]
20000a48:	e7bc      	b.n	200009c4 <sync_ep_buffer+0x1c>
20000a4a:	f10c 3cff 	add.w	ip, ip, #4294967295	@ 0xffffffff
20000a4e:	eb0e 0200 	add.w	r2, lr, r0
20000a52:	f81e 3b01 	ldrb.w	r3, [lr], #1
20000a56:	4572      	cmp	r2, lr
20000a58:	f80c 3f01 	strb.w	r3, [ip, #1]!
20000a5c:	d1f9      	bne.n	20000a52 <sync_ep_buffer+0xaa>
20000a5e:	e7eb      	b.n	20000a38 <sync_ep_buffer+0x90>

20000a60 <_hw_endpoint_xfer_sync>:
20000a60:	b510      	push	{r4, lr}
20000a62:	4604      	mov	r4, r0
20000a64:	6883      	ldr	r3, [r0, #8]
20000a66:	2100      	movs	r1, #0
20000a68:	681b      	ldr	r3, [r3, #0]
20000a6a:	f7ff ff9d 	bl	200009a8 <sync_ep_buffer>
20000a6e:	6863      	ldr	r3, [r4, #4]
20000a70:	681b      	ldr	r3, [r3, #0]
20000a72:	005b      	lsls	r3, r3, #1
20000a74:	d502      	bpl.n	20000a7c <_hw_endpoint_xfer_sync+0x1c>
20000a76:	8b23      	ldrh	r3, [r4, #24]
20000a78:	4283      	cmp	r3, r0
20000a7a:	d000      	beq.n	20000a7e <_hw_endpoint_xfer_sync+0x1e>
20000a7c:	bd10      	pop	{r4, pc}
20000a7e:	4620      	mov	r0, r4
20000a80:	e8bd 4010 	ldmia.w	sp!, {r4, lr}
20000a84:	2101      	movs	r1, #1
20000a86:	f7ff bf8f 	b.w	200009a8 <sync_ep_buffer>
20000a8a:	bf00      	nop

20000a8c <e15_is_bulkin_ep>:
20000a8c:	4b08      	ldr	r3, [pc, #32]	@ (20000ab0 <e15_is_bulkin_ep+0x24>)
20000a8e:	6c1b      	ldr	r3, [r3, #64]	@ 0x40
20000a90:	f013 0302 	ands.w	r3, r3, #2
20000a94:	d102      	bne.n	20000a9c <e15_is_bulkin_ep+0x10>
20000a96:	7882      	ldrb	r2, [r0, #2]
20000a98:	09d2      	lsrs	r2, r2, #7
20000a9a:	d101      	bne.n	20000aa0 <e15_is_bulkin_ep+0x14>
20000a9c:	2000      	movs	r0, #0
20000a9e:	4770      	bx	lr
20000aa0:	7ec0      	ldrb	r0, [r0, #27]
20000aa2:	f1a0 0002 	sub.w	r0, r0, #2
20000aa6:	fab0 f080 	clz	r0, r0
20000aaa:	0940      	lsrs	r0, r0, #5
20000aac:	4770      	bx	lr
20000aae:	bf00      	nop
20000ab0:	50110000 	.word	0x50110000

20000ab4 <e15_is_critical_frame_period>:
20000ab4:	b508      	push	{r3, lr}
20000ab6:	f7ff ffe9 	bl	20000a8c <e15_is_bulkin_ep>
20000aba:	b150      	cbz	r0, 20000ad2 <e15_is_critical_frame_period+0x1e>
20000abc:	4a05      	ldr	r2, [pc, #20]	@ (20000ad4 <e15_is_critical_frame_period+0x20>)
20000abe:	4b06      	ldr	r3, [pc, #24]	@ (20000ad8 <e15_is_critical_frame_period+0x24>)
20000ac0:	6a90      	ldr	r0, [r2, #40]	@ 0x28
20000ac2:	681b      	ldr	r3, [r3, #0]
20000ac4:	f5a0 7048 	sub.w	r0, r0, #800	@ 0x320
20000ac8:	1ac0      	subs	r0, r0, r3
20000aca:	28c6      	cmp	r0, #198	@ 0xc6
20000acc:	bf8c      	ite	hi
20000ace:	2000      	movhi	r0, #0
20000ad0:	2001      	movls	r0, #1
20000ad2:	bd08      	pop	{r3, pc}
20000ad4:	400b0000 	.word	0x400b0000
20000ad8:	20001aa8 	.word	0x20001aa8

20000adc <hw_endpoint_reset_transfer>:
20000adc:	2300      	movs	r3, #0
20000ade:	e9c0 3304 	strd	r3, r3, [r0, #16]
20000ae2:	7683      	strb	r3, [r0, #26]
20000ae4:	4770      	bx	lr
20000ae6:	bf00      	nop

20000ae8 <_hw_endpoint_buffer_control_update32>:
20000ae8:	b508      	push	{r3, lr}
20000aea:	6883      	ldr	r3, [r0, #8]
20000aec:	b119      	cbz	r1, 20000af6 <_hw_endpoint_buffer_control_update32+0xe>
20000aee:	f8d3 c000 	ldr.w	ip, [r3]
20000af2:	ea01 010c 	and.w	r1, r1, ip
20000af6:	b18a      	cbz	r2, 20000b1c <_hw_endpoint_buffer_control_update32+0x34>
20000af8:	4311      	orrs	r1, r2
20000afa:	0552      	lsls	r2, r2, #21
20000afc:	d50e      	bpl.n	20000b1c <_hw_endpoint_buffer_control_update32+0x34>
20000afe:	681a      	ldr	r2, [r3, #0]
20000b00:	0552      	lsls	r2, r2, #21
20000b02:	d40d      	bmi.n	20000b20 <_hw_endpoint_buffer_control_update32+0x38>
20000b04:	4a08      	ldr	r2, [pc, #32]	@ (20000b28 <_hw_endpoint_buffer_control_update32+0x40>)
20000b06:	f421 6c80 	bic.w	ip, r1, #1024	@ 0x400
20000b0a:	f8c3 c000 	str.w	ip, [r3]
20000b0e:	6c12      	ldr	r2, [r2, #64]	@ 0x40
20000b10:	0792      	lsls	r2, r2, #30
20000b12:	d403      	bmi.n	20000b1c <_hw_endpoint_buffer_control_update32+0x34>
20000b14:	230c      	movs	r3, #12
20000b16:	3b03      	subs	r3, #3
20000b18:	d2fd      	bcs.n	20000b16 <_hw_endpoint_buffer_control_update32+0x2e>
20000b1a:	6883      	ldr	r3, [r0, #8]
20000b1c:	6019      	str	r1, [r3, #0]
20000b1e:	bd08      	pop	{r3, pc}
20000b20:	7881      	ldrb	r1, [r0, #2]
20000b22:	4802      	ldr	r0, [pc, #8]	@ (20000b2c <_hw_endpoint_buffer_control_update32+0x44>)
20000b24:	f000 fce4 	bl	200014f0 <__panic_veneer>
20000b28:	50110000 	.word	0x50110000
20000b2c:	10006290 	.word	0x10006290

20000b30 <hw_endpoint_start_next_buffer>:
20000b30:	b530      	push	{r4, r5, lr}
20000b32:	6843      	ldr	r3, [r0, #4]
20000b34:	2100      	movs	r1, #0
20000b36:	b083      	sub	sp, #12
20000b38:	4605      	mov	r5, r0
20000b3a:	681c      	ldr	r4, [r3, #0]
20000b3c:	f7ff fed2 	bl	200008e4 <prepare_ep_buffer>
20000b40:	4b13      	ldr	r3, [pc, #76]	@ (20000b90 <hw_endpoint_start_next_buffer+0x60>)
20000b42:	f440 5280 	orr.w	r2, r0, #4096	@ 0x1000
20000b46:	6c19      	ldr	r1, [r3, #64]	@ 0x40
20000b48:	78ab      	ldrb	r3, [r5, #2]
20000b4a:	0789      	lsls	r1, r1, #30
20000b4c:	d50e      	bpl.n	20000b6c <hw_endpoint_start_next_buffer+0x3c>
20000b4e:	065b      	lsls	r3, r3, #25
20000b50:	d00e      	beq.n	20000b70 <hw_endpoint_start_next_buffer+0x40>
20000b52:	f024 44a0 	bic.w	r4, r4, #1342177280	@ 0x50000000
20000b56:	f044 5400 	orr.w	r4, r4, #536870912	@ 0x20000000
20000b5a:	2100      	movs	r1, #0
20000b5c:	4628      	mov	r0, r5
20000b5e:	686b      	ldr	r3, [r5, #4]
20000b60:	601c      	str	r4, [r3, #0]
20000b62:	b003      	add	sp, #12
20000b64:	e8bd 4030 	ldmia.w	sp!, {r4, r5, lr}
20000b68:	f7ff bfbe 	b.w	20000ae8 <_hw_endpoint_buffer_control_update32>
20000b6c:	09db      	lsrs	r3, r3, #7
20000b6e:	d0f0      	beq.n	20000b52 <hw_endpoint_start_next_buffer+0x22>
20000b70:	8aab      	ldrh	r3, [r5, #20]
20000b72:	2b00      	cmp	r3, #0
20000b74:	d0ed      	beq.n	20000b52 <hw_endpoint_start_next_buffer+0x22>
20000b76:	2101      	movs	r1, #1
20000b78:	4628      	mov	r0, r5
20000b7a:	9201      	str	r2, [sp, #4]
20000b7c:	f7ff feb2 	bl	200008e4 <prepare_ep_buffer>
20000b80:	9a01      	ldr	r2, [sp, #4]
20000b82:	f024 5400 	bic.w	r4, r4, #536870912	@ 0x20000000
20000b86:	4302      	orrs	r2, r0
20000b88:	f044 44a0 	orr.w	r4, r4, #1342177280	@ 0x50000000
20000b8c:	e7e5      	b.n	20000b5a <hw_endpoint_start_next_buffer+0x2a>
20000b8e:	bf00      	nop
20000b90:	50110000 	.word	0x50110000

20000b94 <hw_endpoint_xfer_continue>:
20000b94:	b538      	push	{r3, r4, r5, lr}
20000b96:	7e85      	ldrb	r5, [r0, #26]
20000b98:	4604      	mov	r4, r0
20000b9a:	b195      	cbz	r5, 20000bc2 <hw_endpoint_xfer_continue+0x2e>
20000b9c:	f7ff ff60 	bl	20000a60 <_hw_endpoint_xfer_sync>
20000ba0:	8aa3      	ldrh	r3, [r4, #20]
20000ba2:	b90b      	cbnz	r3, 20000ba8 <hw_endpoint_xfer_continue+0x14>
20000ba4:	4628      	mov	r0, r5
20000ba6:	bd38      	pop	{r3, r4, r5, pc}
20000ba8:	4620      	mov	r0, r4
20000baa:	f7ff ff83 	bl	20000ab4 <e15_is_critical_frame_period>
20000bae:	b120      	cbz	r0, 20000bba <hw_endpoint_xfer_continue+0x26>
20000bb0:	2301      	movs	r3, #1
20000bb2:	7723      	strb	r3, [r4, #28]
20000bb4:	2500      	movs	r5, #0
20000bb6:	4628      	mov	r0, r5
20000bb8:	bd38      	pop	{r3, r4, r5, pc}
20000bba:	4620      	mov	r0, r4
20000bbc:	f7ff ffb8 	bl	20000b30 <hw_endpoint_start_next_buffer>
20000bc0:	e7f8      	b.n	20000bb4 <hw_endpoint_xfer_continue+0x20>
20000bc2:	7881      	ldrb	r1, [r0, #2]
20000bc4:	4801      	ldr	r0, [pc, #4]	@ (20000bcc <hw_endpoint_xfer_continue+0x38>)
20000bc6:	f000 fc93 	bl	200014f0 <__panic_veneer>
20000bca:	bf00      	nop
20000bcc:	100062b0 	.word	0x100062b0

20000bd0 <dcd_event_handler>:
20000bd0:	b570      	push	{r4, r5, r6, lr}
20000bd2:	7843      	ldrb	r3, [r0, #1]
20000bd4:	4604      	mov	r4, r0
20000bd6:	3b02      	subs	r3, #2
20000bd8:	460e      	mov	r6, r1
20000bda:	b086      	sub	sp, #24
20000bdc:	2b04      	cmp	r3, #4
20000bde:	d813      	bhi.n	20000c08 <dcd_event_handler+0x38>
20000be0:	e8df f003 	tbb	[pc, r3]
20000be4:	70674903 	.word	0x70674903
20000be8:	44          	.byte	0x44
20000be9:	00          	.byte	0x00
20000bea:	2100      	movs	r1, #0
20000bec:	4b77      	ldr	r3, [pc, #476]	@ (20000dcc <dcd_event_handler+0x1fc>)
20000bee:	781a      	ldrb	r2, [r3, #0]
20000bf0:	f022 0201 	bic.w	r2, r2, #1
20000bf4:	701a      	strb	r2, [r3, #0]
20000bf6:	781a      	ldrb	r2, [r3, #0]
20000bf8:	f022 0202 	bic.w	r2, r2, #2
20000bfc:	701a      	strb	r2, [r3, #0]
20000bfe:	7059      	strb	r1, [r3, #1]
20000c00:	781a      	ldrb	r2, [r3, #0]
20000c02:	f361 0282 	bfi	r2, r1, #2, #1
20000c06:	701a      	strb	r2, [r3, #0]
20000c08:	4b71      	ldr	r3, [pc, #452]	@ (20000dd0 <dcd_event_handler+0x200>)
20000c0a:	681b      	ldr	r3, [r3, #0]
20000c0c:	695a      	ldr	r2, [r3, #20]
20000c0e:	f3ef 8010 	mrs	r0, PRIMASK
20000c12:	b672      	cpsid	i
20000c14:	e8d2 cfcf 	ldaexb	ip, [r2]
20000c18:	2101      	movs	r1, #1
20000c1a:	f1bc 0f00 	cmp.w	ip, #0
20000c1e:	d1f9      	bne.n	20000c14 <dcd_event_handler+0x44>
20000c20:	e8c2 1f4c 	strexb	ip, r1, [r2]
20000c24:	f1bc 0f00 	cmp.w	ip, #0
20000c28:	d1f4      	bne.n	20000c14 <dcd_event_handler+0x44>
20000c2a:	f3bf 8f5f 	dmb	sy
20000c2e:	4621      	mov	r1, r4
20000c30:	6198      	str	r0, [r3, #24]
20000c32:	4618      	mov	r0, r3
20000c34:	9301      	str	r3, [sp, #4]
20000c36:	f000 fc5f 	bl	200014f8 <__tu_fifo_write_veneer>
20000c3a:	9b01      	ldr	r3, [sp, #4]
20000c3c:	2200      	movs	r2, #0
20000c3e:	6959      	ldr	r1, [r3, #20]
20000c40:	e8c1 2f8f 	stlb	r2, [r1]
20000c44:	699b      	ldr	r3, [r3, #24]
20000c46:	f383 8810 	msr	PRIMASK, r3
20000c4a:	b940      	cbnz	r0, 20000c5e <dcd_event_handler+0x8e>
20000c4c:	f04f 23e0 	mov.w	r3, #3758153728	@ 0xe000e000
20000c50:	f8d3 3df0 	ldr.w	r3, [r3, #3568]	@ 0xdf0
20000c54:	07db      	lsls	r3, r3, #31
20000c56:	d507      	bpl.n	20000c68 <dcd_event_handler+0x98>
20000c58:	be00      	bkpt	0x0000
20000c5a:	b006      	add	sp, #24
20000c5c:	bd70      	pop	{r4, r5, r6, pc}
20000c5e:	4632      	mov	r2, r6
20000c60:	7861      	ldrb	r1, [r4, #1]
20000c62:	7820      	ldrb	r0, [r4, #0]
20000c64:	f000 fc38 	bl	200014d8 <__tud_event_hook_cb_veneer>
20000c68:	b006      	add	sp, #24
20000c6a:	bd70      	pop	{r4, r5, r6, pc}
20000c6c:	4a59      	ldr	r2, [pc, #356]	@ (20000dd4 <dcd_event_handler+0x204>)
20000c6e:	7813      	ldrb	r3, [r2, #0]
20000c70:	3301      	adds	r3, #1
20000c72:	7013      	strb	r3, [r2, #0]
20000c74:	e7c8      	b.n	20000c08 <dcd_event_handler+0x38>
20000c76:	2200      	movs	r2, #0
20000c78:	4b57      	ldr	r3, [pc, #348]	@ (20000dd8 <dcd_event_handler+0x208>)
20000c7a:	7818      	ldrb	r0, [r3, #0]
20000c7c:	4613      	mov	r3, r2
20000c7e:	e011      	b.n	20000ca4 <dcd_event_handler+0xd4>
20000c80:	4956      	ldr	r1, [pc, #344]	@ (20000ddc <dcd_event_handler+0x20c>)
20000c82:	6809      	ldr	r1, [r1, #0]
20000c84:	eb11 1343 	adds.w	r3, r1, r3, lsl #5
20000c88:	d008      	beq.n	20000c9c <dcd_event_handler+0xcc>
20000c8a:	69db      	ldr	r3, [r3, #28]
20000c8c:	b133      	cbz	r3, 20000c9c <dcd_event_handler+0xcc>
20000c8e:	7820      	ldrb	r0, [r4, #0]
20000c90:	6861      	ldr	r1, [r4, #4]
20000c92:	9201      	str	r2, [sp, #4]
20000c94:	4798      	blx	r3
20000c96:	4b50      	ldr	r3, [pc, #320]	@ (20000dd8 <dcd_event_handler+0x208>)
20000c98:	9a01      	ldr	r2, [sp, #4]
20000c9a:	7818      	ldrb	r0, [r3, #0]
20000c9c:	3201      	adds	r2, #1
20000c9e:	b2d3      	uxtb	r3, r2
20000ca0:	4283      	cmp	r3, r0
20000ca2:	d818      	bhi.n	20000cd6 <dcd_event_handler+0x106>
20000ca4:	4298      	cmp	r0, r3
20000ca6:	d8eb      	bhi.n	20000c80 <dcd_event_handler+0xb0>
20000ca8:	494d      	ldr	r1, [pc, #308]	@ (20000de0 <dcd_event_handler+0x210>)
20000caa:	1a1b      	subs	r3, r3, r0
20000cac:	eb01 1343 	add.w	r3, r1, r3, lsl #5
20000cb0:	e7eb      	b.n	20000c8a <dcd_event_handler+0xba>
20000cb2:	4b46      	ldr	r3, [pc, #280]	@ (20000dcc <dcd_event_handler+0x1fc>)
20000cb4:	781a      	ldrb	r2, [r3, #0]
20000cb6:	07d2      	lsls	r2, r2, #31
20000cb8:	d5d6      	bpl.n	20000c68 <dcd_event_handler+0x98>
20000cba:	781a      	ldrb	r2, [r3, #0]
20000cbc:	f042 0204 	orr.w	r2, r2, #4
20000cc0:	701a      	strb	r2, [r3, #0]
20000cc2:	e7a1      	b.n	20000c08 <dcd_event_handler+0x38>
20000cc4:	4b41      	ldr	r3, [pc, #260]	@ (20000dcc <dcd_event_handler+0x1fc>)
20000cc6:	781a      	ldrb	r2, [r3, #0]
20000cc8:	07d5      	lsls	r5, r2, #31
20000cca:	d5cd      	bpl.n	20000c68 <dcd_event_handler+0x98>
20000ccc:	781a      	ldrb	r2, [r3, #0]
20000cce:	f022 0204 	bic.w	r2, r2, #4
20000cd2:	701a      	strb	r2, [r3, #0]
20000cd4:	e798      	b.n	20000c08 <dcd_event_handler+0x38>
20000cd6:	4b3d      	ldr	r3, [pc, #244]	@ (20000dcc <dcd_event_handler+0x1fc>)
20000cd8:	781a      	ldrb	r2, [r3, #0]
20000cda:	0750      	lsls	r0, r2, #29
20000cdc:	d433      	bmi.n	20000d46 <dcd_event_handler+0x176>
20000cde:	78db      	ldrb	r3, [r3, #3]
20000ce0:	07da      	lsls	r2, r3, #31
20000ce2:	d5c1      	bpl.n	20000c68 <dcd_event_handler+0x98>
20000ce4:	2203      	movs	r2, #3
20000ce6:	4b3a      	ldr	r3, [pc, #232]	@ (20000dd0 <dcd_event_handler+0x200>)
20000ce8:	7820      	ldrb	r0, [r4, #0]
20000cea:	6861      	ldr	r1, [r4, #4]
20000cec:	681b      	ldr	r3, [r3, #0]
20000cee:	f88d 000c 	strb.w	r0, [sp, #12]
20000cf2:	f88d 200d 	strb.w	r2, [sp, #13]
20000cf6:	695a      	ldr	r2, [r3, #20]
20000cf8:	9104      	str	r1, [sp, #16]
20000cfa:	f3ef 8110 	mrs	r1, PRIMASK
20000cfe:	b672      	cpsid	i
20000d00:	e8d2 4fcf 	ldaexb	r4, [r2]
20000d04:	2001      	movs	r0, #1
20000d06:	2c00      	cmp	r4, #0
20000d08:	d1fa      	bne.n	20000d00 <dcd_event_handler+0x130>
20000d0a:	e8c2 0f44 	strexb	r4, r0, [r2]
20000d0e:	2c00      	cmp	r4, #0
20000d10:	d1f6      	bne.n	20000d00 <dcd_event_handler+0x130>
20000d12:	f3bf 8f5f 	dmb	sy
20000d16:	6199      	str	r1, [r3, #24]
20000d18:	4618      	mov	r0, r3
20000d1a:	a903      	add	r1, sp, #12
20000d1c:	9301      	str	r3, [sp, #4]
20000d1e:	f000 fbeb 	bl	200014f8 <__tu_fifo_write_veneer>
20000d22:	9b01      	ldr	r3, [sp, #4]
20000d24:	2200      	movs	r2, #0
20000d26:	6959      	ldr	r1, [r3, #20]
20000d28:	e8c1 2f8f 	stlb	r2, [r1]
20000d2c:	699b      	ldr	r3, [r3, #24]
20000d2e:	f383 8810 	msr	PRIMASK, r3
20000d32:	2800      	cmp	r0, #0
20000d34:	d08a      	beq.n	20000c4c <dcd_event_handler+0x7c>
20000d36:	4632      	mov	r2, r6
20000d38:	f89d 100d 	ldrb.w	r1, [sp, #13]
20000d3c:	f89d 000c 	ldrb.w	r0, [sp, #12]
20000d40:	f000 fbca 	bl	200014d8 <__tud_event_hook_cb_veneer>
20000d44:	e790      	b.n	20000c68 <dcd_event_handler+0x98>
20000d46:	2500      	movs	r5, #0
20000d48:	2005      	movs	r0, #5
20000d4a:	7819      	ldrb	r1, [r3, #0]
20000d4c:	e9cd 5504 	strd	r5, r5, [sp, #16]
20000d50:	f021 0104 	bic.w	r1, r1, #4
20000d54:	9503      	str	r5, [sp, #12]
20000d56:	7019      	strb	r1, [r3, #0]
20000d58:	f88d 000d 	strb.w	r0, [sp, #13]
20000d5c:	4a1c      	ldr	r2, [pc, #112]	@ (20000dd0 <dcd_event_handler+0x200>)
20000d5e:	7821      	ldrb	r1, [r4, #0]
20000d60:	6812      	ldr	r2, [r2, #0]
20000d62:	f88d 100c 	strb.w	r1, [sp, #12]
20000d66:	6951      	ldr	r1, [r2, #20]
20000d68:	f3ef 8010 	mrs	r0, PRIMASK
20000d6c:	b672      	cpsid	i
20000d6e:	e8d1 efcf 	ldaexb	lr, [r1]
20000d72:	f05f 0c01 	movs.w	ip, #1
20000d76:	f1be 0f00 	cmp.w	lr, #0
20000d7a:	d1f8      	bne.n	20000d6e <dcd_event_handler+0x19e>
20000d7c:	e8c1 cf4e 	strexb	lr, ip, [r1]
20000d80:	f1be 0f00 	cmp.w	lr, #0
20000d84:	d1f3      	bne.n	20000d6e <dcd_event_handler+0x19e>
20000d86:	f3bf 8f5f 	dmb	sy
20000d8a:	6190      	str	r0, [r2, #24]
20000d8c:	a903      	add	r1, sp, #12
20000d8e:	4610      	mov	r0, r2
20000d90:	9201      	str	r2, [sp, #4]
20000d92:	f000 fbb1 	bl	200014f8 <__tu_fifo_write_veneer>
20000d96:	9a01      	ldr	r2, [sp, #4]
20000d98:	6951      	ldr	r1, [r2, #20]
20000d9a:	e8c1 5f8f 	stlb	r5, [r1]
20000d9e:	6992      	ldr	r2, [r2, #24]
20000da0:	f382 8810 	msr	PRIMASK, r2
20000da4:	4b09      	ldr	r3, [pc, #36]	@ (20000dcc <dcd_event_handler+0x1fc>)
20000da6:	b938      	cbnz	r0, 20000db8 <dcd_event_handler+0x1e8>
20000da8:	f04f 22e0 	mov.w	r2, #3758153728	@ 0xe000e000
20000dac:	f8d2 2df0 	ldr.w	r2, [r2, #3568]	@ 0xdf0
20000db0:	07d1      	lsls	r1, r2, #31
20000db2:	d594      	bpl.n	20000cde <dcd_event_handler+0x10e>
20000db4:	be00      	bkpt	0x0000
20000db6:	e792      	b.n	20000cde <dcd_event_handler+0x10e>
20000db8:	4632      	mov	r2, r6
20000dba:	f89d 100d 	ldrb.w	r1, [sp, #13]
20000dbe:	f89d 000c 	ldrb.w	r0, [sp, #12]
20000dc2:	f000 fb89 	bl	200014d8 <__tud_event_hook_cb_veneer>
20000dc6:	4b01      	ldr	r3, [pc, #4]	@ (20000dcc <dcd_event_handler+0x1fc>)
20000dc8:	e789      	b.n	20000cde <dcd_event_handler+0x10e>
20000dca:	bf00      	nop
20000dcc:	20001928 	.word	0x20001928
20000dd0:	20001980 	.word	0x20001980
20000dd4:	20001f0f 	.word	0x20001f0f
20000dd8:	20001f0d 	.word	0x20001f0d
20000ddc:	20001820 	.word	0x20001820
20000de0:	10006514 	.word	0x10006514

20000de4 <__aeabi_drsub>:
20000de4:	f081 4100 	eor.w	r1, r1, #2147483648	@ 0x80000000
20000de8:	e002      	b.n	20000df0 <__adddf3>
20000dea:	bf00      	nop

20000dec <__aeabi_dsub>:
20000dec:	f083 4300 	eor.w	r3, r3, #2147483648	@ 0x80000000

20000df0 <__adddf3>:
20000df0:	b530      	push	{r4, r5, lr}
20000df2:	ea4f 0441 	mov.w	r4, r1, lsl #1
20000df6:	ea4f 0543 	mov.w	r5, r3, lsl #1
20000dfa:	ea94 0f05 	teq	r4, r5
20000dfe:	bf08      	it	eq
20000e00:	ea90 0f02 	teqeq	r0, r2
20000e04:	bf1f      	itttt	ne
20000e06:	ea54 0c00 	orrsne.w	ip, r4, r0
20000e0a:	ea55 0c02 	orrsne.w	ip, r5, r2
20000e0e:	ea7f 5c64 	mvnsne.w	ip, r4, asr #21
20000e12:	ea7f 5c65 	mvnsne.w	ip, r5, asr #21
20000e16:	f000 80e2 	beq.w	20000fde <__adddf3+0x1ee>
20000e1a:	ea4f 5454 	mov.w	r4, r4, lsr #21
20000e1e:	ebd4 5555 	rsbs	r5, r4, r5, lsr #21
20000e22:	bfb8      	it	lt
20000e24:	426d      	neglt	r5, r5
20000e26:	dd0c      	ble.n	20000e42 <__adddf3+0x52>
20000e28:	442c      	add	r4, r5
20000e2a:	ea80 0202 	eor.w	r2, r0, r2
20000e2e:	ea81 0303 	eor.w	r3, r1, r3
20000e32:	ea82 0000 	eor.w	r0, r2, r0
20000e36:	ea83 0101 	eor.w	r1, r3, r1
20000e3a:	ea80 0202 	eor.w	r2, r0, r2
20000e3e:	ea81 0303 	eor.w	r3, r1, r3
20000e42:	2d36      	cmp	r5, #54	@ 0x36
20000e44:	bf88      	it	hi
20000e46:	bd30      	pophi	{r4, r5, pc}
20000e48:	f011 4f00 	tst.w	r1, #2147483648	@ 0x80000000
20000e4c:	ea4f 3101 	mov.w	r1, r1, lsl #12
20000e50:	f44f 1c80 	mov.w	ip, #1048576	@ 0x100000
20000e54:	ea4c 3111 	orr.w	r1, ip, r1, lsr #12
20000e58:	d002      	beq.n	20000e60 <__adddf3+0x70>
20000e5a:	4240      	negs	r0, r0
20000e5c:	eb61 0141 	sbc.w	r1, r1, r1, lsl #1
20000e60:	f013 4f00 	tst.w	r3, #2147483648	@ 0x80000000
20000e64:	ea4f 3303 	mov.w	r3, r3, lsl #12
20000e68:	ea4c 3313 	orr.w	r3, ip, r3, lsr #12
20000e6c:	d002      	beq.n	20000e74 <__adddf3+0x84>
20000e6e:	4252      	negs	r2, r2
20000e70:	eb63 0343 	sbc.w	r3, r3, r3, lsl #1
20000e74:	ea94 0f05 	teq	r4, r5
20000e78:	f000 80a7 	beq.w	20000fca <__adddf3+0x1da>
20000e7c:	f1a4 0401 	sub.w	r4, r4, #1
20000e80:	f1d5 0e20 	rsbs	lr, r5, #32
20000e84:	db0d      	blt.n	20000ea2 <__adddf3+0xb2>
20000e86:	fa02 fc0e 	lsl.w	ip, r2, lr
20000e8a:	fa22 f205 	lsr.w	r2, r2, r5
20000e8e:	1880      	adds	r0, r0, r2
20000e90:	f141 0100 	adc.w	r1, r1, #0
20000e94:	fa03 f20e 	lsl.w	r2, r3, lr
20000e98:	1880      	adds	r0, r0, r2
20000e9a:	fa43 f305 	asr.w	r3, r3, r5
20000e9e:	4159      	adcs	r1, r3
20000ea0:	e00e      	b.n	20000ec0 <__adddf3+0xd0>
20000ea2:	f1a5 0520 	sub.w	r5, r5, #32
20000ea6:	f10e 0e20 	add.w	lr, lr, #32
20000eaa:	2a01      	cmp	r2, #1
20000eac:	fa03 fc0e 	lsl.w	ip, r3, lr
20000eb0:	bf28      	it	cs
20000eb2:	f04c 0c02 	orrcs.w	ip, ip, #2
20000eb6:	fa43 f305 	asr.w	r3, r3, r5
20000eba:	18c0      	adds	r0, r0, r3
20000ebc:	eb51 71e3 	adcs.w	r1, r1, r3, asr #31
20000ec0:	f001 4500 	and.w	r5, r1, #2147483648	@ 0x80000000
20000ec4:	d507      	bpl.n	20000ed6 <__adddf3+0xe6>
20000ec6:	f04f 0e00 	mov.w	lr, #0
20000eca:	f1dc 0c00 	rsbs	ip, ip, #0
20000ece:	eb7e 0000 	sbcs.w	r0, lr, r0
20000ed2:	eb6e 0101 	sbc.w	r1, lr, r1
20000ed6:	f5b1 1f80 	cmp.w	r1, #1048576	@ 0x100000
20000eda:	d31b      	bcc.n	20000f14 <__adddf3+0x124>
20000edc:	f5b1 1f00 	cmp.w	r1, #2097152	@ 0x200000
20000ee0:	d30c      	bcc.n	20000efc <__adddf3+0x10c>
20000ee2:	0849      	lsrs	r1, r1, #1
20000ee4:	ea5f 0030 	movs.w	r0, r0, rrx
20000ee8:	ea4f 0c3c 	mov.w	ip, ip, rrx
20000eec:	f104 0401 	add.w	r4, r4, #1
20000ef0:	ea4f 5244 	mov.w	r2, r4, lsl #21
20000ef4:	f512 0f80 	cmn.w	r2, #4194304	@ 0x400000
20000ef8:	f080 809a 	bcs.w	20001030 <__adddf3+0x240>
20000efc:	f1bc 4f00 	cmp.w	ip, #2147483648	@ 0x80000000
20000f00:	bf08      	it	eq
20000f02:	ea5f 0c50 	movseq.w	ip, r0, lsr #1
20000f06:	f150 0000 	adcs.w	r0, r0, #0
20000f0a:	eb41 5104 	adc.w	r1, r1, r4, lsl #20
20000f0e:	ea41 0105 	orr.w	r1, r1, r5
20000f12:	bd30      	pop	{r4, r5, pc}
20000f14:	ea5f 0c4c 	movs.w	ip, ip, lsl #1
20000f18:	4140      	adcs	r0, r0
20000f1a:	eb41 0101 	adc.w	r1, r1, r1
20000f1e:	3c01      	subs	r4, #1
20000f20:	bf28      	it	cs
20000f22:	f5b1 1f80 	cmpcs.w	r1, #1048576	@ 0x100000
20000f26:	d2e9      	bcs.n	20000efc <__adddf3+0x10c>
20000f28:	f091 0f00 	teq	r1, #0
20000f2c:	bf04      	itt	eq
20000f2e:	4601      	moveq	r1, r0
20000f30:	2000      	moveq	r0, #0
20000f32:	fab1 f381 	clz	r3, r1
20000f36:	bf08      	it	eq
20000f38:	3320      	addeq	r3, #32
20000f3a:	f1a3 030b 	sub.w	r3, r3, #11
20000f3e:	f1b3 0220 	subs.w	r2, r3, #32
20000f42:	da0c      	bge.n	20000f5e <__adddf3+0x16e>
20000f44:	320c      	adds	r2, #12
20000f46:	dd08      	ble.n	20000f5a <__adddf3+0x16a>
20000f48:	f102 0c14 	add.w	ip, r2, #20
20000f4c:	f1c2 020c 	rsb	r2, r2, #12
20000f50:	fa01 f00c 	lsl.w	r0, r1, ip
20000f54:	fa21 f102 	lsr.w	r1, r1, r2
20000f58:	e00c      	b.n	20000f74 <__adddf3+0x184>
20000f5a:	f102 0214 	add.w	r2, r2, #20
20000f5e:	bfd8      	it	le
20000f60:	f1c2 0c20 	rsble	ip, r2, #32
20000f64:	fa01 f102 	lsl.w	r1, r1, r2
20000f68:	fa20 fc0c 	lsr.w	ip, r0, ip
20000f6c:	bfdc      	itt	le
20000f6e:	ea41 010c 	orrle.w	r1, r1, ip
20000f72:	4090      	lslle	r0, r2
20000f74:	1ae4      	subs	r4, r4, r3
20000f76:	bfa2      	ittt	ge
20000f78:	eb01 5104 	addge.w	r1, r1, r4, lsl #20
20000f7c:	4329      	orrge	r1, r5
20000f7e:	bd30      	popge	{r4, r5, pc}
20000f80:	ea6f 0404 	mvn.w	r4, r4
20000f84:	3c1f      	subs	r4, #31
20000f86:	da1c      	bge.n	20000fc2 <__adddf3+0x1d2>
20000f88:	340c      	adds	r4, #12
20000f8a:	dc0e      	bgt.n	20000faa <__adddf3+0x1ba>
20000f8c:	f104 0414 	add.w	r4, r4, #20
20000f90:	f1c4 0220 	rsb	r2, r4, #32
20000f94:	fa20 f004 	lsr.w	r0, r0, r4
20000f98:	fa01 f302 	lsl.w	r3, r1, r2
20000f9c:	ea40 0003 	orr.w	r0, r0, r3
20000fa0:	fa21 f304 	lsr.w	r3, r1, r4
20000fa4:	ea45 0103 	orr.w	r1, r5, r3
20000fa8:	bd30      	pop	{r4, r5, pc}
20000faa:	f1c4 040c 	rsb	r4, r4, #12
20000fae:	f1c4 0220 	rsb	r2, r4, #32
20000fb2:	fa20 f002 	lsr.w	r0, r0, r2
20000fb6:	fa01 f304 	lsl.w	r3, r1, r4
20000fba:	ea40 0003 	orr.w	r0, r0, r3
20000fbe:	4629      	mov	r1, r5
20000fc0:	bd30      	pop	{r4, r5, pc}
20000fc2:	fa21 f004 	lsr.w	r0, r1, r4
20000fc6:	4629      	mov	r1, r5
20000fc8:	bd30      	pop	{r4, r5, pc}
20000fca:	f094 0f00 	teq	r4, #0
20000fce:	f483 1380 	eor.w	r3, r3, #1048576	@ 0x100000
20000fd2:	bf06      	itte	eq
20000fd4:	f481 1180 	eoreq.w	r1, r1, #1048576	@ 0x100000
20000fd8:	3401      	addeq	r4, #1
20000fda:	3d01      	subne	r5, #1
20000fdc:	e74e      	b.n	20000e7c <__adddf3+0x8c>
20000fde:	ea7f 5c64 	mvns.w	ip, r4, asr #21
20000fe2:	bf18      	it	ne
20000fe4:	ea7f 5c65 	mvnsne.w	ip, r5, asr #21
20000fe8:	d029      	beq.n	2000103e <__adddf3+0x24e>
20000fea:	ea94 0f05 	teq	r4, r5
20000fee:	bf08      	it	eq
20000ff0:	ea90 0f02 	teqeq	r0, r2
20000ff4:	d005      	beq.n	20001002 <__adddf3+0x212>
20000ff6:	ea54 0c00 	orrs.w	ip, r4, r0
20000ffa:	bf04      	itt	eq
20000ffc:	4619      	moveq	r1, r3
20000ffe:	4610      	moveq	r0, r2
20001000:	bd30      	pop	{r4, r5, pc}
20001002:	ea91 0f03 	teq	r1, r3
20001006:	bf1e      	ittt	ne
20001008:	2100      	movne	r1, #0
2000100a:	2000      	movne	r0, #0
2000100c:	bd30      	popne	{r4, r5, pc}
2000100e:	ea5f 5c54 	movs.w	ip, r4, lsr #21
20001012:	d105      	bne.n	20001020 <__adddf3+0x230>
20001014:	0040      	lsls	r0, r0, #1
20001016:	4149      	adcs	r1, r1
20001018:	bf28      	it	cs
2000101a:	f041 4100 	orrcs.w	r1, r1, #2147483648	@ 0x80000000
2000101e:	bd30      	pop	{r4, r5, pc}
20001020:	f514 0480 	adds.w	r4, r4, #4194304	@ 0x400000
20001024:	bf3c      	itt	cc
20001026:	f501 1180 	addcc.w	r1, r1, #1048576	@ 0x100000
2000102a:	bd30      	popcc	{r4, r5, pc}
2000102c:	f001 4500 	and.w	r5, r1, #2147483648	@ 0x80000000
20001030:	f045 41fe 	orr.w	r1, r5, #2130706432	@ 0x7f000000
20001034:	f441 0170 	orr.w	r1, r1, #15728640	@ 0xf00000
20001038:	f04f 0000 	mov.w	r0, #0
2000103c:	bd30      	pop	{r4, r5, pc}
2000103e:	ea7f 5c64 	mvns.w	ip, r4, asr #21
20001042:	bf1a      	itte	ne
20001044:	4619      	movne	r1, r3
20001046:	4610      	movne	r0, r2
20001048:	ea7f 5c65 	mvnseq.w	ip, r5, asr #21
2000104c:	bf1c      	itt	ne
2000104e:	460b      	movne	r3, r1
20001050:	4602      	movne	r2, r0
20001052:	ea50 3401 	orrs.w	r4, r0, r1, lsl #12
20001056:	bf06      	itte	eq
20001058:	ea52 3503 	orrseq.w	r5, r2, r3, lsl #12
2000105c:	ea91 0f03 	teqeq	r1, r3
20001060:	f441 2100 	orrne.w	r1, r1, #524288	@ 0x80000
20001064:	bd30      	pop	{r4, r5, pc}
20001066:	bf00      	nop

20001068 <__aeabi_ui2d>:
20001068:	f090 0f00 	teq	r0, #0
2000106c:	bf04      	itt	eq
2000106e:	2100      	moveq	r1, #0
20001070:	4770      	bxeq	lr
20001072:	b530      	push	{r4, r5, lr}
20001074:	f44f 6480 	mov.w	r4, #1024	@ 0x400
20001078:	f104 0432 	add.w	r4, r4, #50	@ 0x32
2000107c:	f04f 0500 	mov.w	r5, #0
20001080:	f04f 0100 	mov.w	r1, #0
20001084:	e750      	b.n	20000f28 <__adddf3+0x138>
20001086:	bf00      	nop

20001088 <__aeabi_i2d>:
20001088:	f090 0f00 	teq	r0, #0
2000108c:	bf04      	itt	eq
2000108e:	2100      	moveq	r1, #0
20001090:	4770      	bxeq	lr
20001092:	b530      	push	{r4, r5, lr}
20001094:	f44f 6480 	mov.w	r4, #1024	@ 0x400
20001098:	f104 0432 	add.w	r4, r4, #50	@ 0x32
2000109c:	f010 4500 	ands.w	r5, r0, #2147483648	@ 0x80000000
200010a0:	bf48      	it	mi
200010a2:	4240      	negmi	r0, r0
200010a4:	f04f 0100 	mov.w	r1, #0
200010a8:	e73e      	b.n	20000f28 <__adddf3+0x138>
200010aa:	bf00      	nop

200010ac <__aeabi_f2d>:
200010ac:	0042      	lsls	r2, r0, #1
200010ae:	ea4f 01e2 	mov.w	r1, r2, asr #3
200010b2:	ea4f 0131 	mov.w	r1, r1, rrx
200010b6:	ea4f 7002 	mov.w	r0, r2, lsl #28
200010ba:	bf1f      	itttt	ne
200010bc:	f012 437f 	andsne.w	r3, r2, #4278190080	@ 0xff000000
200010c0:	f093 4f7f 	teqne	r3, #4278190080	@ 0xff000000
200010c4:	f081 5160 	eorne.w	r1, r1, #939524096	@ 0x38000000
200010c8:	4770      	bxne	lr
200010ca:	f032 427f 	bics.w	r2, r2, #4278190080	@ 0xff000000
200010ce:	bf08      	it	eq
200010d0:	4770      	bxeq	lr
200010d2:	f093 4f7f 	teq	r3, #4278190080	@ 0xff000000
200010d6:	bf04      	itt	eq
200010d8:	f441 2100 	orreq.w	r1, r1, #524288	@ 0x80000
200010dc:	4770      	bxeq	lr
200010de:	b530      	push	{r4, r5, lr}
200010e0:	f44f 7460 	mov.w	r4, #896	@ 0x380
200010e4:	f001 4500 	and.w	r5, r1, #2147483648	@ 0x80000000
200010e8:	f021 4100 	bic.w	r1, r1, #2147483648	@ 0x80000000
200010ec:	e71c      	b.n	20000f28 <__adddf3+0x138>
200010ee:	bf00      	nop

200010f0 <__aeabi_ul2d>:
200010f0:	ea50 0201 	orrs.w	r2, r0, r1
200010f4:	bf08      	it	eq
200010f6:	4770      	bxeq	lr
200010f8:	b530      	push	{r4, r5, lr}
200010fa:	f04f 0500 	mov.w	r5, #0
200010fe:	e00a      	b.n	20001116 <__aeabi_l2d+0x16>

20001100 <__aeabi_l2d>:
20001100:	ea50 0201 	orrs.w	r2, r0, r1
20001104:	bf08      	it	eq
20001106:	4770      	bxeq	lr
20001108:	b530      	push	{r4, r5, lr}
2000110a:	f011 4500 	ands.w	r5, r1, #2147483648	@ 0x80000000
2000110e:	d502      	bpl.n	20001116 <__aeabi_l2d+0x16>
20001110:	4240      	negs	r0, r0
20001112:	eb61 0141 	sbc.w	r1, r1, r1, lsl #1
20001116:	f44f 6480 	mov.w	r4, #1024	@ 0x400
2000111a:	f104 0432 	add.w	r4, r4, #50	@ 0x32
2000111e:	ea5f 5c91 	movs.w	ip, r1, lsr #22
20001122:	f43f aed8 	beq.w	20000ed6 <__adddf3+0xe6>
20001126:	f04f 0203 	mov.w	r2, #3
2000112a:	ea5f 0cdc 	movs.w	ip, ip, lsr #3
2000112e:	bf18      	it	ne
20001130:	3203      	addne	r2, #3
20001132:	ea5f 0cdc 	movs.w	ip, ip, lsr #3
20001136:	bf18      	it	ne
20001138:	3203      	addne	r2, #3
2000113a:	eb02 02dc 	add.w	r2, r2, ip, lsr #3
2000113e:	f1c2 0320 	rsb	r3, r2, #32
20001142:	fa00 fc03 	lsl.w	ip, r0, r3
20001146:	fa20 f002 	lsr.w	r0, r0, r2
2000114a:	fa01 fe03 	lsl.w	lr, r1, r3
2000114e:	ea40 000e 	orr.w	r0, r0, lr
20001152:	fa21 f102 	lsr.w	r1, r1, r2
20001156:	4414      	add	r4, r2
20001158:	e6bd      	b.n	20000ed6 <__adddf3+0xe6>
2000115a:	bf00      	nop

2000115c <__aeabi_uldivmod>:
2000115c:	b953      	cbnz	r3, 20001174 <__aeabi_uldivmod+0x18>
2000115e:	b94a      	cbnz	r2, 20001174 <__aeabi_uldivmod+0x18>
20001160:	2900      	cmp	r1, #0
20001162:	bf08      	it	eq
20001164:	2800      	cmpeq	r0, #0
20001166:	bf1c      	itt	ne
20001168:	f04f 31ff 	movne.w	r1, #4294967295	@ 0xffffffff
2000116c:	f04f 30ff 	movne.w	r0, #4294967295	@ 0xffffffff
20001170:	f000 b9ac 	b.w	200014cc <__aeabi_idiv0>
20001174:	f1ad 0c08 	sub.w	ip, sp, #8
20001178:	e96d ce04 	strd	ip, lr, [sp, #-16]!
2000117c:	f000 f806 	bl	2000118c <__udivmoddi4>
20001180:	f8dd e004 	ldr.w	lr, [sp, #4]
20001184:	e9dd 2302 	ldrd	r2, r3, [sp, #8]
20001188:	b004      	add	sp, #16
2000118a:	4770      	bx	lr

2000118c <__udivmoddi4>:
2000118c:	e92d 47f0 	stmdb	sp!, {r4, r5, r6, r7, r8, r9, sl, lr}
20001190:	4606      	mov	r6, r0
20001192:	b082      	sub	sp, #8
20001194:	4617      	mov	r7, r2
20001196:	4608      	mov	r0, r1
20001198:	9a0a      	ldr	r2, [sp, #40]	@ 0x28
2000119a:	46b4      	mov	ip, r6
2000119c:	460d      	mov	r5, r1
2000119e:	2b00      	cmp	r3, #0
200011a0:	d14d      	bne.n	2000123e <__udivmoddi4+0xb2>
200011a2:	428f      	cmp	r7, r1
200011a4:	46be      	mov	lr, r7
200011a6:	d965      	bls.n	20001274 <__udivmoddi4+0xe8>
200011a8:	fab7 f187 	clz	r1, r7
200011ac:	b149      	cbz	r1, 200011c2 <__udivmoddi4+0x36>
200011ae:	f1c1 0320 	rsb	r3, r1, #32
200011b2:	408d      	lsls	r5, r1
200011b4:	fa07 fe01 	lsl.w	lr, r7, r1
200011b8:	fa06 fc01 	lsl.w	ip, r6, r1
200011bc:	fa26 f303 	lsr.w	r3, r6, r3
200011c0:	431d      	orrs	r5, r3
200011c2:	ea4f 461e 	mov.w	r6, lr, lsr #16
200011c6:	fa1f f08e 	uxth.w	r0, lr
200011ca:	ea4f 431c 	mov.w	r3, ip, lsr #16
200011ce:	fbb5 f4f6 	udiv	r4, r5, r6
200011d2:	fb06 5514 	mls	r5, r6, r4, r5
200011d6:	ea43 4305 	orr.w	r3, r3, r5, lsl #16
200011da:	fb04 f500 	mul.w	r5, r4, r0
200011de:	429d      	cmp	r5, r3
200011e0:	d906      	bls.n	200011f0 <__udivmoddi4+0x64>
200011e2:	eb1e 0303 	adds.w	r3, lr, r3
200011e6:	d202      	bcs.n	200011ee <__udivmoddi4+0x62>
200011e8:	429d      	cmp	r5, r3
200011ea:	f200 814c 	bhi.w	20001486 <__udivmoddi4+0x2fa>
200011ee:	3c01      	subs	r4, #1
200011f0:	1b5b      	subs	r3, r3, r5
200011f2:	fa1f fc8c 	uxth.w	ip, ip
200011f6:	fbb3 f5f6 	udiv	r5, r3, r6
200011fa:	fb06 3315 	mls	r3, r6, r5, r3
200011fe:	fb05 f000 	mul.w	r0, r5, r0
20001202:	ea4c 4c03 	orr.w	ip, ip, r3, lsl #16
20001206:	4560      	cmp	r0, ip
20001208:	d90a      	bls.n	20001220 <__udivmoddi4+0x94>
2000120a:	eb1e 0c0c 	adds.w	ip, lr, ip
2000120e:	bf2c      	ite	cs
20001210:	2301      	movcs	r3, #1
20001212:	2300      	movcc	r3, #0
20001214:	4560      	cmp	r0, ip
20001216:	d902      	bls.n	2000121e <__udivmoddi4+0x92>
20001218:	2b00      	cmp	r3, #0
2000121a:	f000 8137 	beq.w	2000148c <__udivmoddi4+0x300>
2000121e:	3d01      	subs	r5, #1
20001220:	ebac 0c00 	sub.w	ip, ip, r0
20001224:	ea45 4004 	orr.w	r0, r5, r4, lsl #16
20001228:	2400      	movs	r4, #0
2000122a:	b122      	cbz	r2, 20001236 <__udivmoddi4+0xaa>
2000122c:	fa2c f301 	lsr.w	r3, ip, r1
20001230:	2100      	movs	r1, #0
20001232:	e9c2 3100 	strd	r3, r1, [r2]
20001236:	4621      	mov	r1, r4
20001238:	b002      	add	sp, #8
2000123a:	e8bd 87f0 	ldmia.w	sp!, {r4, r5, r6, r7, r8, r9, sl, pc}
2000123e:	428b      	cmp	r3, r1
20001240:	d908      	bls.n	20001254 <__udivmoddi4+0xc8>
20001242:	b10a      	cbz	r2, 20001248 <__udivmoddi4+0xbc>
20001244:	e9c2 6100 	strd	r6, r1, [r2]
20001248:	2400      	movs	r4, #0
2000124a:	4620      	mov	r0, r4
2000124c:	4621      	mov	r1, r4
2000124e:	b002      	add	sp, #8
20001250:	e8bd 87f0 	ldmia.w	sp!, {r4, r5, r6, r7, r8, r9, sl, pc}
20001254:	fab3 f483 	clz	r4, r3
20001258:	2c00      	cmp	r4, #0
2000125a:	d14d      	bne.n	200012f8 <__udivmoddi4+0x16c>
2000125c:	428b      	cmp	r3, r1
2000125e:	f0c0 8105 	bcc.w	2000146c <__udivmoddi4+0x2e0>
20001262:	42b7      	cmp	r7, r6
20001264:	f240 8102 	bls.w	2000146c <__udivmoddi4+0x2e0>
20001268:	4620      	mov	r0, r4
2000126a:	2a00      	cmp	r2, #0
2000126c:	d0e3      	beq.n	20001236 <__udivmoddi4+0xaa>
2000126e:	e9c2 c500 	strd	ip, r5, [r2]
20001272:	e7e0      	b.n	20001236 <__udivmoddi4+0xaa>
20001274:	2f00      	cmp	r7, #0
20001276:	f000 80a2 	beq.w	200013be <__udivmoddi4+0x232>
2000127a:	4619      	mov	r1, r3
2000127c:	fab7 f387 	clz	r3, r7
20001280:	2b00      	cmp	r3, #0
20001282:	f040 80b4 	bne.w	200013ee <__udivmoddi4+0x262>
20001286:	1bc3      	subs	r3, r0, r7
20001288:	fa1f f88e 	uxth.w	r8, lr
2000128c:	0c3f      	lsrs	r7, r7, #16
2000128e:	2401      	movs	r4, #1
20001290:	ea4f 401c 	mov.w	r0, ip, lsr #16
20001294:	fbb3 f5f7 	udiv	r5, r3, r7
20001298:	fb07 3315 	mls	r3, r7, r5, r3
2000129c:	ea40 4303 	orr.w	r3, r0, r3, lsl #16
200012a0:	fb08 f005 	mul.w	r0, r8, r5
200012a4:	4298      	cmp	r0, r3
200012a6:	d90a      	bls.n	200012be <__udivmoddi4+0x132>
200012a8:	eb1e 0303 	adds.w	r3, lr, r3
200012ac:	bf2c      	ite	cs
200012ae:	2601      	movcs	r6, #1
200012b0:	2600      	movcc	r6, #0
200012b2:	4298      	cmp	r0, r3
200012b4:	d902      	bls.n	200012bc <__udivmoddi4+0x130>
200012b6:	2e00      	cmp	r6, #0
200012b8:	f000 80e2 	beq.w	20001480 <__udivmoddi4+0x2f4>
200012bc:	3d01      	subs	r5, #1
200012be:	1a1b      	subs	r3, r3, r0
200012c0:	fa1f fc8c 	uxth.w	ip, ip
200012c4:	fbb3 f0f7 	udiv	r0, r3, r7
200012c8:	fb07 3310 	mls	r3, r7, r0, r3
200012cc:	ea4c 4c03 	orr.w	ip, ip, r3, lsl #16
200012d0:	fb08 f300 	mul.w	r3, r8, r0
200012d4:	4563      	cmp	r3, ip
200012d6:	d90a      	bls.n	200012ee <__udivmoddi4+0x162>
200012d8:	eb1e 0c0c 	adds.w	ip, lr, ip
200012dc:	bf2c      	ite	cs
200012de:	2601      	movcs	r6, #1
200012e0:	2600      	movcc	r6, #0
200012e2:	4563      	cmp	r3, ip
200012e4:	d902      	bls.n	200012ec <__udivmoddi4+0x160>
200012e6:	2e00      	cmp	r6, #0
200012e8:	f000 80c7 	beq.w	2000147a <__udivmoddi4+0x2ee>
200012ec:	3801      	subs	r0, #1
200012ee:	ebac 0c03 	sub.w	ip, ip, r3
200012f2:	ea40 4005 	orr.w	r0, r0, r5, lsl #16
200012f6:	e798      	b.n	2000122a <__udivmoddi4+0x9e>
200012f8:	f1c4 0820 	rsb	r8, r4, #32
200012fc:	40a3      	lsls	r3, r4
200012fe:	fa06 fa04 	lsl.w	sl, r6, r4
20001302:	40a1      	lsls	r1, r4
20001304:	fa27 fc08 	lsr.w	ip, r7, r8
20001308:	fa20 f008 	lsr.w	r0, r0, r8
2000130c:	fa07 f904 	lsl.w	r9, r7, r4
20001310:	ea4c 0c03 	orr.w	ip, ip, r3
20001314:	fa26 f308 	lsr.w	r3, r6, r8
20001318:	ea4f 461c 	mov.w	r6, ip, lsr #16
2000131c:	430b      	orrs	r3, r1
2000131e:	fa1f fe8c 	uxth.w	lr, ip
20001322:	0c19      	lsrs	r1, r3, #16
20001324:	fbb0 f7f6 	udiv	r7, r0, r6
20001328:	fb06 0017 	mls	r0, r6, r7, r0
2000132c:	ea41 4100 	orr.w	r1, r1, r0, lsl #16
20001330:	fb07 f00e 	mul.w	r0, r7, lr
20001334:	4288      	cmp	r0, r1
20001336:	d90a      	bls.n	2000134e <__udivmoddi4+0x1c2>
20001338:	eb1c 0101 	adds.w	r1, ip, r1
2000133c:	bf2c      	ite	cs
2000133e:	2501      	movcs	r5, #1
20001340:	2500      	movcc	r5, #0
20001342:	4288      	cmp	r0, r1
20001344:	d902      	bls.n	2000134c <__udivmoddi4+0x1c0>
20001346:	2d00      	cmp	r5, #0
20001348:	f000 80b2 	beq.w	200014b0 <__udivmoddi4+0x324>
2000134c:	3f01      	subs	r7, #1
2000134e:	1a09      	subs	r1, r1, r0
20001350:	b29b      	uxth	r3, r3
20001352:	fbb1 f0f6 	udiv	r0, r1, r6
20001356:	fb06 1110 	mls	r1, r6, r0, r1
2000135a:	fb00 fe0e 	mul.w	lr, r0, lr
2000135e:	ea43 4301 	orr.w	r3, r3, r1, lsl #16
20001362:	459e      	cmp	lr, r3
20001364:	d90a      	bls.n	2000137c <__udivmoddi4+0x1f0>
20001366:	eb1c 0303 	adds.w	r3, ip, r3
2000136a:	bf2c      	ite	cs
2000136c:	2101      	movcs	r1, #1
2000136e:	2100      	movcc	r1, #0
20001370:	459e      	cmp	lr, r3
20001372:	d902      	bls.n	2000137a <__udivmoddi4+0x1ee>
20001374:	2900      	cmp	r1, #0
20001376:	f000 809e 	beq.w	200014b6 <__udivmoddi4+0x32a>
2000137a:	3801      	subs	r0, #1
2000137c:	ea40 4007 	orr.w	r0, r0, r7, lsl #16
20001380:	eba3 030e 	sub.w	r3, r3, lr
20001384:	fba0 e109 	umull	lr, r1, r0, r9
20001388:	428b      	cmp	r3, r1
2000138a:	4676      	mov	r6, lr
2000138c:	460f      	mov	r7, r1
2000138e:	d302      	bcc.n	20001396 <__udivmoddi4+0x20a>
20001390:	d107      	bne.n	200013a2 <__udivmoddi4+0x216>
20001392:	45f2      	cmp	sl, lr
20001394:	d205      	bcs.n	200013a2 <__udivmoddi4+0x216>
20001396:	ebbe 0609 	subs.w	r6, lr, r9
2000139a:	eb61 010c 	sbc.w	r1, r1, ip
2000139e:	3801      	subs	r0, #1
200013a0:	460f      	mov	r7, r1
200013a2:	b152      	cbz	r2, 200013ba <__udivmoddi4+0x22e>
200013a4:	ebba 0106 	subs.w	r1, sl, r6
200013a8:	eb63 0307 	sbc.w	r3, r3, r7
200013ac:	fa03 f508 	lsl.w	r5, r3, r8
200013b0:	40e1      	lsrs	r1, r4
200013b2:	40e3      	lsrs	r3, r4
200013b4:	430d      	orrs	r5, r1
200013b6:	e9c2 5300 	strd	r5, r3, [r2]
200013ba:	2400      	movs	r4, #0
200013bc:	e73b      	b.n	20001236 <__udivmoddi4+0xaa>
200013be:	0873      	lsrs	r3, r6, #1
200013c0:	46b8      	mov	r8, r7
200013c2:	0849      	lsrs	r1, r1, #1
200013c4:	9701      	str	r7, [sp, #4]
200013c6:	ea43 73c0 	orr.w	r3, r3, r0, lsl #31
200013ca:	ea4f 7cc6 	mov.w	ip, r6, lsl #31
200013ce:	0c1c      	lsrs	r4, r3, #16
200013d0:	b29b      	uxth	r3, r3
200013d2:	ea44 4401 	orr.w	r4, r4, r1, lsl #16
200013d6:	ea43 4304 	orr.w	r3, r3, r4, lsl #16
200013da:	fbb4 f4f7 	udiv	r4, r4, r7
200013de:	fbb1 f5f7 	udiv	r5, r1, r7
200013e2:	211f      	movs	r1, #31
200013e4:	9801      	ldr	r0, [sp, #4]
200013e6:	ea44 4405 	orr.w	r4, r4, r5, lsl #16
200013ea:	1a1b      	subs	r3, r3, r0
200013ec:	e750      	b.n	20001290 <__udivmoddi4+0x104>
200013ee:	4619      	mov	r1, r3
200013f0:	fa07 fe03 	lsl.w	lr, r7, r3
200013f4:	f1c3 0320 	rsb	r3, r3, #32
200013f8:	fa00 f401 	lsl.w	r4, r0, r1
200013fc:	ea4f 471e 	mov.w	r7, lr, lsr #16
20001400:	40d8      	lsrs	r0, r3
20001402:	fa26 f303 	lsr.w	r3, r6, r3
20001406:	fa1f f88e 	uxth.w	r8, lr
2000140a:	fa06 fc01 	lsl.w	ip, r6, r1
2000140e:	4323      	orrs	r3, r4
20001410:	fbb0 f5f7 	udiv	r5, r0, r7
20001414:	0c1c      	lsrs	r4, r3, #16
20001416:	fb07 0015 	mls	r0, r7, r5, r0
2000141a:	ea44 4000 	orr.w	r0, r4, r0, lsl #16
2000141e:	fb05 f408 	mul.w	r4, r5, r8
20001422:	4284      	cmp	r4, r0
20001424:	d94a      	bls.n	200014bc <__udivmoddi4+0x330>
20001426:	eb1e 0000 	adds.w	r0, lr, r0
2000142a:	bf2c      	ite	cs
2000142c:	2601      	movcs	r6, #1
2000142e:	2600      	movcc	r6, #0
20001430:	4284      	cmp	r4, r0
20001432:	d900      	bls.n	20001436 <__udivmoddi4+0x2aa>
20001434:	b38e      	cbz	r6, 2000149a <__udivmoddi4+0x30e>
20001436:	1b00      	subs	r0, r0, r4
20001438:	3d01      	subs	r5, #1
2000143a:	fbb0 f4f7 	udiv	r4, r0, r7
2000143e:	fb04 f608 	mul.w	r6, r4, r8
20001442:	46a1      	mov	r9, r4
20001444:	9601      	str	r6, [sp, #4]
20001446:	fb07 0019 	mls	r0, r7, r9, r0
2000144a:	b29b      	uxth	r3, r3
2000144c:	9e01      	ldr	r6, [sp, #4]
2000144e:	ea43 4300 	orr.w	r3, r3, r0, lsl #16
20001452:	42b3      	cmp	r3, r6
20001454:	d2c6      	bcs.n	200013e4 <__udivmoddi4+0x258>
20001456:	eb1e 0303 	adds.w	r3, lr, r3
2000145a:	bf2c      	ite	cs
2000145c:	2001      	movcs	r0, #1
2000145e:	2000      	movcc	r0, #0
20001460:	42b3      	cmp	r3, r6
20001462:	d200      	bcs.n	20001466 <__udivmoddi4+0x2da>
20001464:	b1a8      	cbz	r0, 20001492 <__udivmoddi4+0x306>
20001466:	f109 34ff 	add.w	r4, r9, #4294967295	@ 0xffffffff
2000146a:	e7bb      	b.n	200013e4 <__udivmoddi4+0x258>
2000146c:	ebb6 0c07 	subs.w	ip, r6, r7
20001470:	eb60 0303 	sbc.w	r3, r0, r3
20001474:	2001      	movs	r0, #1
20001476:	461d      	mov	r5, r3
20001478:	e6f7      	b.n	2000126a <__udivmoddi4+0xde>
2000147a:	44f4      	add	ip, lr
2000147c:	3802      	subs	r0, #2
2000147e:	e736      	b.n	200012ee <__udivmoddi4+0x162>
20001480:	3d02      	subs	r5, #2
20001482:	4473      	add	r3, lr
20001484:	e71b      	b.n	200012be <__udivmoddi4+0x132>
20001486:	3c02      	subs	r4, #2
20001488:	4473      	add	r3, lr
2000148a:	e6b1      	b.n	200011f0 <__udivmoddi4+0x64>
2000148c:	44f4      	add	ip, lr
2000148e:	3d02      	subs	r5, #2
20001490:	e6c6      	b.n	20001220 <__udivmoddi4+0x94>
20001492:	f1a9 0402 	sub.w	r4, r9, #2
20001496:	4473      	add	r3, lr
20001498:	e7a4      	b.n	200013e4 <__udivmoddi4+0x258>
2000149a:	ebae 0404 	sub.w	r4, lr, r4
2000149e:	3d02      	subs	r5, #2
200014a0:	4420      	add	r0, r4
200014a2:	fbb0 f4f7 	udiv	r4, r0, r7
200014a6:	fb04 f608 	mul.w	r6, r4, r8
200014aa:	46a1      	mov	r9, r4
200014ac:	9601      	str	r6, [sp, #4]
200014ae:	e7ca      	b.n	20001446 <__udivmoddi4+0x2ba>
200014b0:	3f02      	subs	r7, #2
200014b2:	4461      	add	r1, ip
200014b4:	e74b      	b.n	2000134e <__udivmoddi4+0x1c2>
200014b6:	3802      	subs	r0, #2
200014b8:	4463      	add	r3, ip
200014ba:	e75f      	b.n	2000137c <__udivmoddi4+0x1f0>
200014bc:	1b00      	subs	r0, r0, r4
200014be:	fbb0 f4f7 	udiv	r4, r0, r7
200014c2:	fb04 f608 	mul.w	r6, r4, r8
200014c6:	46a1      	mov	r9, r4
200014c8:	9601      	str	r6, [sp, #4]
200014ca:	e7bc      	b.n	20001446 <__udivmoddi4+0x2ba>

200014cc <__aeabi_idiv0>:
200014cc:	4770      	bx	lr
200014ce:	bf00      	nop

200014d0 <__best_effort_wfe_or_timeout_veneer>:
200014d0:	f85f f000 	ldr.w	pc, [pc]	@ 200014d4 <__best_effort_wfe_or_timeout_veneer+0x4>
200014d4:	100013c9 	.word	0x100013c9

200014d8 <__tud_event_hook_cb_veneer>:
200014d8:	f85f f000 	ldr.w	pc, [pc]	@ 200014dc <__tud_event_hook_cb_veneer+0x4>
200014dc:	10004315 	.word	0x10004315

200014e0 <__time_us_64_veneer>:
200014e0:	f85f f000 	ldr.w	pc, [pc]	@ 200014e4 <__time_us_64_veneer+0x4>
200014e4:	10001511 	.word	0x10001511

200014e8 <__memset_veneer>:
200014e8:	f85f f000 	ldr.w	pc, [pc]	@ 200014ec <__memset_veneer+0x4>
200014ec:	10005ded 	.word	0x10005ded

200014f0 <__panic_veneer>:
200014f0:	f85f f000 	ldr.w	pc, [pc]	@ 200014f4 <__panic_veneer+0x4>
200014f4:	100006c5 	.word	0x100006c5

200014f8 <__tu_fifo_write_veneer>:
200014f8:	f85f f000 	ldr.w	pc, [pc]	@ 200014fc <__tu_fifo_write_veneer+0x4>
200014fc:	10005955 	.word	0x10005955

20001500 <striped_spin_lock_num>:
20001500:	00000010                                ....

20001504 <irq_handler_chain_slots>:
20001504:	00000000 	.word	0x00000000
20001508:	00010000 	.word	0x00010000
	...
20001514:	00020000 	.word	0x00020000
	...
20001520:	00030000 	.word	0x00030000
	...
2000152c:	00040000 	.word	0x00040000
	...
20001538:	00050000 	.word	0x00050000
	...
20001544:	00ff0000 	.word	0x00ff0000
20001548:	00000000 	.word	0x00000000

2000154c <irq_handler_chain_first_slot>:
2000154c:	b501      	push	{r0, lr}
2000154e:	6848      	ldr	r0, [r1, #4]
20001550:	3101      	adds	r1, #1
20001552:	468e      	mov	lr, r1
20001554:	4700      	bx	r0

20001556 <irq_handler_chain_remove_tail>:
20001556:	4670      	mov	r0, lr
20001558:	3809      	subs	r0, #9
2000155a:	4901      	ldr	r1, [pc, #4]	@ (20001560 <irq_handler_chain_remove_tail+0xa>)
2000155c:	4788      	blx	r1
2000155e:	bd01      	pop	{r0, pc}
20001560:	10000b21 	.word	0x10000b21

20001564 <default_alarm_pool>:
	...
20001578:	20001698                                ... 

2000157c <stdio_usb>:
2000157c:	100039a9 10003955 100038cd 1000383d     .9..U9...8..=8..
2000158c:	00000000 00000100                       ........

20001594 <_usbd_qdef>:
20001594:	20001984 000c0010 00000000 00000000     ... ............
	...

200015b0 <_usbd_rhport>:
200015b0:	000000ff                                ....

200015b4 <i2c1_inst>:
200015b4:	40098000 00000000                       ...@....

200015bc <i2c0_inst>:
200015bc:	40090000 00000000                       ...@....

200015c4 <print_mutex>:
	...
